Name,Term,ES,NES,NOM p-val,FDR q-val,FWER p-val,Tag %,Gene %,Lead_genes
prerank,Phagosome,4.928115e-01,2.382519e+00,0.000000e+00,0.000000e+00,0.000000e+00,54/127,24.07%,THBS4;ITGB2;TUBB2B;COMP;COLEC12;ATP6V0A4;C3;ATP6V0E1;CYBB;TUBB3;FCGR2A;CYBA;SEC22B;HLA-DQB1;DYNC1I2;ITGB5;FCGR3A;THBS1;HLA-DMA;LAMP1;THBS2;HLA-DOA;HLA-DRB5;COLEC11;HLA-DRB1;TCIRG1;TUBA1C;HLA-DRB4;HLA-DMB;CD14;CALR;TLR4;ITGA5;HLA-G;HLA-DOB;HLA-DRA;HLA-DPA1;TUBB4B;SEC61A1;TUBB4A;ATP6V0B;HLA-F;CTSS;SCARB1;ITGAM;TUBB6;HLA-DRB3;DYNC1LI2;MARCO;LAMP2;HLA-E;HLA-C;SEC61B;TLR2
prerank,Staphylococcus aureus infection,5.716975e-01,2.249063e+00,0.000000e+00,0.000000e+00,0.000000e+00,28/43,22.10%,ITGB2;C3;SELPLG;FCGR2A;C1QC;HLA-DQB1;C1QB;C1QA;FCGR3A;MASP1;HLA-DMA;FPR1;HLA-DOA;HLA-DRB5;HLA-DRB1;HLA-DRB4;HLA-DMB;C1S;KRT19;HLA-DOB;HLA-DRA;C3AR1;HLA-DPA1;ITGAM;HLA-DRB3;KRT9;DEFB1;CFD
prerank,Hematopoietic cell lineage,5.190108e-01,2.176467e+00,0.000000e+00,4.605332e-04,1.000000e-03,38/60,28.55%,CD38;CD3D;CSF1R;HLA-DQB1;ITGA1;CD33;HLA-DMA;IL3RA;HLA-DOA;HLA-DRB5;HLA-DRB1;CD3E;HLA-DRB4;HLA-DMB;CD37;IL4R;CD14;CD44;ITGA5;CD4;CD55;CD34;CD2;HLA-DOB;HLA-DRA;HLA-DPA1;CD8B;ITGA6;CSF2RA;ITGAM;HLA-DRB3;GP9;IL9R;FLT3LG;FCER2;CD9;CD7;KIT
prerank,Autoimmune thyroid disease,6.200591e-01,2.172602e+00,0.000000e+00,3.453999e-04,1.000000e-03,21/26,30.23%,HLA-DQB1;HLA-DMA;HLA-DOA;HLA-DRB5;HLA-DRB1;HLA-DRB4;HLA-DMB;HLA-G;HLA-DOB;HLA-DRA;HLA-DPA1;HLA-F;HLA-DRB3;TSHB;HLA-E;HLA-C;PRF1;HLA-A;CD86;TPO;CD40
prerank,Fatty acid degradation,5.984808e-01,2.166356e+00,0.000000e+00,2.763199e-04,1.000000e-03,21/33,26.82%,ALDH9A1;CPT1A;ACAA2;ACSL4;ACSBG1;CPT2;ACADVL;ECI2;HADHB;ALDH2;ACOX1;ALDH3A2;ACAA1;ADH5;ECI1;HADHA;GCDH;ALDH7A1;HADH;ADH1C;ACSL1
prerank,Graft-versus-host disease,6.230806e-01,2.153868e+00,0.000000e+00,4.605332e-04,2.000000e-03,18/25,26.39%,KLRC1;HLA-DQB1;HLA-DMA;HLA-DOA;HLA-DRB5;HLA-DRB1;HLA-DRB4;HLA-DMB;HLA-G;HLA-DOB;HLA-DRA;HLA-DPA1;HLA-F;HLA-DRB3;HLA-E;HLA-C;PRF1;HLA-A
prerank,Asthma,7.064891e-01,2.116033e+00,0.000000e+00,1.184228e-03,6.000000e-03,11/15,15.51%,HLA-DQB1;HLA-DMA;HLA-DOA;HLA-DRB5;FCER1G;HLA-DRB1;HLA-DRB4;HLA-DMB;HLA-DOB;HLA-DRA;HLA-DPA1
prerank,beta-Alanine metabolism,6.275831e-01,2.072629e+00,0.000000e+00,1.381600e-03,8.000000e-03,14/23,22.42%,ALDH9A1;HIBCH;SMOX;CNDP2;ALDH2;MLYCD;ACOX1;ALDH3A2;ALDH6A1;HADHA;AOC3;ALDH3B1;ALDH7A1;DPYD
prerank,Cell adhesion molecules,4.342606e-01,2.055853e+00,0.000000e+00,1.381600e-03,9.000000e-03,51/113,20.81%,ITGB7;ITGB2;MPZL1;PTPRC;GLG1;SELPLG;VSIR;ICAM3;HLA-DQB1;CD99;NFASC;ITGB8;CD226;HLA-DMA;NEO1;CDH1;SPN;HLA-DOA;CADM1;HLA-DRB5;HLA-DRB1;CLDN14;PTPRM;PECAM1;HLA-DRB4;HLA-DMB;VCAN;PTPRF;ICOSLG;SDC2;NECTIN2;CD4;HLA-G;CD58;CD34;NLGN3;CD2;JAM3;HLA-DOB;HLA-DRA;HLA-DPA1;SDC3;CD8B;ITGA6;CNTN2;HLA-F;CLDN11;MAG;ITGAM;CLDN3;HLA-DRB3
prerank,Allograft rejection,6.042825e-01,2.053465e+00,0.000000e+00,1.243440e-03,9.000000e-03,19/24,30.23%,HLA-DQB1;HLA-DMA;HLA-DOA;HLA-DRB5;HLA-DRB1;HLA-DRB4;HLA-DMB;HLA-G;HLA-DOB;HLA-DRA;HLA-DPA1;HLA-F;HLA-DRB3;HLA-E;HLA-C;PRF1;HLA-A;CD86;CD40
prerank,Antigen processing and presentation,5.010926e-01,2.047545e+00,0.000000e+00,1.256000e-03,1.000000e-02,34/57,24.69%,KLRC2;KLRC1;KLRC3;IFI30;HLA-DQB1;RFXANK;HLA-DMA;HLA-DOA;HLA-DRB5;HLA-DRB1;HSPA5;PSME1;HLA-DRB4;HLA-DMB;HSPA4;CALR;CD4;HLA-G;PDIA3;CD74;HLA-DOB;HLA-DRA;HLA-DPA1;PSME2;CD8B;HLA-F;CTSS;HSPA6;HLA-DRB3;B2M;HLA-E;HLA-C;HSPA2;HSPA1A
prerank,Viral myocarditis,5.014487e-01,2.027455e+00,0.000000e+00,1.727000e-03,1.400000e-02,33/50,32.17%,LAMA1;ITGB2;RAC2;HLA-DQB1;HLA-DMA;HLA-DOA;HLA-DRB5;HLA-DRB1;HLA-DRB4;HLA-DMB;SGCA;SGCB;HLA-G;CD55;HLA-DOB;HLA-DRA;HLA-DPA1;MYH7;HLA-F;HLA-DRB3;RAC3;FYN;HLA-E;HLA-C;PRF1;CASP8;HLA-A;CASP9;ACTG1;CD86;CD40;CCND1;CAV1
prerank,Systemic lupus erythematosus,5.290117e-01,2.011650e+00,0.000000e+00,1.806707e-03,1.500000e-02,20/37,15.51%,C3;FCGR2A;C1QC;HLA-DQB1;C1QB;C1QA;FCGR3A;HLA-DMA;SNRPD3;HLA-DOA;HLA-DRB5;HLA-DRB1;HLA-DRB4;HLA-DMB;C8G;C7;C1S;HLA-DOB;HLA-DRA;HLA-DPA1
prerank,Steroid biosynthesis,6.660019e-01,1.972646e+00,0.000000e+00,2.664514e-03,2.500000e-02,11/16,24.05%,SQLE;LSS;LBR;TM7SF2;CYP51A1;DHCR7;LIPA;HSD17B7;SC5D;DHCR24;NSDHL
prerank,Type I diabetes mellitus,5.413057e-01,1.946105e+00,0.000000e+00,3.776372e-03,3.800000e-02,20/32,26.39%,HLA-DQB1;HLA-DMA;HLA-DOA;HLA-DRB5;HLA-DRB1;HLA-DRB4;HLA-DMB;HLA-G;HLA-DOB;HLA-DRA;HSPD1;HLA-DPA1;HLA-F;HLA-DRB3;LTA;CPE;HLA-E;HLA-C;PRF1;HLA-A
prerank,Histidine metabolism,6.351094e-01,1.905673e+00,6.493506e-03,5.526398e-03,6.000000e-02,13/17,29.05%,ALDH9A1;MAOB;HDC;CNDP2;ALDH2;ALDH3A2;MAOA;ASPA;HNMT;ALDH3B1;ALDH7A1;CNDP1;AMDHD1
prerank,Long-term potentiation,-4.856723e-01,-1.900072e+00,0.000000e+00,4.642293e-02,5.700000e-02,19/64,15.12%,ADCY1;GRIN2A;RPS6KA3;CAMK2A;PRKCA;ITPR1;PRKCB;CAMK2G;PLCB1;GRIN1;CACNA1C;CALML4;CALML6;RAF1;GRIA2;PPP3CA;EP300;PPP3CB;CREBBP
prerank,Steroid hormone biosynthesis,5.439343e-01,1.896031e+00,4.987531e-03,5.932751e-03,6.700000e-02,15/28,22.87%,AKR1C3;AKR1C1;CYP11A1;CYP1B1;AKR1C4;COMT;CYP7B1;HSD17B8;CYP11B1;HSD17B7;HSD17B6;CYP17A1;LRTOMT;UGT2B10;CYP3A5
prerank,Viral protein interaction with cytokine and cytokine receptor,4.811633e-01,1.892256e+00,0.000000e+00,5.833421e-03,7.000000e-02,31/45,30.53%,CXCR4;TNFRSF10B;TNFRSF1A;CSF1R;CXCL3;CX3CR1;CCR1;IL10RB;XCR1;IL10RA;CCR7;CCL24;CXCL2;CXCR3;CCR5;CCL22;ACKR3;PPBP;LTA;TNFSF10;IL2RB;LTBR;CXCL6;CCL17;CCL19;CCL21;CXCL12;CCL2;CCR9;CSF1;CCL25
prerank,Complement and coagulation cascades,4.704524e-01,1.890737e+00,0.000000e+00,5.744546e-03,7.200000e-02,30/50,30.46%,ITGB2;C3;F2R;SERPINA1;ITGAX;C1QC;C1QB;THBD;C1QA;MASP1;F3;C8G;SERPINB2;CD55;C7;C1S;C3AR1;TFPI;VSIG4;PLAT;ITGAM;A2M;CFD;CD46;C5;PROCR;C1R;VWF;PROS1;PLAUR
prerank,Circadian entrainment,-4.550518e-01,-1.889830e+00,0.000000e+00,2.635878e-02,6.300000e-02,23/89,10.54%,KCNJ3;ADCY1;KCNJ6;GRIN2A;CAMK2A;CACNA1I;PRKCA;ITPR1;PRKCB;PER1;PER2;CAMK2G;PLCB1;RYR2;GRIN1;KCNJ9;CACNA1C;CALML4;CACNA1D;GNB3;ADCY9;NOS1AP;CALML6
prerank,Inflammatory bowel disease,4.947465e-01,1.884155e+00,0.000000e+00,6.009958e-03,8.000000e-02,17/38,15.51%,NFATC1;HLA-DQB1;MAF;HLA-DMA;HLA-DOA;IL21R;HLA-DRB5;IFNGR1;HLA-DRB1;HLA-DRB4;HLA-DMB;IL4R;TLR4;TLR5;HLA-DOB;HLA-DRA;HLA-DPA1
prerank,Legionellosis,4.683658e-01,1.877655e+00,0.000000e+00,6.250093e-03,8.700000e-02,25/46,28.59%,ITGB2;C3;CXCL3;SEC22B;CASP1;PYCARD;CD14;CASP7;TLR4;TLR5;HSPD1;MYD88;CXCL2;ITGAM;HSPA6;HSPA2;RAB1B;TLR2;EEF1A1;HSPA1A;CASP8;VCP;CASP9;SAR1A;CLK1
prerank,Primary immunodeficiency,5.464365e-01,1.873792e+00,0.000000e+00,6.154398e-03,9.000000e-02,13/25,18.18%,ORAI1;PTPRC;BLNK;CD3D;JAK3;RFXANK;TNFRSF13C;ZAP70;CD3E;CD79A;CD4;ADA;CD8B
prerank,PPAR signaling pathway,4.523954e-01,1.863508e+00,0.000000e+00,6.787859e-03,1.020000e-01,30/55,26.82%,PPARA;SLC27A6;CPT1A;ME1;ACSL4;FABP6;ACSBG1;ACOX2;ANGPTL4;FADS2;CPT2;NR1H3;RXRA;LPL;ACOX1;PLTP;ACAA1;PLIN5;SLC27A5;HMGCS1;SCD5;SCD;ME3;HMGCS2;DBI;SLC27A1;CYP27A1;SCP2;PLIN4;ACSL1
prerank,Metabolism of xenobiotics by cytochrome P450,5.023631e-01,1.850139e+00,4.962779e-03,7.368531e-03,1.150000e-01,19/35,27.05%,EPHX1;AKR1C1;MGST1;CYP1B1;GSTP1;GSTO2;CBR1;AKR7A3;AKR7A2;HPGDS;ADH5;AKR7L;UGT2B10;ALDH3B1;CYP2B6;CYP3A5;ADH1C;GSTM2;GSTM1
prerank,Cytokine-cytokine receptor interaction,3.835967e-01,1.842233e+00,0.000000e+00,7.405374e-03,1.200000e-01,72/140,27.99%,INHBB;IL13RA1;CXCR4;EDA;TNFRSF10B;TNFRSF1A;CSF1R;BMP7;CXCL3;IL33;CX3CR1;BMP6;CCR1;TNFRSF13C;GDF10;IL3RA;IFNL2;LEPR;GDF11;IL21R;IFNGR1;IL10RB;LIFR;IL17RB;IL13RA2;IL4R;XCR1;BMPR1A;CTF1;CD4;GDF15;TNFRSF8;IL10RA;CCR7;IFNL3;GDF7;INHBC;TGFBR2;CCL24;CXCL2;CXCR3;CCR5;ACVR1;IL32;CSF2RA;CCL22;ACKR3;MPL;PPBP;TNFRSF12A;TGFBR1;ACVR2B;LTA;BMP10;TNFSF10;CXCL16;IL2RB;LTBR;CSH1;IL9R;CXCL6;TNFRSF21;CCL17;CCL19;CCL21;CRLF2;BMP2;IL17D;CXCL12;TNFSF13;IL27;BMPR2
prerank,"Glycine, serine and threonine metabolism",5.026507e-01,1.840667e+00,0.000000e+00,7.333106e-03,1.230000e-01,20/34,25.95%,MAOB;SDS;CHDH;PHGDH;PIPOX;PGAM2;GCSH;GATM;GAMT;PSPH;MAOA;DMGDH;GLYCTK;AOC3;GCAT;ALDH7A1;BPGM;SHMT2;SRR;PGAM4
prerank,Intestinal immune network for IgA production,5.042314e-01,1.805766e+00,0.000000e+00,9.824708e-03,1.710000e-01,22/30,30.53%,ITGB7;CXCR4;HLA-DQB1;TNFRSF13C;HLA-DMA;HLA-DOA;HLA-DRB5;HLA-DRB1;HLA-DRB4;HLA-DMB;ICOSLG;HLA-DOB;HLA-DRA;HLA-DPA1;HLA-DRB3;LTBR;CXCL12;TNFSF13;CD86;CCR9;CD40;CCL25
prerank,ECM-receptor interaction,4.090038e-01,1.767553e+00,2.570694e-03,1.361862e-02,2.290000e-01,30/65,23.11%,LAMA1;ITGB7;THBS4;COMP;LAMB1;ITGB5;TNC;ITGA1;ITGB8;THBS1;ITGB4;THBS2;COL1A2;LAMB2;COL9A1;RELN;SPP1;COL4A5;CD44;COL4A4;ITGA5;COL6A3;COL9A2;ITGA6;LAMC2;FRAS1;SDC4;TNXB;GP9;FN1
prerank,Malaria,4.963411e-01,1.760209e+00,4.716981e-03,1.386364e-02,2.410000e-01,11/28,16.45%,THBS4;ITGB2;COMP;CD81;THBS1;THBS2;PECAM1;SDC2;TLR4;GYPC;MYD88
prerank,Glutamatergic synapse,-4.187260e-01,-1.755574e+00,0.000000e+00,9.756684e-02,2.820000e-01,26/102,14.94%,DLGAP1;KCNJ3;ADCY1;GRIN2A;GRK3;GLS2;PRKCA;ITPR1;PRKCB;GLS;GRK2;PLCB1;GRIN1;CACNA1C;CACNA1A;CACNA1D;SLC17A7;GNB3;ADCY9;DLG4;SHANK1;GRIA2;PPP3CA;SHANK2;GRIA3;PPP3CB
prerank,Circadian rhythm,-5.409618e-01,-1.754805e+00,3.454231e-03,7.415867e-02,2.860000e-01,11/28,21.74%,RORB;CLOCK;PER1;PER2;NR1D1;ARNTL;CUL1;CRY2;BHLHE40;PRKAB2;CREB1
prerank,"Valine, leucine and isoleucine degradation",4.465092e-01,1.744179e+00,2.421308e-03,1.593445e-02,2.830000e-01,20/43,23.92%,HSD17B10;ALDH9A1;ACAA2;HIBCH;HMGCL;HADHB;ALDH2;ALDH3A2;ACAA1;ALDH6A1;PCCA;IL4I1;BCKDHB;HMGCS1;BCAT1;BCAT2;HADHA;HMGCS2;ALDH7A1;HADH
prerank,Maturity onset diabetes of the young,5.818991e-01,1.736711e+00,1.170960e-02,1.626722e-02,2.950000e-01,12/15,22.83%,ONECUT1;HHEX;PAX4;NKX2-2;HES1;GCK;NKX6-1;FOXA2;MAFA;HNF1A;NEUROG3;PAX6
prerank,Folate biosynthesis,5.614110e-01,1.733619e+00,1.162791e-02,1.614745e-02,3.030000e-01,6/18,9.03%,PCBD2;AKR1C3;PCBD1;QDPR;TH;CBR1
prerank,Terpenoid backbone biosynthesis,5.429066e-01,1.714981e+00,1.452785e-02,1.858879e-02,3.460000e-01,14/19,33.65%,DHDDS;ZMPSTE24;PMVK;HMGCS1;ICMT;IDI1;HMGCS2;GGPS1;FDPS;MVK;HMGCR;NUS1;FNTA;ACAT2
prerank,Rheumatoid arthritis,4.084856e-01,1.709030e+00,0.000000e+00,1.861096e-02,3.560000e-01,30/63,31.24%,ITGB2;ATP6V0A4;ATP6V0E1;CXCL3;HLA-DQB1;HLA-DMA;HLA-DOA;HLA-DRB5;HLA-DRB1;TCIRG1;HLA-DRB4;HLA-DMB;TLR4;HLA-DOB;HLA-DRA;HLA-DPA1;CXCL2;ATP6V0B;HLA-DRB3;ACP5;TLR2;CXCL6;TEK;CXCL12;TNFSF13;CCL2;CD86;FLT1;CSF1;JUN
prerank,Spinocerebellar ataxia,-3.841247e-01,-1.685329e+00,2.936858e-03,1.233748e-01,4.990000e-01,44/131,23.86%,BEAN1;GRIN2A;PIK3R1;MAPK10;PRKCA;ITPR1;FGF14;PRKCB;KCND3;PLCB1;GRIN1;ATG14;PSMA1;NRBF2;CACNA1A;KCNC3;PIK3R2;PSMD11;ATXN2L;ATG2B;PUM2;AKT1;GRIA2;PSMD14;AKT3;ULK1;GRIA3;RB1CC1;CIC;ATG13;MAPK8;WIPI2;AKT2;SLC25A5;PIK3R4;ATXN2;ATXN1;SPTBN2;NFYA;SLC25A6;GTF2B;PDYN;PSMD6;SLC25A4
prerank,Cholesterol metabolism,4.583115e-01,1.683528e+00,1.750000e-02,2.253981e-02,4.220000e-01,20/34,30.33%,APOC1;NPC2;APOE;ANGPTL4;LCAT;TSPO;ABCG8;ABCA1;LPL;PLTP;LIPA;NPC1;SCARB1;LDLR;CYP27A1;LRP2;STAR;APOA1;PCSK9;LDLRAP1
prerank,Dopaminergic synapse,-3.824051e-01,-1.669495e+00,0.000000e+00,1.180244e-01,5.420000e-01,49/124,22.26%,KIF5A;PPP2R2D;KCNJ3;KCNJ6;GRIN2A;KIF5C;CAMK2A;MAPK10;PRKCA;ITPR1;PRKCB;CLOCK;CAMK2G;PLCB1;ATF6B;PPP2R2C;KCNJ9;CACNA1C;ARNTL;CACNA1A;CALML4;CACNA1D;GNB3;CALML6;GSK3B;AKT1;PPP2R5E;GRIA2;PPP3CA;CACNA1B;MAPK13;AKT3;GRIA3;PPP2R2B;PPP3CB;MAPK8;AKT2;GNAS;MAPK14;SCN1A;GNB5;GSK3A;ATF2;GNAI1;PPP2R5D;DRD4;CREB1;ARRB2;DRD1
prerank,Regulation of lipolysis in adipocytes,-4.638254e-01,-1.668199e+00,4.958678e-03,1.020630e-01,5.430000e-01,15/43,20.28%,PTGS2;ADCY1;PIK3R1;ADRB1;AQP7;PIK3R2;IRS1;ADCY9;AKT1;AKT3;PDE3B;AKT2;GNAS;ADCY6;GNAI1
prerank,Propanoate metabolism,4.524744e-01,1.642763e+00,9.111617e-03,3.047195e-02,5.260000e-01,13/30,24.40%,HIBCH;SUCLG2;MLYCD;ACOX1;ALDH6A1;PCCA;BCKDHB;ACSS1;HADHA;LDHAL6A;ACSS3;LDHA;ACACB
prerank,Arginine and proline metabolism,4.226590e-01,1.622565e+00,1.030928e-02,3.453999e-02,5.780000e-01,18/43,17.69%,ALDH9A1;PYCR2;MAOB;P4HA1;PYCR1;SMOX;ALDH4A1;CNDP2;ALDH2;ALDH3A2;GATM;GAMT;LAP3;MAOA;NOS3;CKMT2;CKM;PRODH
prerank,Gastric acid secretion,-4.140181e-01,-1.619895e+00,7.656968e-03,1.406458e-01,6.780000e-01,15/64,10.54%,ATP4A;ADCY1;KCNK10;HRH2;CAMK2A;PRKCA;ITPR1;PRKCB;CAMK2G;PLCB1;CALML4;ATP1A4;ATP1A1;ADCY9;CALML6
prerank,Pantothenate and CoA biosynthesis,5.417997e-01,1.609806e+00,1.699029e-02,3.737591e-02,6.020000e-01,9/15,25.29%,ALDH2;ALDH3A2;ENPP1;PPCDC;AASDHPPT;BCAT1;BCAT2;DPYD;PANK3
prerank,Retrograde endocannabinoid signaling,-3.650244e-01,-1.598463e+00,0.000000e+00,1.529072e-01,7.360000e-01,33/129,18.04%,PTGS2;KCNJ3;NDUFA10;ADCY1;KCNJ6;GABRB2;MAPK10;PRKCA;ITPR1;PRKCB;PLCB1;GABRG3;KCNJ9;CACNA1C;CACNA1A;GABRG2;CACNA1D;NDUFA4;SLC17A7;DAGLB;GNB3;ADCY9;GRIA2;NDUFS1;CACNA1B;MAPK13;GABRA1;GRIA3;NDUFB5;MAPK8;GABRD;MAPK14;ADCY6
prerank,alpha-Linolenic acid metabolism,5.768953e-01,1.596112e+00,3.736264e-02,4.084575e-02,6.490000e-01,7/12,27.68%,FADS2;ACOX1;ACAA1;PLA2G5;PLA2G12A;PLB1;PLA2G6
prerank,Insulin secretion,-4.009662e-01,-1.591982e+00,6.088280e-03,1.447766e-01,7.480000e-01,28/72,21.79%,ABCC8;ADCY1;CAMK2A;PRKCA;PRKCB;SNAP25;KCNMA1;CAMK2G;PLCB1;ATF6B;RYR2;KCNN1;CACNA1C;CACNA1D;ATP1A4;ATP1A1;ADCY9;KCNJ11;CHRM3;CCK;GNAS;ADCY6;STX1A;GNA11;ATF2;KCNN2;CREB1;ATP1B1
prerank,Adrenergic signaling in cardiomyocytes,-3.599207e-01,-1.580910e+00,5.813953e-03,1.439898e-01,7.770000e-01,49/130,21.95%,PPP2R2D;ADCY1;CAMK2A;CACNG2;ADRB1;PRKCA;CACNG8;CAMK2G;PLCB1;ATF6B;RYR2;CACNA2D3;PPP2R2C;CACNG7;ATP2B3;CACNA1C;ATP2B2;CALML4;CACNA1D;ATP1A4;ATP1A1;CACNB4;ADCY9;CALML6;AKT1;PPP2R5E;TNNT2;MAPK13;AKT3;PPP2R2B;CACNB1;SCN1B;TPM1;CACNB3;ADRA1A;AKT2;GNAS;MAPK14;ADCY6;SCN4B;ATF2;GNAI1;SLC8A2;ATP2B1;PPP2R5D;CACNA2D1;CREB1;ATP1B1;TNNC1
prerank,Leishmaniasis,3.771285e-01,1.580195e+00,5.464481e-03,4.521285e-02,6.880000e-01,24/58,20.81%,ITGB2;C3;CYBB;FCGR2A;CYBA;HLA-DQB1;FCGR3A;HLA-DMA;HLA-DOA;HLA-DRB5;IFNGR1;HLA-DRB1;MAPK3;HLA-DRB4;HLA-DMB;TLR4;HLA-DOB;HLA-DRA;HLA-DPA1;MYD88;TAB2;MARCKSL1;ITGAM;HLA-DRB3
prerank,Pyruvate metabolism,4.265147e-01,1.576799e+00,7.462687e-03,4.532321e-02,6.980000e-01,21/37,35.59%,ALDH9A1;LDHD;ME2;ME1;ALDH2;ALDH3A2;ADH5;ACSS1;LDHAL6A;ME3;LDHA;ALDH7A1;ACACB;ADH1C;LDHC;GLO1;GRHPR;PC;ACAT2;PCK2;PDHB
prerank,GnRH secretion,-4.117756e-01,-1.572874e+00,1.111111e-02,1.420883e-01,8.060000e-01,18/59,15.05%,HCN1;KCNJ3;KCNJ6;PIK3R1;CACNA1I;PRKCA;ITPR1;PRKCB;PLCB1;KCNN1;KCNJ9;CACNA1C;CACNA1D;PIK3R2;AKT1;RAF1;AKT3;KCNJ11
prerank,Tyrosine metabolism,4.675522e-01,1.572323e+00,1.601831e-02,4.598753e-02,7.100000e-01,12/24,20.71%,MAOB;DDC;COMT;TH;PNMT;FAH;MAOA;ADH5;IL4I1;LRTOMT;AOC3;ALDH3B1
prerank,GnRH signaling pathway,-3.904689e-01,-1.570753e+00,6.069803e-03,1.340636e-01,8.140000e-01,25/79,19.76%,EGR1;ADCY1;CAMK2A;MAPK10;PRKCA;ITPR1;PRKCB;CAMK2G;PLCB1;CACNA1C;CALML4;CACNA1D;MAP3K4;ADCY9;CALML6;RAF1;MAPK13;GRB2;MAPK8;GNAS;MAPK14;ADCY6;PTK2B;ELK1;GNA11
prerank,Aldosterone synthesis and secretion,-3.865712e-01,-1.562959e+00,8.941878e-03,1.340420e-01,8.310000e-01,22/86,10.93%,ADCY1;PRKCE;CAMK2A;CACNA1I;PRKCA;ITPR1;CAMK1D;PRKCB;CAMK2G;PLCB1;ATF6B;ATP2B3;CACNA1C;ATP2B2;CALML4;CACNA1D;ATP1A4;DAGLB;ATP1A1;ADCY9;CALML6;CAMK1
prerank,"Growth hormone synthesis, secretion and action",-3.640635e-01,-1.547461e+00,7.267442e-03,1.445668e-01,8.770000e-01,34/108,20.28%,ADCY1;IGFBP3;PIK3R1;MAPK10;PRKCA;ITPR1;PRKCB;PLCB1;ATF6B;CACNA1C;IGFALS;CACNA1D;PIK3R2;IRS1;ADCY9;GSK3B;AKT1;RAF1;SOCS2;MAPK13;AKT3;EP300;JAK2;CREBBP;SHC3;GRB2;MAPK8;AKT2;GNAS;MAPK14;ADCY6;GNA11;ATF2;GNAI1
prerank,Glycolysis / Gluconeogenesis,3.829591e-01,1.547320e+00,1.005025e-02,5.478203e-02,7.780000e-01,17/48,22.19%,ALDH9A1;GALM;HK2;PGAM2;G6PC3;ALDH2;ALDH3A2;GCK;ADH5;ADPGK;ACSS1;PFKL;LDHAL6A;ALDH3B1;LDHA;ALDH7A1;BPGM
prerank,Tryptophan metabolism,4.385888e-01,1.546205e+00,2.722772e-02,5.419638e-02,7.810000e-01,16/30,25.66%,ALDH9A1;MAOB;DDC;CYP1B1;ALDH2;ALDH3A2;MAOA;IL4I1;KYNU;DHTKD1;HADHA;GCDH;ALDH7A1;CAT;HADH;AANAT
prerank,Arachidonic acid metabolism,4.159714e-01,1.544182e+00,2.403846e-02,5.403590e-02,7.890000e-01,16/36,23.00%,EPHX2;AKR1C3;CYP2J2;ALOX5;TBXAS1;LTC4S;PTGDS;CBR1;PLA2G5;HPGDS;PTGES;CYP4F8;PLA2G12A;CYP2B6;ALOX15B;GGT5
prerank,Aldosterone-regulated sodium reabsorption,-4.689393e-01,-1.540282e+00,2.671119e-02,1.448258e-01,8.860000e-01,8/30,9.06%,PIK3R1;PRKCA;PRKCB;NR3C2;PIK3R2;ATP1A4;IRS1;ATP1A1
prerank,Nitrogen metabolism,5.382100e-01,1.529728e+00,4.424779e-02,5.856781e-02,8.200000e-01,8/12,28.15%,GLUD2;GLUD1;CA8;CA12;CA2;CA14;CA5B;GLUL
prerank,Inflammatory mediator regulation of TRP channels,-3.799525e-01,-1.520794e+00,1.057402e-02,1.605132e-01,9.190000e-01,17/78,10.55%,ADCY1;PRKCE;PIK3R1;CAMK2A;MAPK10;PRKCA;ITPR1;PRKCB;HTR2A;CAMK2G;PLCB1;CALML4;PIK3R2;ADCY9;BDKRB2;CALML6;KNG1
prerank,Sphingolipid metabolism,4.000617e-01,1.520088e+00,1.856148e-02,6.170165e-02,8.400000e-01,15/42,21.21%,SGMS1;GALC;PLPP3;ARSA;GAL3ST1;ASAH1;CERS2;KDSR;CERS1;SGPP2;UGT8;DEGS1;SPTLC2;PLPP2;SPTLC1
prerank,Type II diabetes mellitus,-4.511189e-01,-1.519254e+00,2.871622e-02,1.530820e-01,9.220000e-01,13/35,16.90%,ABCC8;PRKCE;PIK3R1;MAPK10;CACNA1C;CACNA1A;CACNA1D;PIK3R2;IRS1;SOCS2;CACNA1B;KCNJ11;MAPK8
prerank,ErbB signaling pathway,-3.783409e-01,-1.519057e+00,1.501502e-02,1.451907e-01,9.220000e-01,23/78,17.48%,NCK2;PIK3R1;CAMK2A;MAPK10;PRKCA;PRKCB;CAMK2G;NRG3;PIK3R2;RPS6KB1;GSK3B;AKT1;RAF1;PAK5;AKT3;NRG4;MYC;ABL2;SHC3;GRB2;MAPK8;PAK1;AKT2
prerank,Nicotine addiction,-4.384938e-01,-1.510229e+00,2.744425e-02,1.493009e-01,9.350000e-01,11/33,13.95%,GABRB2;GRIN2A;GRIN1;GABRG3;CACNA1A;GABRG2;SLC17A7;GRIA2;CACNA1B;GABRA1;GRIA3
prerank,Serotonergic synapse,-3.626342e-01,-1.501602e+00,4.636785e-03,1.514834e-01,9.430000e-01,16/83,8.63%,HTR1F;PTGS2;KCNJ3;KCNJ6;GABRB2;PRKCA;ITPR1;PRKCB;HTR2A;PLCB1;KCNJ9;CACNA1C;HTR5A;CACNA1A;CACNA1D;GNB3
prerank,Oxytocin signaling pathway,-3.413281e-01,-1.490716e+00,4.273504e-03,1.580454e-01,9.510000e-01,54/136,27.37%,PTGS2;KCNJ3;ADCY1;KCNJ6;MEF2C;CAMK2A;CACNG2;PRKCA;CACNG8;ITPR1;CAMK1D;PRKCB;CAMK2G;PLCB1;RYR2;CACNA2D3;CACNG7;ROCK2;KCNJ9;CACNA1C;CAMKK2;CALML4;CACNA1D;CACNB4;ADCY9;CALML6;CAMK1;RAF1;PPP3CA;KCNJ4;PPP3CB;CACNB1;CACNB3;GNAS;ADCY6;EEF2;ELK1;EEF2K;GNAI1;NFATC3;CACNA2D1;PRKAB2;MYLK4;PPP1R12B;ADCY2;PPP1R12A;TRPM2;CACNG6;CAMK2B;PRKAB1;NPPA;PPP3R2;PPP1CB;PPP3R1
prerank,Phosphatidylinositol signaling system,-3.636139e-01,-1.487099e+00,1.225115e-02,1.553817e-01,9.550000e-01,35/90,28.75%,PIK3R1;PRKCA;ITPR1;PPIP5K1;PRKCB;PIP5K1C;ITPKC;PLCB1;DGKZ;ITPK1;INPP5B;CALML4;PIK3R2;PIP5K1B;PIP5K1A;IP6K1;CALML6;DGKA;INPP5E;IMPA1;MTMR2;PIP4P2;PIP4K2C;PIP4K2B;PI4KA;DGKG;MTMR1;INPP4A;ITPKA;PIK3CA;DGKE;IP6K2;MTMR14;PI4KB;PIK3CB
prerank,Morphine addiction,-3.611387e-01,-1.484083e+00,2.095808e-02,1.529400e-01,9.560000e-01,29/82,23.16%,KCNJ3;ADCY1;KCNJ6;GABRB2;GRK3;PRKCA;PRKCB;GRK2;GABRG3;KCNJ9;CACNA1A;GABRG2;GNB3;PDE4A;ADCY9;PDE1A;PDE8B;CACNA1B;GABRA1;PDE3B;GRK4;GABRD;GNAS;ADCY6;GNB5;GNAI1;ARRB2;DRD1;ADCY2
prerank,GABAergic synapse,-3.670056e-01,-1.478384e+00,2.003082e-02,1.535891e-01,9.620000e-01,24/78,20.28%,ADCY1;KCNJ6;GABRB2;GLS2;PRKCA;PRKCB;GLS;GABRG3;CACNA1C;CACNA1A;GABRG2;CACNA1D;GNB3;ADCY9;GABARAPL1;GPHN;CACNA1B;GABRA1;SLC12A5;GABRD;ADCY6;PLCL1;GNB5;GNAI1
prerank,Regulation of actin cytoskeleton,2.882451e-01,1.470698e+00,0.000000e+00,8.557283e-02,9.180000e-01,46/186,14.72%,ITGB7;ITGB2;SCIN;CHRM4;CXCR4;RAC2;SPATA13;TMSB4Y;F2R;ITGAX;DOCK1;WASF2;FGF2;GNA12;LIMK2;ITGB5;PDGFRA;ITGA1;SOS2;ITGB8;GNA13;GSN;ITGB4;RRAS;IQGAP1;FGFR3;ARPC1B;MAPK3;RDX;CDC42;FGD3;FGFR1;EZR;ENAH;MOS;GNG12;FGF1;MSN;MYL5;NRAS;VAV1;PDGFA;ITGA5;FGF3;MYL12B;MYL12A
prerank,Progesterone-mediated oocyte maturation,-3.613214e-01,-1.462079e+00,2.949853e-02,1.682604e-01,9.740000e-01,39/78,31.67%,ADCY1;RPS6KA3;PIK3R1;MAPK10;ANAPC4;MAD2L1;PIK3R2;ADCY9;AKT1;RAF1;CPEB4;MAPK13;AKT3;PLK1;PDE3B;IGF1R;MAPK8;AKT2;MAPK14;ADCY6;ANAPC7;GNAI1;ADCY2;MAD1L1;MAPK11;CPEB3;SPDYE3;SPDYE5;PIK3CA;CCNA1;CDC23;MAPK9;RPS6KA2;ANAPC1;PIK3CB;MAPK12;PRKACB;ANAPC11;KIF22
prerank,Homologous recombination,-4.317413e-01,-1.460592e+00,4.682274e-02,1.639228e-01,9.750000e-01,14/34,20.92%,RAD51C;RAD51D;TOP3A;UIMC1;MUS81;RAD52;TOP3B;TOPBP1;BARD1;POLD3;RAD54B;RAD54L;RAD50;RBBP8
prerank,Natural killer cell mediated cytotoxicity,3.294195e-01,1.460244e+00,1.129944e-02,9.031150e-02,9.330000e-01,36/81,25.14%,ITGB2;KLRC2;NFATC1;KLRC1;RAC2;SH3BP2;KLRC3;TNFRSF10B;HCST;TYROBP;PLCG2;NCR2;SOS2;FCGR3A;SYK;PTPN11;ZAP70;IFNGR1;FCER1G;MAPK3;NRAS;VAV1;HLA-G;SHC1;CD247;ULBP1;RAC3;FYN;TNFSF10;HLA-E;PIK3CD;HLA-C;SHC4;HRAS;ICAM2;PRF1
prerank,Amphetamine addiction,-3.710072e-01,-1.456288e+00,2.575758e-02,1.641663e-01,9.760000e-01,28/65,27.37%,ARC;GRIN2A;FOSB;CAMK2A;PRKCA;PRKCB;CAMK2G;ATF6B;GRIN1;CACNA1C;CALML4;CACNA1D;CALML6;GRIA2;PPP3CA;GRIA3;PPP3CB;GNAS;STX1A;ATF2;CREB1;DRD1;PDYN;ATF4;CAMK2B;PPP3R2;PPP1CB;PPP3R1
prerank,Starch and sucrose metabolism,4.455010e-01,1.452354e+00,6.521739e-02,9.381061e-02,9.400000e-01,8/21,15.93%,PYGL;HK2;GYG2;PYGM;G6PC3;ENPP1;GCK;GBE1
prerank,Th1 and Th2 cell differentiation,3.336799e-01,1.441571e+00,1.801802e-02,9.933972e-02,9.510000e-01,24/71,16.63%,NFATC1;CD3D;HLA-DQB1;MAML2;JAK3;NOTCH2;MAF;HLA-DMA;HLA-DOA;ZAP70;HLA-DRB5;IFNGR1;HLA-DRB1;MAPK3;CD3E;HLA-DRB4;HLA-DMB;IL4R;STAT5A;CD4;HLA-DOB;HLA-DRA;HLA-DPA1;CD247
prerank,Oocyte meiosis,-3.407525e-01,-1.440599e+00,1.897810e-02,1.800483e-01,9.850000e-01,38/105,27.46%,ADCY1;PTTG1;RPS6KA3;CAMK2A;PTTG2;ANAPC4;ITPR1;CAMK2G;CALML4;MAD2L1;ADCY9;CALML6;SMC1A;PPP2R5E;CPEB4;PPP3CA;MAPK13;PLK1;IGF1R;PPP3CB;CUL1;MAPK14;ADCY6;ANAPC7;PPP2R5D;ADCY2;MAD1L1;MAPK11;CPEB3;SPDYE3;SPDYE5;CAMK2B;PPP3R2;CDC23;PPP1CB;RPS6KA2;PPP3R1;FBXW11
prerank,Human papillomavirus infection,2.706445e-01,1.439548e+00,0.000000e+00,9.875780e-02,9.520000e-01,58/275,14.28%,LAMA1;ITGB7;THBS4;LFNG;HES4;COMP;FZD9;TCF7L1;ATP6V0A4;PARD3;HEYL;TLR3;ATP6V0E1;WNT6;FOXO1;CREB3L2;RB1;TNFRSF1A;ISG15;HEY2;FZD2;LAMB1;MAML2;ITGB5;TNC;ITGA1;SOS2;ITGB8;THBS1;CREB5;IRF9;NOTCH2;ITGB4;FZD1;THBS2;COL1A2;WNT5B;WNT4;LAMB2;TCIRG1;MAPK3;PPP2R3B;CDC42;COL9A1;MFNG;HDAC1;RELN;PPP2R5A;SPP1;COL4A5;NRAS;HES1;COL4A4;ITGA5;HLA-G;RFNG;CREB3L4;EIF4EBP1
prerank,Fat digestion and absorption,4.266021e-01,1.437325e+00,5.707763e-02,9.869313e-02,9.590000e-01,16/25,35.25%,PLPP3;ABCG8;ABCA1;PLA2G5;MTTP;PLPP2;SCARB1;PLA2G12A;SLC27A1;APOA1;MOGAT3;SLC27A4;ACAT2;CLPS;FABP1;NPC1L1
prerank,Mineral absorption,3.649093e-01,1.425523e+00,4.450262e-02,1.060250e-01,9.630000e-01,20/47,18.05%,HMOX1;SLC40A1;HEPH;SLC46A1;ATP7A;CYBRD1;MT1M;SLC6A19;ATOX1;FTL;MT1B;TRPM6;MT2A;ATP1B2;TF;TRPV6;MT1X;MT1G;MT1E;ATP7B
prerank,cGMP-PKG signaling pathway,-3.197795e-01,-1.412113e+00,2.020202e-02,2.180566e-01,9.930000e-01,48/139,24.08%,ADCY1;PRKCE;MEF2C;ADRB1;ITPR1;ADRA2A;KCNMA1;PLCB1;ATF6B;ROCK2;ATP2B3;CACNA1C;ATP2B2;CALML4;CACNA1D;MEF2A;ATP1A4;IRS1;EDNRA;ATP1A1;ADCY9;BDKRB2;CALML6;KNG1;AKT1;RAF1;PPP3CA;SRF;AKT3;PDE3B;PPP3CB;ADRA1A;AKT2;ADCY6;SLC25A5;GNA11;ATF2;GNAI1;SLC8A2;ATP2B1;NFATC3;CREB1;ATP1B1;MYLK4;SLC25A6;ADCY2;SLC25A4;PPP1R12A
prerank,Ascorbate and aldarate metabolism,5.265773e-01,1.411170e+00,8.676790e-02,1.143964e-01,9.730000e-01,5/11,22.02%,ALDH9A1;ALDH2;ALDH3A2;UGT2B10;ALDH7A1
prerank,Vitamin digestion and absorption,4.633962e-01,1.409756e+00,7.451923e-02,1.137846e-01,9.740000e-01,8/16,28.02%,SLC19A1;SLC46A1;SLC19A3;SLC52A3;SCARB1;FOLH1;PLB1;APOA1
prerank,Leukocyte transendothelial migration,3.158720e-01,1.407685e+00,1.652893e-02,1.134608e-01,9.740000e-01,26/84,20.50%,ITGB2;CYBB;SIPA1;CXCR4;RAC2;CYBA;PLCG2;CD99;MMP9;RAP1B;PTPN11;CLDN14;CDC42;PECAM1;EZR;MSN;MYL5;VAV1;MYL12B;JAM3;MYL12A;VASP;RHOA;CLDN11;ITGAM;CLDN3
prerank,Calcium signaling pathway,-3.067771e-01,-1.402387e+00,1.657459e-02,2.274952e-01,9.950000e-01,64/194,22.60%,FGF17;ADCY1;GRIN2A;HRH2;CAMK2A;CACNA1I;ADRB1;PRKCA;ITPR1;CAMK1D;PRKCB;TNNC2;STIM2;HTR2A;CAMK2G;ITPKC;PLCB1;FGF9;RYR2;GRIN1;ATP2B3;CACNA1C;ATP2B2;CHRM1;HTR5A;CACNA1A;CALML4;CACNA1D;P2RX6;MET;EDNRA;ADCY9;BDKRB2;CALML6;TPCN2;CAMK1;PDE1A;GRPR;PPP3CA;CACNA1B;FGF18;PPP3CB;NOS2;NTRK2;P2RX4;CHRM3;NTRK3;CCKBR;ADRA1A;GNAS;SLC25A5;PTK2B;GNA11;CASQ1;SLC8A2;ATP2B1;CHRM2;PDGFD;GDNF;MST1R;TNNC1;DRD1;MYLK4;SLC25A6
prerank,Drug metabolism,3.377712e-01,1.395318e+00,4.419890e-02,1.210329e-01,9.770000e-01,22/56,27.05%,MAOB;TYMP;FMO2;MGST1;NME4;GSTP1;GSTO2;TK2;UMPS;MAOA;HPGDS;ADH5;UGT2B10;ALDH3B1;CYP2B6;DPYD;CYP3A5;CES1;UCK1;ADH1C;GSTM2;GSTM1
prerank,Biosynthesis of unsaturated fatty acids,4.027688e-01,1.385363e+00,9.389671e-02,1.275989e-01,9.810000e-01,14/25,25.66%,FADS2;FADS1;HACD1;ACOX1;HACD4;ACAA1;ELOVL2;ELOVL5;SCD5;HACD3;SCD;TECR;ELOVL1;SCP2
prerank,Basal cell carcinoma,3.474060e-01,1.384653e+00,5.684755e-02,1.260479e-01,9.810000e-01,24/50,30.67%,FZD9;TCF7L1;WNT6;GLI3;FZD2;SMO;FZD1;WNT5B;WNT4;LEF1;HHIP;GLI1;CDKN1A;FZD10;SUFU;FZD7;FZD5;BMP2;WNT5A;WNT11;FZD8;WNT7B;TCF7;TCF7L2
prerank,Glycerophospholipid metabolism,3.077412e-01,1.381069e+00,3.098592e-02,1.266768e-01,9.810000e-01,30/80,27.68%,PLPP4;ACHE;AGPAT5;ETNPPL;LCAT;PLPP3;PLA2G15;PEMT;LPCAT2;GPAM;GPD1;PTDSS1;PLA2G5;CDS2;LPIN3;MBOAT2;PCYT1B;CHAT;PLA1A;PLD1;PLPP2;MBOAT1;PLA2G12A;LPIN1;DGKH;PLB1;GPAT2;PCYT1A;LPGAT1;PLA2G6
prerank,Protein processing in endoplasmic reticulum,2.829388e-01,1.377535e+00,9.771987e-03,1.279317e-01,9.820000e-01,47/159,20.89%,SIL1;DNAJB11;HSP90B1;ERP29;SEC63;TRAM1L1;DERL3;TRAM1;DNAJC3;SSR4;PDIA4;FBXO2;NFE2L2;DERL2;HSPH1;HSPA5;UBXN8;EIF2AK4;UFD1;DNAJC1;DDIT3;RPN2;CAPN2;SSR1;DAD1;ATF6;BAG2;CALR;DNAJB1;SYVN1;WFS1;GANAB;PDIA3;RRBP1;PREB;DERL1;STT3B;AMFR;EIF2AK3;SEC61A1;ERO1A;RPN1;EIF2AK1;NSFL1C;SEL1L;HSPA6;STT3A
prerank,Protein export,4.013469e-01,1.365531e+00,8.684864e-02,1.365152e-01,9.870000e-01,14/23,36.21%,SEC11C;SEC63;SEC11A;HSPA5;SRP72;SEC61A1;SRP54;SEC61B;SEC61A2;SRP14;SRPRB;SPCS1;SRPRA;SPCS2
prerank,Other types of O-glycan biosynthesis,3.545716e-01,1.364467e+00,7.253886e-02,1.352672e-01,9.880000e-01,11/41,14.11%,LFNG;C1GALT1;B4GALT1;GALNT15;GXYLT2;MFNG;GALNT13;C1GALT1C1;GALNT14;PLOD3;RFNG
prerank,Notch signaling pathway,3.217511e-01,1.363345e+00,4.312668e-02,1.342065e-01,9.880000e-01,15/55,14.11%,LFNG;KAT2B;HEYL;PSEN2;APH1B;HEY2;NCSTN;DTX3L;MAML2;NOTCH2;PSENEN;MFNG;HDAC1;HES1;RFNG
prerank,Toxoplasmosis,2.955995e-01,1.360839e+00,3.927492e-02,1.346013e-01,9.880000e-01,37/97,24.69%,LAMA1;TNFRSF1A;LAMB1;HLA-DQB1;ALOX5;SOCS1;HLA-DMA;HLA-DOA;HLA-DRB5;LAMB2;IFNGR1;HLA-DRB1;IL10RB;MAPK3;HLA-DRB4;HLA-DMB;GNAO1;TLR4;IL10RA;HLA-DOB;HLA-DRA;HLA-DPA1;MYD88;PPIF;CCR5;ITGA6;TAB2;BIRC3;LAMC2;HSPA6;HLA-DRB3;BIRC2;HSPA2;TLR2;LDLR;XIAP;HSPA1A
prerank,Taurine and hypotaurine metabolism,-5.465567e-01,-1.360015e+00,1.140351e-01,2.996099e-01,1.000000e+00,5/10,23.81%,BAAT;CSAD;GGT7;GGT6;ADO
prerank,Primary bile acid biosynthesis,4.940286e-01,1.353719e+00,1.353211e-01,1.391291e-01,9.910000e-01,8/13,25.66%,ACOX2;AKR1C4;CYP7B1;SLC27A5;ACOT8;HSD3B7;CYP27A1;SCP2
prerank,Glioma,-3.400146e-01,-1.349844e+00,5.255255e-02,3.110837e-01,1.000000e+00,18/69,17.48%,PIK3R1;CAMK2A;PRKCA;CAMK1D;PRKCB;DDB2;CAMK2G;CALML4;PIK3R2;CALML6;CAMK1;AKT1;RAF1;AKT3;IGF1R;SHC3;GRB2;AKT2
prerank,B cell receptor signaling pathway,3.187484e-01,1.349130e+00,5.585106e-02,1.413092e-01,9.920000e-01,16/63,12.39%,NFATC1;LILRB4;CD81;BLNK;RAC2;PLCG2;RASGRP3;SOS2;INPP5D;SYK;LILRA4;MAPK3;CD79A;LILRA1;NRAS;VAV1
prerank,Phenylalanine metabolism,5.001772e-01,1.343337e+00,1.440860e-01,1.448877e-01,9.950000e-01,6/11,20.71%,MAOB;DDC;MAOA;IL4I1;AOC3;ALDH3B1
prerank,Fatty acid elongation,4.014098e-01,1.342228e+00,1.047836e-01,1.437456e-01,9.950000e-01,11/24,24.57%,ACAA2;HADHB;HACD1;HACD4;ELOVL2;ELOVL5;HACD3;HADHA;TECR;HADH;ELOVL1
prerank,Bladder cancer,3.661962e-01,1.340484e+00,8.585859e-02,1.429664e-01,9.950000e-01,14/35,24.68%,RB1;TYMP;MMP9;THBS1;CDH1;FGFR3;MAPK3;NRAS;RPS6KA5;CDKN1A;HBEGF;ERBB2;CDK4;HRAS
prerank,Lysosome,2.796265e-01,1.338934e+00,3.448276e-02,1.424007e-01,9.950000e-01,37/115,23.09%,CLTCL1;NPC2;NAGLU;FUCA2;LAPTM4A;ATP6V0A4;LITAF;GALC;SUMF1;CTNS;CTSO;PLA2G15;ARSA;CTSH;LAMP1;ASAH1;HYAL2;AGA;AP3B1;CD68;TCIRG1;CLN5;TPP1;LIPA;FUCA1;SGSH;ATP6V0B;CD164;NPC1;NAGA;CTSS;CD63;GM2A;ACP5;LAMP2;LAPTM5;MANBA
prerank,Th17 cell differentiation,3.031902e-01,1.335695e+00,2.857143e-02,1.435350e-01,9.950000e-01,25/82,16.84%,NFATC1;CD3D;HLA-DQB1;JAK3;HLA-DMA;HLA-DOA;IL21R;ZAP70;HLA-DRB5;RXRA;IFNGR1;HLA-DRB1;MAPK3;CD3E;HLA-DRB4;HLA-DMB;IL4R;STAT5A;HIF1A;CD4;HLA-DOB;HLA-DRA;HLA-DPA1;CD247;TGFBR2
prerank,Pyrimidine metabolism,3.413542e-01,1.333170e+00,7.512953e-02,1.438357e-01,9.950000e-01,12/45,14.75%,PNP;TYMP;DHODH;NME4;NT5C;AK9;CTPS1;TK2;DTYMK;UMPS;NT5C2;ENPP1
prerank,Vibrio cholerae infection,3.427821e-01,1.332533e+00,7.520891e-02,1.426916e-01,9.950000e-01,13/44,17.84%,ATP6V0A4;ATP6V0E1;KCNQ1;PLCG2;TJP2;PDIA4;TCIRG1;KDELR1;KDELR2;SEC61A1;ERO1A;SLC12A2;ATP6V0B
prerank,Vasopressin-regulated water reabsorption,3.412636e-01,1.313348e+00,7.086614e-02,1.595384e-01,9.960000e-01,19/42,31.63%,ARHGDIB;AQP4;CREB3L2;DYNC1I2;CREB5;AVPR2;RAB11A;CREB3L4;VAMP2;CREB3L1;ARHGDIA;DYNC1LI2;DCTN5;CREB3;CREB3L3;ADCY3;AVP;AQP2;PRKACA
prerank,Glutathione metabolism,3.265133e-01,1.300065e+00,1.018277e-01,1.702418e-01,9.970000e-01,23/44,32.73%,MGST1;OPLAH;GSTP1;GSTO2;GCLC;LAP3;HPGDS;IDH2;PRDX6;GSS;SRM;CHAC1;GSR;GGT5;GPX4;GSTM2;GSTM1;GPX3;GPX5;CHAC2;IDH1;GSTK1;GSTM5
prerank,Hippo signaling pathway,2.734708e-01,1.297764e+00,2.960526e-02,1.706453e-01,9.980000e-01,55/131,29.71%,ITGB2;FZD9;TCF7L1;PARD3;WNT6;SOX2;WWTR1;TEAD3;BMP7;TEAD1;FZD2;WWC1;SMAD1;BMP6;FZD1;CDH1;YAP1;TP53BP2;WNT5B;WNT4;SMAD7;NKD1;LEF1;FGF1;WTIP;BMPR1A;AMOT;DCHS1;GDF7;PATJ;TGFBR2;PARD6G;BIRC3;FRMD1;TGFBR1;FZD10;RASSF2;BIRC2;FZD7;LATS2;TP73;FZD5;SMAD2;BMP2;WNT5A;WNT11;FZD8;MOB1A;BMPR2;MOB1B;SNAI2;YWHAQ;ACTG1;WNT7B;TCF7
prerank,Cysteine and methionine metabolism,3.331530e-01,1.282716e+00,1.067961e-01,1.847146e-01,9.990000e-01,17/43,21.63%,TST;BHMT2;SDS;PHGDH;MPST;AHCY;GCLC;ADI1;IL4I1;AHCYL1;MAT2A;BCAT1;BCAT2;LDHAL6A;GSS;SRM;LDHA
prerank,mRNA surveillance pathway,-3.085399e-01,-1.276374e+00,1.055118e-01,4.958645e-01,1.000000e+00,44/87,37.13%,PPP2R2D;WDR33;DDX19B;CPSF1;PPP2R2C;GLE1;TARDBP;PAPOLG;PPP2R5E;PPP2R2B;CSTF2;SMG7;CSTF3;PABPC4;PCF11;NXF1;ACIN1;WDR82;PPP2R5D;GSPT1;MAGOHB;UPF3A;MSI2;CSTF2T;CLP1;MAGOH;PPP2R3C;RNPS1;PPP1CB;UPF2;PNN;HBS1L;ALYREF;CPSF6;UPF3B;PABPC1L2B;SRRM1;SMG5;FUS;PPP2R1A;DAZAP1;PABPC3;PPP2R5C;SMG1
prerank,Cardiac muscle contraction,-3.186307e-01,-1.272716e+00,1.185647e-01,4.930048e-01,1.000000e+00,24/70,23.97%,CACNG2;CACNG8;RYR2;CACNA2D3;CACNG7;CACNA1C;COX7A1;CACNA1D;ATP1A4;ATP1A1;CACNB4;TNNT2;UQCRC2;CACNB1;TPM1;CACNB3;UQCRC1;SLC8A2;CACNA2D1;ATP1B1;TNNC1;CYC1;UQCRH;UQCRHL
prerank,NOD-like receptor signaling pathway,2.655758e-01,1.263534e+00,7.120743e-02,2.047531e-01,1.000000e+00,37/128,19.80%,PSTPIP1;TRIP6;ANTXR1;PKN1;CYBB;GBP3;CYBA;CXCL3;IRF7;ERBIN;CARD6;IRF9;GBP4;MAPK3;CASP1;PYCARD;TXNIP;SHARPIN;IFI16;OAS1;TLR4;CARD8;NEK7;GABARAP;OAS3;TXN;MEFV;MYD88;CXCL2;PLCB2;PRKCD;TRPV2;ITPR2;TAB2;BIRC3;RHOA;TP53BP1
prerank,Necroptosis,2.746751e-01,1.255403e+00,8.357349e-02,2.128516e-01,1.000000e+00,24/103,13.31%,PYGL;PARP1;TLR3;CYBB;GLUD2;TNFRSF10B;TNFRSF1A;CYLD;IL33;GLUD1;JAK3;IRF9;PYGM;IFNGR1;PPID;FTL;CASP1;PYCARD;CAPN2;MLKL;SHARPIN;STAT5A;TLR4;CHMP4A
prerank,Selenocompound metabolism,-4.691624e-01,-1.247892e+00,1.980952e-01,5.610968e-01,1.000000e+00,5/13,17.25%,KYAT1;TXNRD2;MTR;PAPSS2;SEPHS2
prerank,Carbohydrate digestion and absorption,-3.907965e-01,-1.246931e+00,1.731749e-01,5.489305e-01,1.000000e+00,17/26,28.98%,PIK3R1;PRKCB;PLCB1;CACNA1D;PIK3R2;ATP1A4;ATP1A1;AKT1;AKT3;AKT2;HK1;ATP1B1;PIK3CA;AMY2A;PIK3CB;SLC37A4;ATP1A3
prerank,Hedgehog signaling pathway,-3.433935e-01,-1.245245e+00,1.672414e-01,5.397442e-01,1.000000e+00,21/45,27.74%,CUL3;GRK3;GRK2;CCND2;EFCAB7;IQCE;GSK3B;GPR161;CSNK1G1;CUL1;SPOPL;MEGF8;ARRB2;CDON;CSNK1G2;SMURF1;MGRN1;GAS1;PTCH2;FBXW11;SPOP
prerank,PI3K-Akt signaling pathway,2.365163e-01,1.244803e+00,1.492537e-02,2.239371e-01,1.000000e+00,86/269,24.17%,LAMA1;ITGB7;THBS4;COMP;PKN1;LPAR6;HSP90B1;CREB3L2;EFNA2;F2R;CSF1R;FGF2;LAMB1;ITGB5;TNC;PDGFRA;JAK3;ITGA1;SOS2;ITGB8;THBS1;CREB5;GNG8;ITGB4;SYK;IL3RA;THBS2;COL1A2;FGFR3;LAMB2;GNG4;RXRA;G6PC3;MAPK3;PPP2R3B;COL9A1;FGFR1;RELN;IL4R;GNG12;PPP2R5A;SPP1;FGF1;COL4A5;NRAS;BRCA1;PDGFA;TLR4;COL4A4;ITGA5;FGF3;DDIT4;CREB3L4;EIF4EBP1;ANGPT2;MYB;NOS3;EFNA1;PHLPP1;SGK1;PDGFB;PIK3AP1;COL6A3;CDKN1A;COL9A2;ITGA6;ERBB3;GNG7;TSC1;LAMC2;ERBB2;CDK6;CREB3L1;TCL1B;TNXB;CDK4;PIK3CD;VEGFC;PPP2R3A;IL2RB;FN1;SGK2;CSH1;GNG11;TLR2;LPAR1
prerank,MicroRNAs in cancer,-2.799189e-01,-1.239576e+00,8.172363e-02,5.449500e-01,1.000000e+00,32/144,16.87%,HDAC4;PTGS2;PRKCE;SPRY2;PIK3R1;GLS2;PRKCA;ZFPM2;PRKCB;MMP16;GLS;PLAU;BCL2L2;EFNA5;RPTOR;FOXP1;MET;UBE2I;PIK3R2;CCND2;FZD3;IRS1;EFNA3;RAF1;EZH2;DNMT1;EP300;MYC;CREBBP;TPM1;GRB2;ABCC1
prerank,Apelin signaling pathway,-2.866496e-01,-1.235142e+00,1.263001e-01,5.460399e-01,1.000000e+00,30/117,21.28%,HDAC4;EGR1;ADCY1;PRKCE;MEF2C;ITPR1;PLCB1;RYR2;CALML4;MEF2A;TFAM;GNB3;ADCY9;GABARAPL1;RPS6KB1;CALML6;AKT1;RAF1;AKT3;PDE3B;NOS2;AKT2;ADCY6;PPARGC1A;GNB5;GNAI1;SLC8A2;PIK3R4;NRF1;PRKAB2
prerank,Fatty acid biosynthesis,4.238912e-01,1.229884e+00,1.969697e-01,2.423126e-01,1.000000e+00,4/14,12.95%,ACSL4;ACSBG1;CBR4;HSD17B8
prerank,Axon guidance,-2.703075e-01,-1.225704e+00,9.103448e-02,5.640991e-01,1.000000e+00,41/172,16.04%,RND1;SEMA5B;PLXNA4;NCK2;LRRC4;PIK3R1;CAMK2A;PRKCA;SLIT2;EPHB2;UNC5D;CAMK2G;EFNA5;ROCK2;FES;EPHB6;PLXNA2;SRGAP3;NGEF;MET;PIK3R2;SEMA4C;SEMA7A;FZD3;UNC5A;RASA1;NTN4;EFNA3;GSK3B;SEMA6D;RAF1;PPP3CA;ABLIM2;EPHA5;PAK5;EPHA4;PARD6A;PPP3CB;LRRC4C;EPHB1;EPHA3
prerank,Neuroactive ligand-receptor interaction,2.370722e-01,1.219924e+00,4.316547e-02,2.545597e-01,1.000000e+00,79/229,24.24%,DRD2;OPRM1;EDNRB;HTR7;NTSR2;PARD3;CHRM4;C3;OXTR;P2RY13;LPAR6;F2R;AGT;MLNR;OPRK1;GABRE;S1PR1;TSPO;CHRNA3;P2RX3;TBXA2R;HRH3;GLRA2;CHRNA4;ADRB2;FPR1;LEPR;GABBR1;TACR2;KISS1;APLN;PTGIR;S1PR4;GABRG1;P2RY1;GNRH2;GLRA3;AVPR2;CNR2;NPB;ADRA1D;GAL;GRID1;CYSLTR1;OXT;TAAR5;GABRA3;C3AR1;S1PR5;CALCA;APLNR;ADCYAP1R1;LTB4R2;HTR2C;CHRNB2;CRH;PTGER2;GRM2;NPW;GPR156;CHRM5;GHSR;ADM;SSTR3;PTGER4;TSHB;UCN2;PRLHR;GHRHR;HCRT;GRID2;GIPR;NPBWR1;NMBR;KISS1R;CSH1;NMB;LPAR1;LHB
prerank,"Parathyroid hormone synthesis, secretion and action",-2.999217e-01,-1.218860e+00,1.481481e-01,5.738984e-01,1.000000e+00,13/84,9.49%,EGR1;ADCY1;MAFB;MEF2C;PRKCA;ITPR1;PRKCB;MMP16;PLCB1;ATF6B;MEF2A;PDE4A;ADCY9
prerank,Signaling pathways regulating pluripotency of stem cells,2.586065e-01,1.216904e+00,1.057402e-01,2.560348e-01,1.000000e+00,22/117,10.75%,ZFHX3;INHBB;FZD9;ID4;ONECUT1;WNT6;SOX2;FGF2;FZD2;SMAD1;ZIC3;JAK3;MEIS1;FZD1;REST;WNT5B;WNT4;FGFR3;MAPK3;LIFR;FGFR1;NEUROG1
prerank,Autophagy,-2.759902e-01,-1.208437e+00,1.210762e-01,5.957579e-01,1.000000e+00,32/130,17.48%,PIK3R1;MAPK10;ITPR1;DAPK3;ATG14;CAMKK2;ATG16L1;RPTOR;NRBF2;PIK3R2;IRS1;CTSB;GABARAPL1;RPS6KB1;ATG2B;AKT1;TRAF6;RAF1;ATG10;DAPK1;AKT3;ULK1;UVRAG;ATG5;IGBP1;IGF1R;RB1CC1;ATG13;ATG4D;MAPK8;WIPI2;AKT2
prerank,Cholinergic synapse,-2.868105e-01,-1.207860e+00,1.377778e-01,5.841850e-01,1.000000e+00,22/100,13.46%,KCNJ3;ADCY1;KCNJ6;PIK3R1;CAMK2A;PRKCA;ITPR1;PRKCB;CAMK2G;PLCB1;CACNA1C;CHRM1;CACNA1A;CACNA1D;KCNQ5;PIK3R2;GNB3;ADCY9;AKT1;CACNA1B;KCNJ4;AKT3
prerank,SNARE interactions in vesicular transport,-3.597465e-01,-1.206867e+00,2.084006e-01,5.743680e-01,1.000000e+00,10/32,22.27%,STX1B;GOSR1;STX6;STX5;STX19;STX3;STX8;USE1;STX1A;STX16
prerank,Endocrine and other factor-regulated calcium reabsorption,-3.380968e-01,-1.206674e+00,1.803005e-01,5.626514e-01,1.000000e+00,18/44,23.42%,PRKCA;PRKCB;PLCB1;ATP2B3;ATP2B2;ATP1A4;ATP1A1;ADCY9;BDKRB2;DNM1;CLTA;GNAS;ADCY6;SLC8A2;ATP2B1;ATP1B1;AP2A2;CLTB
prerank,MAPK signaling pathway,-2.536539e-01,-1.205803e+00,7.552083e-02,5.534926e-01,1.000000e+00,64/250,18.59%,MAP3K13;FGF17;MEF2C;RPS6KA3;MAPK10;CACNG2;CACNA1I;PRKCA;CACNG8;PRKCB;DUSP8;DUSP7;FGF9;CACNA2D3;EFNA5;CACNG7;ECSIT;CACNA1C;CACNA1A;CACNA1D;NLK;MET;MAP3K12;CACNB4;MAP3K4;RASA1;RAPGEF2;EFNA3;MAPK8IP3;AKT1;MAPKAPK5;TRAF6;MKNK2;RAF1;PPP3CA;CACNA1B;MAPK13;SRF;AKT3;BDNF;MAP4K2;FGF18;IGF1R;PPP3CB;MYC;MKNK1;CACNB1;NTRK2;STK4;CACNB3;NR4A1;GRB2;MAPK8;PPM1B;IKBKG;DUSP2;PAK1;AKT2;TRADD;DAXX;MAPK14;PPM1A;DUSP4;RASA2
prerank,Tuberculosis,2.488271e-01,1.201769e+00,7.167235e-02,2.767055e-01,1.000000e+00,41/138,20.81%,ITGB2;ATP6V0A4;C3;FCGR2A;CASP10;TNFRSF1A;ITGAX;HLA-DQB1;HSPA9;FCGR3A;RFXANK;HLA-DMA;SYK;LAMP1;HLA-DOA;HLA-DRB5;IFNGR1;FCER1G;HLA-DRB1;IL10RB;TCIRG1;MAPK3;TLR1;HLA-DRB4;HLA-DMB;CD14;TLR4;IL10RA;CD74;HLA-DOB;HLA-DRA;HSPD1;HLA-DPA1;MYD88;CAMK2D;ATP6V0B;RHOA;TLR9;CTSS;ITGAM;HLA-DRB3
prerank,RNA transport,-2.706170e-01,-1.200345e+00,1.276006e-01,5.594357e-01,1.000000e+00,63/146,34.77%,EIF4E1B;DDX19B;PHAX;NUP98;TGS1;THOC5;EIF4A2;GLE1;POP1;UBE2I;EIF5;TARDBP;PAIP1;NUP155;EIF1AX;EIF3E;SEH1L;PABPC4;SUMO1;NUP85;EIF4G3;TACC3;NUP54;NUP153;NXF1;CYFIP1;FMR1;NUP62;EIF2B1;ACIN1;EIF2B5;SUMO2;EIF4B;POP7;MAGOHB;UPF3A;THOC7;GEMIN7;GEMIN2;RANBP2;RPP25;NUP35;MAGOH;RNPS1;UPF2;GEMIN4;PNN;NUP214;POP5;AAAS;NUP58;ALYREF;NUP43;UPF3B;PABPC1L2B;RAE1;EIF2S3;RANGAP1;EIF3D;SRRM1;NUP210;EIF1B;FUS
prerank,Herpes simplex virus 1 infection,-2.407926e-01,-1.200067e+00,7.334963e-02,5.487573e-01,1.000000e+00,101/427,20.78%,ZNF786;ZNF519;ZNF398;ZNF8;ZNF74;ZFP14;PIK3R1;SRPK1;ZNF547;POU2F2;ZFP69B;ZNF785;TICAM1;BID;ZNF136;ZNF670;ZNF563;ZNF324;ZNF250;IFNGR2;ZNF133;ZNF540;ZNF549;ZNF782;ZNF791;ZNF777;ZNF544;ZNF780B;ZNF669;TRAF3;ZNF587;ZNF7;ZNF454;ZNF124;ZNF768;ZNF736;ZNF212;SRSF8;PIK3R2;ZNF235;ZFP82;ZNF551;ZNF534;CARD9;ZNF853;ZNF214;ZNF382;ZNF267;IRF3;ZNF302;ZNF343;ZNF780A;ZNF273;ZNF304;AKT1;ZNF184;PILRA;TRAF6;ZNF12;ZNF567;ZNF514;ZNF354B;ZNF26;CFP;ZNF773;ZNF154;ZNF417;ZNF573;AKT3;ZNF557;ZNF562;ZNF460;SRSF4;JAK2;RNASEL;ZNF17;ZNF749;ZNF595;ZNF425;ZNF234;IKBKG;ZNF77;NXF1;AKT2;TRADD;ZNF257;DAXX;SRSF2;ZNF251;EIF2B1;EIF2B5;ZNF135;ZNF354C;HCFC1;SRSF1;ZNF709;ZNF337;BAK1;ZNF441;MAVS;ZNF605
prerank,Porphyrin and chlorophyll metabolism,3.674364e-01,1.198809e+00,2.121212e-01,2.786226e-01,1.000000e+00,7/22,20.43%,FXN;HMOX1;HEPH;UROS;MMAB;BLVRB;UGT2B10
prerank,Salivary secretion,-3.006900e-01,-1.190315e+00,1.932515e-01,5.677918e-01,1.000000e+00,14/70,10.54%,ADCY1;ADRB1;PRKCA;ITPR1;PRKCB;KCNMA1;PLCB1;ATP2B3;ATP2B2;CALML4;ATP1A4;ATP1A1;ADCY9;CALML6
prerank,Spliceosome,-2.743536e-01,-1.185356e+00,1.580502e-01,5.728889e-01,1.000000e+00,43/126,28.02%,HNRNPA3;TCERG1;PRPF40B;SRSF8;DDX46;RBMX;SNRPB;SNRNP40;DDX23;ISY1;PRPF19;SLU7;PPIE;SNW1;PRPF8;TRA2B;SNRPA1;SRSF4;DHX15;CDC5L;HNRNPA1;U2AF1L4;SART1;SRSF2;DHX16;ACIN1;SF3A1;CCDC12;SRSF1;MAGOHB;RBMXL1;PRPF3;SF3B1;DHX8;PRPF6;MAGOH;SRSF7;SF3A3;PPIH;XAB2;CTNNBL1;U2AF2;RBM17
prerank,Fanconi anemia pathway,-3.252505e-01,-1.183642e+00,2.225806e-01,5.667139e-01,1.000000e+00,10/47,15.40%,RAD51C;TOP3A;POLN;MUS81;FANCG;SLX4;TOP3B;POLH;FANCI;USP1
prerank,Olfactory transduction,-2.893857e-01,-1.183430e+00,1.774436e-01,5.566595e-01,1.000000e+00,14/83,11.15%,OR2L3;OR2L8;CAMK2A;GRK3;OR2AK2;GRK2;CAMK2G;SLC24A4;OR52K2;NCALD;CALML4;CALML6;PDE1A;OR2L13
prerank,Non-small cell lung cancer,-3.033629e-01,-1.182068e+00,1.963190e-01,5.504600e-01,1.000000e+00,16/65,17.48%,KIF5A;KIF5C;PIK3R1;PRKCA;PRKCB;DDB2;MET;PIK3R2;RARB;AKT1;RAF1;AKT3;RXRB;STK4;GRB2;AKT2
prerank,Retinol metabolism,3.388895e-01,1.175837e+00,2.019002e-01,3.146907e-01,1.000000e+00,11/26,22.87%,DHRS4;PNPLA4;RDH10;RDH11;ADH5;HSD17B6;CYP2W1;RDH12;UGT2B10;CYP2B6;CYP3A5
prerank,Renin secretion,-3.064961e-01,-1.172591e+00,2.121685e-01,5.693211e-01,1.000000e+00,16/58,18.04%,ADRB1;ITPR1;KCNMA1;PLCB1;CACNA1C;CALML4;CACNA1D;EDNRA;CTSB;CALML6;PDE1A;PPP3CA;PDE3B;PPP3CB;GNAS;ADCY6
prerank,cAMP signaling pathway,-2.559782e-01,-1.166263e+00,1.608392e-01,5.786428e-01,1.000000e+00,41/176,18.04%,HTR1F;ADCY1;GRIN2A;VIPR2;PIK3R1;CAMK2A;MAPK10;ADRB1;VIP;CAMK2G;RYR2;GRIN1;ROCK2;ATP2B3;CACNA1C;ATP2B2;CHRM1;CALML4;CACNA1D;PIK3R2;ATP1A4;EDNRA;ATP1A1;PDE4A;ADCY9;CALML6;AKT1;RAF1;GRIA2;AKT3;BDNF;GRIA3;PDE3B;EP300;CREBBP;ARAP3;MAPK8;PAK1;AKT2;GNAS;ADCY6
prerank,Pancreatic secretion,-2.985834e-01,-1.165813e+00,2.203390e-01,5.699820e-01,1.000000e+00,18/68,18.04%,ADCY1;PRKCA;ITPR1;PRKCB;KCNMA1;PLCB1;RYR2;ATP2B3;ATP2B2;ATP1A4;ATP1A1;ADCY9;TPCN2;PRSS2;CHRM3;CCK;GNAS;ADCY6
prerank,Synaptic vesicle cycle,-2.988254e-01,-1.165778e+00,2.059282e-01,5.602225e-01,1.000000e+00,14/66,12.95%,STXBP1;STX1B;UNC13B;SNAP25;CPLX2;UNC13C;CACNA1A;SLC17A7;NAPA;CPLX1;DNM1;STX3;CLTA;CACNA1B
prerank,Platelet activation,2.543553e-01,1.163709e+00,1.677019e-01,3.324377e-01,1.000000e+00,33/97,22.73%,VAMP8;ORAI1;APBB1IP;FCGR2A;F2R;PLCG2;TBXAS1;GUCY1A1;RAP1B;TBXA2R;GNA13;TLN1;SYK;COL1A2;FCER1G;PTGIR;MAPK3;P2RY1;MYL12B;NOS3;MYL12A;PLCB2;VASP;ITPR2;RHOA;ADCY7;P2RY12;RASGRP2;FYN;PLCB4;PIK3CD;ARHGEF1;GP9
prerank,Adherens junction,2.729308e-01,1.161480e+00,1.955923e-01,3.330269e-01,1.000000e+00,22/67,22.16%,TCF7L1;PARD3;RAC2;WASF2;IQGAP1;CDH1;LEF1;PTPRM;MAPK3;CDC42;FGFR1;PTPRF;NECTIN2;TGFBR2;YES1;RHOA;ERBB2;TGFBR1;RAC3;PTPRJ;TJP1;FYN
prerank,Ferroptosis,3.069859e-01,1.153046e+00,2.183623e-01,3.454454e-01,1.000000e+00,13/36,26.82%,CYBB;ACSL4;HMOX1;SLC40A1;GCLC;FTL;SLC7A11;TF;SLC3A2;GSS;STEAP3;GPX4;ACSL1
prerank,Ras signaling pathway,-2.501426e-01,-1.148747e+00,1.717033e-01,6.036182e-01,1.000000e+00,46/186,19.45%,FGF17;KSR2;GRIN2A;PIK3R1;MAPK10;PRKCA;RASA3;PRKCB;FGF9;GRIN1;EFNA5;RASAL2;RALB;ETS2;CALML4;MET;PIK3R2;GNB3;RASA1;REL;EFNA3;ETS1;CALML6;AKT1;RAF1;PAK5;AKT3;BDNF;LAT;FGF18;IGF1R;ABL2;RAPGEF5;NTRK2;SHOC2;SHC3;STK4;GRB2;MAPK8;IKBKG;PAK1;AKT2;RASA2;SYNGAP1;ELK1;GNB5
prerank,Proteoglycans in cancer,2.280733e-01,1.143930e+00,1.360294e-01,3.597866e-01,1.000000e+00,57/171,25.39%,FZD9;HPSE2;WNT6;PLCG2;FGF2;FZD2;TIMP3;SMO;ITGB5;MMP9;SOS2;THBS1;RRAS;FZD1;IQGAP1;COL1A2;PTPN11;WNT5B;WNT4;MAPK3;ANK3;RDX;CDC42;FGFR1;EZR;MSN;NRAS;VAV1;SDC2;HIF1A;CD44;TLR4;ITGA5;ANK2;FLNB;CAMK2D;CDKN1A;ITPR2;HBEGF;ERBB3;DCN;RHOA;ERBB2;CD63;FZD10;RRAS2;SDC4;PIK3CD;ARHGEF1;FZD7;FN1;TLR2;HCLS1;HRAS;FZD5;SMAD2;MTOR
prerank,Basal transcription factors,-3.243464e-01,-1.135179e+00,2.712418e-01,6.370695e-01,1.000000e+00,16/39,30.45%,TAF4B;GTF2A1;TAF6;GTF2H4;TAF5;GTF2F1;TAF15;TAF8;TAF13;TAF4;GTF2B;MNAT1;TAF1L;TBP;TAF5L;ERCC3
prerank,Other glycan degradation,3.782601e-01,1.131880e+00,2.958716e-01,3.803559e-01,1.000000e+00,9/16,36.89%,FUCA2;AGA;FUCA1;ENGASE;MANBA;NEU3;GBA;HEXA;MAN2B1
prerank,Fc gamma R-mediated phagocytosis,2.521993e-01,1.130167e+00,2.000000e-01,3.798223e-01,1.000000e+00,27/85,20.58%,PTPRC;SCIN;RAC2;FCGR2A;PLCG2;DOCK1;WASF2;PLPP3;LIMK2;FCGR3A;INPP5D;GSN;SYK;ASAP3;ARPC1B;MAPK3;CDC42;VAV1;ARPC3;PRKCD;VASP;DNM2;MARCKSL1;HCK;PLD1;PLPP2;ARPC5
prerank,Ether lipid metabolism,3.126029e-01,1.129918e+00,2.658537e-01,3.763768e-01,1.000000e+00,12/33,27.68%,PLPP3;LPCAT2;GAL3ST1;PAFAH2;PLA2G5;UGT8;PLD1;PLPP2;PLA2G12A;PLB1;ENPP2;PLA2G6
prerank,Neurotrophin signaling pathway,-2.700828e-01,-1.129589e+00,2.377415e-01,6.446970e-01,1.000000e+00,26/108,18.03%,RPS6KA3;PIK3R1;CAMK2A;MAPK10;MATK;CAMK2G;KIDINS220;CALML4;SORT1;PIK3R2;IRS1;CALML6;GSK3B;AKT1;TRAF6;RAF1;MAPK13;AKT3;BDNF;NTRK2;SHC3;GRB2;MAPK8;NTRK3;AKT2;MAPK14
prerank,Linoleic acid metabolism,4.230881e-01,1.126913e+00,3.085339e-01,3.782705e-01,1.000000e+00,5/11,27.68%,CYP2J2;PLA2G5;PLA2G12A;PLB1;PLA2G6
prerank,Peroxisome,2.617185e-01,1.126081e+00,2.377261e-01,3.759090e-01,1.000000e+00,14/73,11.87%,EPHX2;ACSL4;ACOX2;DHRS4;NUDT7;HMGCL;PIPOX;PEX10;ECI2;MPV17L2;MLYCD;PMVK;ACOX1;ACAA1
prerank,Small cell lung cancer,-2.768140e-01,-1.119808e+00,2.573643e-01,6.680055e-01,1.000000e+00,19/82,17.48%,PTGS2;PIK3R1;ITGA2B;DDB2;LAMA3;TRAF3;PIK3R2;RARB;LAMB3;AKT1;TRAF6;AKT3;ZBTB17;LAMC1;NOS2;MYC;RXRB;IKBKG;AKT2
prerank,Arrhythmogenic right ventricular cardiomyopathy,2.665874e-01,1.118968e+00,2.106742e-01,3.860866e-01,1.000000e+00,14/63,13.38%,CACNG4;LAMA1;ITGB7;TCF7L1;ITGB5;GJA1;LMNA;ITGA1;ITGB8;ITGB4;LEF1;SGCA;SGCB;ITGA5
prerank,FoxO signaling pathway,-2.661313e-01,-1.115944e+00,2.760181e-01,6.705410e-01,1.000000e+00,35/107,27.19%,PIK3R1;MAPK10;PLK2;FBXO32;NLK;PIK3R2;CCND2;IRS1;CCNG2;GABARAPL1;AKT1;AGAP2;RAF1;MAPK13;AKT3;PLK1;EP300;IGF1R;CREBBP;STK4;GRB2;MAPK8;AKT2;MAPK14;FOXG1;PRKAB2;CDKN1B;MAPK11;HOMER1;FBXO25;PDPK1;SETD7;PRKAB1;PIK3CA;MAPK9
prerank,C-type lectin receptor signaling pathway,-2.722128e-01,-1.115501e+00,2.503888e-01,6.616989e-01,1.000000e+00,24/88,18.67%,PTGS2;PIK3R1;MAPK10;ITPR1;EGR2;CALML4;MALT1;PIK3R2;NLRP3;CARD9;CALML6;AKT1;RAF1;PPP3CA;MAPK13;LSP1;AKT3;PPP3CB;MAPK8;IKBKG;PAK1;AKT2;MAPK14;ARHGEF12
prerank,Purine metabolism,2.377176e-01,1.113651e+00,2.402402e-01,3.931698e-01,1.000000e+00,29/105,21.61%,PNP;AK3;NME4;PDE11A;GUCY1A1;APRT;NT5C;PDE5A;AK9;URAD;PDE3A;AMPD3;AK4;FHIT;NT5C2;PDE9A;PDE6G;ADA2;ATIC;ENPP1;PDE6B;ADA;NT5E;ADCY7;PAPSS1;ENTPD2;ENPP4;ADK;NUDT16
prerank,African trypanosomiasis,-3.575020e-01,-1.112110e+00,3.041958e-01,6.620988e-01,1.000000e+00,4/23,10.55%,PRKCA;PRKCB;PLCB1;KNG1
prerank,Prolactin signaling pathway,-2.918013e-01,-1.108358e+00,2.776860e-01,6.647874e-01,1.000000e+00,17/56,18.03%,PIK3R1;MAPK10;PIK3R2;CCND2;SOCS5;GSK3B;AKT1;RAF1;SOCS2;MAPK13;AKT3;JAK2;SHC3;GRB2;MAPK8;AKT2;MAPK14
prerank,Chagas disease,-2.715451e-01,-1.104750e+00,2.899687e-01,6.669025e-01,1.000000e+00,22/84,18.03%,PPP2R2D;ADCY1;PIK3R1;MAPK10;TICAM1;PLCB1;PPP2R2C;IFNGR2;PIK3R2;BDKRB2;KNG1;AKT1;TRAF6;MAPK13;AKT3;PPP2R2B;NOS2;MAPK8;IKBKG;AKT2;GNAS;MAPK14
prerank,Focal adhesion,2.196704e-01,1.103791e+00,1.909722e-01,4.110259e-01,1.000000e+00,53/176,23.11%,LAMA1;ITGB7;THBS4;COMP;RAC2;DOCK1;LAMB1;ITGB5;TNC;PDGFRA;ITGA1;SOS2;RAP1B;ITGB8;THBS1;ITGB4;TLN1;THBS2;COL1A2;LAMB2;MAPK3;CDC42;COL9A1;RELN;CAPN2;SPP1;COL4A5;MYL5;VAV1;PDGFA;COL4A4;ITGA5;MYL12B;MYL12A;SHC1;FLNB;PDGFB;COL6A3;COL9A2;ITGA6;VASP;BIRC3;RHOA;LAMC2;ERBB2;PAK2;RAC3;FYN;TNXB;BIRC2;PIK3CD;VEGFC;FN1
prerank,Glycerolipid metabolism,2.736494e-01,1.101165e+00,2.622108e-01,4.127700e-01,1.000000e+00,16/50,23.31%,PLPP4;ALDH9A1;AGPAT5;PLPP3;GPAM;LPL;ALDH2;ALDH3A2;LPIN3;MBOAT2;GLYCTK;PLPP2;MBOAT1;ALDH7A1;LPIN1;DGKH
prerank,Longevity regulating pathway,-2.622470e-01,-1.095057e+00,2.859259e-01,6.887187e-01,1.000000e+00,32/92,26.68%,ADCY1;EIF4E1B;PIK3R1;ATF6B;CAMKK2;RPTOR;PIK3R2;IRS1;ADCY9;RPS6KB1;AKT1;SESN1;AKT3;ULK1;ATG5;IGF1R;RB1CC1;ATG13;AKT2;ADCY6;PPARGC1A;ATF2;PRKAB2;EHMT1;CREB1;APPL1;ADCY2;ATF4;NFKB1;EHMT2;PRKAB1;PIK3CA
prerank,Aminoacyl-tRNA biosynthesis,-3.463820e-01,-1.094506e+00,3.333333e-01,6.801741e-01,1.000000e+00,15/24,38.65%,AARS2;NARS2;QRSL1;MTFMT;SARS2;FARS2;CARS2;TARS2;GATB;EARS2;YARS2;FARSA;SEPSECS;VARS2;IARS2
prerank,Salmonella infection,2.083324e-01,1.094135e+00,2.024291e-01,4.241646e-01,1.000000e+00,60/230,22.61%,TUBB2B;PTPRC;PKN1;ANXA2;TCF7L1;RHOB;TUBB3;HSP90B1;TNFRSF10B;TNFRSF1A;RALA;DYNC1I2;KLC1;SNX18;CYTH4;PIK3C2A;RRAS;FYCO1;S100A10;ARPC1B;LEF1;MAPK3;TUBA1C;CASP1;CDC42;PYCARD;FHOD1;MLKL;CD14;ELMO2;MYL5;CASP7;TLR4;TLR5;RHOG;MYL12B;MYL12A;FLNB;TXN;TUBB4B;MYD88;EXOC5;TUBB4A;ARPC3;TAB2;DNM2;BIRC3;RHOA;TLR9;TUBB6;ARPC5;ACTR1A;DYNC1LI2;MYO6;ARHGEF26;AHNAK;DYNLT3;BIRC2;TNFSF10;PIK3CD
prerank,Pathways in cancer,1.954481e-01,1.090227e+00,1.287129e-01,4.296238e-01,1.000000e+00,129/429,25.16%,LAMA1;EDNRB;FZD9;IL13RA1;TCF7L1;HEYL;CXCR4;WNT6;RAC2;LPAR6;HMOX1;HSP90B1;FOXO1;TXNRD3;RB1;F2R;PLCG2;HEY2;CSF1R;RALA;AGT;GLI3;MGST1;FGF2;FZD2;LAMB1;GNA12;SMO;RASGRP3;MMP9;PDGFRA;JAK3;ALK;SOS2;GSTP1;GSTO2;NOTCH2;GNG8;GNA13;FZD1;CEBPA;CDH1;IL3RA;WNT5B;NFE2L2;WNT4;FGFR3;LAMB2;GNG4;RXRA;IFNGR1;NQO1;LEF1;MAPK3;EGLN3;MSH3;CDC42;TXNRD1;FGFR1;HDAC1;IL4R;GNG12;FGF1;COL4A5;HHIP;NRAS;HES1;CASP7;RPS6KA5;PDGFA;EGLN1;STAT5A;HIF1A;COL4A4;FGF3;TRAF4;PIM2;GLI1;PDGFB;HES5;JUP;TGFBR2;CAMK2D;CDKN1A;EML4;PLCB2;ITGA6;CSF2RA;PTGER2;JAG1;DLL1;GNG7;BIRC3;RHOA;LAMC2;ERBB2;ADCY7;PLD1;RASGRP4;CDK6;TGFBR1;FZD10;ELOB;RAC3;SUFU;SP1;RASGRP2;PTGER4;BIRC2;PLCB4;CDK4;PIK3CD;ARHGEF1;VEGFC;FZD7;IL2RB;FN1;EPAS1;GNG11;LPAR1;MECOM;XIAP;CKS1B;HRAS;AR;TFG;FZD5;VEGFB;SMAD2
prerank,Proteasome,2.803514e-01,1.089180e+00,2.872340e-01,4.276051e-01,1.000000e+00,14/43,27.90%,PSMB10;SEM1;PSMB1;POMP;PSME1;PSMB9;PSMB2;PSME2;PSMA3;PSMB4;PSMA7;PSMD8;PSMB8;PSMC1
prerank,Hepatocellular carcinoma,2.235565e-01,1.087867e+00,2.277580e-01,4.267301e-01,1.000000e+00,24/147,10.59%,FZD9;TCF7L1;WNT6;HMOX1;TXNRD3;RB1;PLCG2;ACTL6A;DPF3;MGST1;FZD2;SOS2;GSTP1;GSTO2;PHF10;FZD1;WNT5B;NFE2L2;WNT4;NQO1;SMARCD3;LEF1;MAPK3;TXNRD1
prerank,Galactose metabolism,3.369849e-01,1.085079e+00,3.452685e-01,4.288303e-01,1.000000e+00,5/22,9.07%,GALM;HK2;B4GALT1;G6PC3;GALT
prerank,Taste transduction,-2.789420e-01,-1.081281e+00,3.291339e-01,7.148907e-01,1.000000e+00,18/61,23.63%,HTR1F;TAS2R14;PLCB1;TAS2R10;CACNA1C;CACNA1A;GNB3;PDE1A;TAS2R4;GABRA1;PKD2L1;CHRM3;ADCY6;TAS2R31;TAS2R5;TAS2R13;SCN2A;CALHM1
prerank,Sphingolipid signaling pathway,-2.511224e-01,-1.075031e+00,3.114754e-01,7.265760e-01,1.000000e+00,25/105,18.06%,PPP2R2D;PRKCE;PIK3R1;MAPK10;PRKCA;PRKCB;BID;PLCB1;PPP2R2C;ROCK2;PIK3R2;BDKRB2;KNG1;AKT1;PPP2R5E;RAF1;MAPK13;AKT3;PPP2R2B;ABCC1;MAPK8;AKT2;TRADD;MAPK14;NSMAF
prerank,Amoebiasis,2.482935e-01,1.072328e+00,3.284884e-01,4.541976e-01,1.000000e+00,24/68,24.07%,LAMA1;ITGB2;HSPB1;CXCL3;LAMB1;GNAL;COL1A2;LAMB2;CD14;COL4A5;C8G;MUC2;TLR4;COL4A4;SERPINB6;PRDX1;CXCL2;PLCB2;LAMC2;ITGAM;PLCB4;PIK3CD;FN1;TLR2
prerank,Osteoclast differentiation,2.349068e-01,1.071668e+00,3.027523e-01,4.514505e-01,1.000000e+00,17/97,9.85%,NFATC1;LILRB4;BLNK;FCGR2A;CYBA;TYROBP;TNFRSF1A;PLCG2;CSF1R;CYLD;SOCS1;FCGR3A;IRF9;SYK;IFNGR1;LILRA4;MAPK3
prerank,Lysine degradation,-2.785980e-01,-1.070538e+00,3.312203e-01,7.318169e-01,1.000000e+00,16/59,16.12%,PRDM2;ASH1L;SETDB1;EZH1;SUV39H2;SMYD2;KMT2B;SETDB2;NSD3;SETD1A;EZH2;KMT5B;TMLHE;SETD2;DOT1L;NSD2
prerank,Adipocytokine signaling pathway,2.636886e-01,1.066364e+00,3.403694e-01,4.598445e-01,1.000000e+00,10/53,10.28%,PPARA;CPT1A;ACSL4;ACSBG1;TNFRSF1A;LEPR;PTPN11;RXRA;G6PC3;ADIPOR2
prerank,VEGF signaling pathway,-2.848129e-01,-1.063270e+00,3.604294e-01,7.463131e-01,1.000000e+00,13/52,18.03%,PTGS2;PIK3R1;PRKCA;PRKCB;PIK3R2;AKT1;RAF1;PPP3CA;MAPK13;AKT3;PPP3CB;AKT2;MAPK14
prerank,Non-alcoholic fatty liver disease,-2.418170e-01,-1.059876e+00,3.481481e-01,7.471583e-01,1.000000e+00,54/137,31.55%,NDUFA10;PIK3R1;MAPK10;MLXIP;BID;COX7A1;MLXIPL;NDUFA4;PIK3R2;IRS1;GSK3B;AKT1;NDUFS1;MAPK13;MLX;AKT3;CYP2E1;UQCRC2;NDUFB5;MAPK8;UQCRC1;IL6R;AKT2;MAPK14;GSK3A;PRKAB2;CYC1;UQCRH;MAPK11;UQCRHL;ATF4;NDUFA8;NFKB1;NDUFS2;SDHB;PRKAB1;PIK3CA;NDUFB4;MAPK9;SDHA;COX5A;NDUFB9;TNF;NDUFA9;PIK3CB;NDUFC1;MAP3K5;MAPK12;UQCR10;COX6A1;NDUFS4;PRKAA2;NDUFV2;XBP1
prerank,HIF-1 signaling pathway,-2.566452e-01,-1.059119e+00,3.523392e-01,7.396721e-01,1.000000e+00,26/95,21.57%,EIF4E1B;PIK3R1;CAMK2A;PRKCA;PRKCB;CAMK2G;IFNGR2;PIK3R2;PFKP;RPS6KB1;AKT1;MKNK2;ENO2;PDK1;AKT3;EP300;IGF1R;NOS2;CREBBP;MKNK1;IL6R;AKT2;VHL;HK1;ELOC;CDKN1B
prerank,Insulin signaling pathway,-2.465815e-01,-1.058605e+00,3.347953e-01,7.316996e-01,1.000000e+00,30/118,19.40%,PPP1R3E;EIF4E1B;PIK3R1;MAPK10;RPTOR;PRKCI;CALML4;PIK3R2;PPP1R3F;IRS1;RPS6KB1;CALML6;GSK3B;AKT1;MKNK2;RAF1;SOCS2;AKT3;PDE3B;SORBS1;MKNK1;SHC3;PRKAR2B;GYS1;GRB2;MAPK8;AKT2;PPARGC1A;PRKAR1B;ELK1
prerank,Nicotinate and nicotinamide metabolism,3.005364e-01,1.054369e+00,3.629977e-01,4.848661e-01,1.000000e+00,10/27,19.35%,PNP;CD38;NT5C;QPRT;NT5C2;ENPP1;NADSYN1;NMNAT1;NT5E;NADK2
prerank,Hypertrophic cardiomyopathy,2.432304e-01,1.053096e+00,3.452381e-01,4.833483e-01,1.000000e+00,11/74,6.94%,CACNG4;LAMA1;ITGB7;TTN;AGT;ITGB5;LMNA;ITGA1;ACTC1;ITGB8;ITGB4
prerank,Ovarian steroidogenesis,2.822560e-01,1.046371e+00,3.759591e-01,4.947484e-01,1.000000e+00,6/33,5.56%,AKR1C3;CYP2J2;CYP11A1;ALOX5;CYP1B1;BMP6
prerank,Ubiquitin mediated proteolysis,-2.383483e-01,-1.043972e+00,3.595989e-01,7.716037e-01,1.000000e+00,48/134,31.86%,CUL3;UBE2QL1;PIAS2;ANAPC4;UBE2O;DDB2;FBXW7;UBE2D4;PPIL2;FBXO4;UBE2I;UBE2W;PRPF19;TRAF6;HERC1;DET1;PIAS1;CUL1;PIAS4;TRIM32;UBE2C;HERC2;SAE1;ANAPC7;UBA2;VHL;ELOC;BIRC6;UBE2K;SMURF1;PRKN;MGRN1;RHOBTB1;UBA6;CUL4B;CDC23;FBXW11;UBE2G2;CUL7;ANAPC1;COP1;UBE2Q2;UBE2J2;UBE3B;ANAPC11;RPS27A;UBE2NL;HUWE1
prerank,Mucin type O-glycan biosynthesis,2.994992e-01,1.038104e+00,4.144385e-01,5.106417e-01,1.000000e+00,7/28,11.59%,C1GALT1;B3GNT6;GALNT15;ST6GALNAC3;GALNT13;C1GALT1C1;GALNT14
prerank,Amyotrophic lateral sclerosis,-2.119575e-01,-1.035132e+00,3.811370e-01,7.916916e-01,1.000000e+00,104/320,31.55%,KIF5A;NDUFA10;GRIN2A;KIF5C;DNAH1;BID;NUP98;GRIN1;ALS2;HNRNPA3;ATG14;COX7A1;NRG3;UBQLN4;GLE1;PSMA1;NRBF2;NDUFA4;ACTR1B;TARDBP;PSMD11;TOMM40L;GABARAPL1;ATXN2L;ATG2B;NUP155;GRIA2;PPP3CA;NDUFS1;MAPK13;PSMD14;NRG4;ULK1;SEH1L;UQCRC2;PPP3CB;KLC2;NOS2;ANXA11;NDUFB5;NUP85;RB1CC1;UBQLN1;KLC4;ATG13;HNRNPA1;NUP54;WIPI2;NUP153;UQCRC1;NXF1;PFN2;DAXX;MAPK14;NUP62;PIK3R4;ATXN2;CYC1;UQCRH;PRKN;MAPK11;GPX1;PSMD6;SQSTM1;UQCRHL;RANBP2;ATF4;NDUFA8;ULK2;ATP5F1B;PSMA6;NUP35;NDUFS2;SDHB;SRSF7;PPP3R2;NDUFB4;SDHA;PPP3R1;COX5A;NDUFB9;TNF;NDUFA9;NUP214;HDAC6;NDUFC1;MAP3K5;MAPK12;ATP5F1A;TUBA4A;DCTN3;BECN1;NUP58;ACTB;PSMD2;UQCR10;PSMC4;ALYREF;NUP43;COX6A1;NDUFS4;NDUFV2;PPP3CC;XBP1
prerank,AMPK signaling pathway,-2.423758e-01,-1.033227e+00,3.813056e-01,7.880544e-01,1.000000e+00,28/100,21.74%,PPP2R2D;TBC1D1;PIK3R1;PPP2R2C;CAMKK2;RPTOR;STRADA;PIK3R2;PFKP;IRS1;RPS6KB1;CAB39L;AKT1;PPP2R5E;AKT3;ULK1;PPP2R2B;IGF1R;GYS1;ADRA1A;AKT2;PPARGC1A;EEF2;CAB39;EEF2K;PPP2R5D;PRKAB2;CREB1
prerank,Dilated cardiomyopathy,-2.530834e-01,-1.031641e+00,3.816794e-01,7.838984e-01,1.000000e+00,14/80,9.49%,ADCY1;CACNG2;ITGA2B;ADRB1;CACNG8;RYR2;CACNA2D3;CACNG7;ITGA11;CACNA1C;ITGA9;CACNA1D;CACNB4;ADCY9
prerank,Central carbon metabolism in cancer,-2.688703e-01,-1.029712e+00,4.214876e-01,7.802822e-01,1.000000e+00,15/61,17.48%,PIK3R1;GLS2;GLS;TIGAR;MET;PIK3R2;PFKP;AKT1;G6PD;RAF1;PDK1;AKT3;MYC;NTRK3;AKT2
prerank,Pathogenic Escherichia coli infection,2.067773e-01,1.026019e+00,3.711340e-01,5.370060e-01,1.000000e+00,46/165,22.82%,TUBB2B;TUBB3;FCGR2A;TNFRSF10B;TNFRSF1A;F2R;WASF2;GNA12;MYO1F;CYTH4;GNA13;PTPN11;TMED10;ARPC1B;CLDN14;MAPK3;TUBA1C;CASP1;CDC42;PYCARD;EZR;CASP7;TLR4;TLR5;MYO1B;NCK1;TUBB4B;MYD88;TUBB4A;ARPC3;TAB2;WIPF1;TMBIM6;RHOA;CLDN11;PAK2;TUBB6;CLDN3;ARPC5;TJP1;MYO10;MYO6;FYN;TNFSF10;ARHGEF1;MYH10
prerank,Wnt signaling pathway,-2.294977e-01,-1.022193e+00,4.011380e-01,7.963865e-01,1.000000e+00,32/140,19.22%,RSPO2;CAMK2A;MAPK10;PRKCA;PRKCB;TLE2;CAMK2G;PLCB1;ROCK2;DAAM1;NLK;CCND2;FZD3;FOSL1;PPARD;CBY1;GSK3B;FRAT1;PRICKLE1;PPP3CA;EP300;SFRP2;PPP3CB;CUL1;MYC;CREBBP;FZD4;MAPK8;TLE4;DVL3;RNF43;DVL2
prerank,Thyroid hormone signaling pathway,-2.435039e-01,-1.022182e+00,4.190193e-01,7.868294e-01,1.000000e+00,23/104,18.05%,PIK3R1;PRKCA;PRKCB;PLCB1;MED13L;THRB;PIK3R2;ATP1A4;NCOR1;PFKP;ATP1A1;GSK3B;AKT1;HDAC3;RAF1;AKT3;EP300;MYC;CREBBP;MED12;RXRB;AKT2;NCOA1
prerank,NF-kappa B signaling pathway,2.297296e-01,1.016964e+00,3.802395e-01,5.566525e-01,1.000000e+00,30/81,25.70%,PARP1;BLNK;EDA;DDX58;TNFRSF1A;PLCG2;CXCL3;CYLD;TNFRSF13C;SYK;ZAP70;CD14;TLR4;CARD14;MYD88;CXCL2;BCL2A1;CFLAR;TAB2;BIRC3;CARD10;LTA;TRIM25;BIRC2;ATM;LTBR;XIAP;ERC1;CCL19;CCL21
prerank,Thyroid hormone synthesis,-2.649642e-01,-1.013364e+00,4.269841e-01,8.065282e-01,1.000000e+00,10/60,9.49%,ADCY1;PRKCA;ITPR1;PRKCB;PLCB1;ATF6B;ASGR1;ATP1A4;ATP1A1;ADCY9
prerank,Vascular smooth muscle contraction,-2.386141e-01,-1.012214e+00,4.236527e-01,8.004832e-01,1.000000e+00,15/106,11.87%,ADCY1;PRKCE;PRKCA;ITPR1;PRKCB;KCNMA1;PLCB1;ROCK2;CACNA1C;CALML4;CACNA1D;EDNRA;ADCY9;CALML6;RAF1
prerank,Breast cancer,2.146653e-01,1.011917e+00,4.254658e-01,5.648479e-01,1.000000e+00,49/118,31.96%,FZD9;TCF7L1;HEYL;WNT6;RB1;HEY2;FGF2;FZD2;SOS2;NOTCH2;FZD1;WNT5B;WNT4;LEF1;MAPK3;FGFR1;FGF1;NRAS;BRCA1;HES1;FGF3;SHC1;HES5;CDKN1A;JAG1;DLL1;ERBB2;CDK6;FZD10;SP1;CDK4;PIK3CD;FZD7;SHC4;HRAS;FZD5;MTOR;WNT5A;WNT11;FZD8;KIT;NOTCH4;WNT7B;TCF7;NOTCH1;TCF7L2;JUN;EGFR;CCND1
prerank,Shigellosis,-2.189863e-01,-1.009272e+00,4.168975e-01,8.006721e-01,1.000000e+00,43/196,19.14%,PRKCE;CYTH3;GLMN;PIK3R1;MAPK10;ITPR1;ARPC5L;PLCB1;UBE2D4;ROCK2;ATG14;ATG16L1;RPTOR;MALT1;PIK3R2;TECPR1;NLRP3;GABARAPL1;RPS6KB1;DIAPH1;IRF3;GSK3B;AKT1;TRAF6;ARHGEF2;MAPK13;AKT3;WASL;ATG5;CUL1;ACTN4;TNIP1;MAPK8;WIPI2;IKBKG;U2AF1L4;ACTR2;AKT2;PFN2;TRADD;MAPK14;RNF31;TAB3
prerank,Epstein-Barr virus infection,2.013138e-01,1.006084e+00,4.587814e-01,5.748399e-01,1.000000e+00,50/166,26.39%,BLNK;DDX58;RB1;CD3D;PLCG2;ISG15;SEM1;HLA-DQB1;JAK3;IRF7;IRF9;HLA-DMA;SYK;HLA-DOA;HLA-DRB5;HLA-DRB1;CD3E;HLA-DRB4;HLA-DMB;HDAC1;HES1;OAS1;CALR;CD44;HLA-G;CD58;PDIA3;OAS3;HLA-DOB;HLA-DRA;HLA-DPA1;MYD88;CD247;CDKN1A;HLA-F;TAB2;CDK6;HLA-DRB3;B2M;HLA-E;CDK4;PIK3CD;HLA-C;RBPJ;TLR2;PSMD8;NEDD4;CASP8;FCER2;HLA-A
prerank,Choline metabolism in cancer,-2.453245e-01,-1.002131e+00,4.538462e-01,8.155984e-01,1.000000e+00,19/84,17.48%,PIK3R1;MAPK10;PRKCA;PRKCB;PIP5K1C;DGKZ;PIK3R2;PIP5K1B;SLC44A5;PIP5K1A;RPS6KB1;GPCPD1;AKT1;DGKA;RAF1;AKT3;GRB2;MAPK8;AKT2
prerank,Neutrophil extracellular trap formation,2.260915e-01,1.000710e+00,4.285714e-01,5.843581e-01,1.000000e+00,15/78,11.02%,ITGB2;CLCN5;C3;CYBB;RAC2;SELPLG;FCGR2A;CYBA;PLCG2;FCGR3A;SYK;FPR1;MAPK3;CASP1;HDAC1
prerank,T cell receptor signaling pathway,-2.464570e-01,-1.000466e+00,4.834337e-01,8.118559e-01,1.000000e+00,35/81,30.04%,NCK2;PIK3R1;MAPK10;MALT1;PIK3R2;GSK3B;AKT1;RAF1;PPP3CA;MAPK13;PAK5;AKT3;LAT;PPP3CB;GRB2;MAPK8;IKBKG;PAK1;AKT2;MAPK14;DLG1;NFATC3;MAPK11;NFKB1;PDPK1;NFKBIE;PIK3CA;PPP3R2;MAPK9;PPP3R1;TNF;PIK3CB;MAPK12;MAP3K7;PAK3
prerank,Renal cell carcinoma,-2.542388e-01,-9.938542e-01,4.571865e-01,8.250127e-01,1.000000e+00,18/63,20.83%,PIK3R1;MET;PIK3R2;ETS1;AKT1;PRCC;RAF1;PAK5;AKT3;FLCN;FH;EP300;CREBBP;GRB2;PAK1;AKT2;VHL;ELOC
prerank,TGF-beta signaling pathway,2.272885e-01,9.934554e-01,4.691011e-01,5.996607e-01,1.000000e+00,23/75,22.68%,INHBB;ID4;BMP7;SMAD1;BMP6;THBS1;NEO1;SMAD7;MAPK3;BAMBI;BMPR1A;GDF7;INHBC;SMAD9;TGFBR2;ACVR1;DCN;RHOA;ZFYVE16;TGFBR1;ACVR2B;SP1;SMAD5
prerank,Bile secretion,2.488041e-01,9.920849e-01,4.625323e-01,5.983593e-01,1.000000e+00,15/43,20.78%,EPHX1;AQP4;ABCG8;AQP1;RXRA;SLC4A4;ATP1B2;CA2;ABCG2;SLC27A5;SLCO1A2;ADCY7;SCARB1;UGT2B10;SLC22A7
prerank,Estrogen signaling pathway,-2.348536e-01,-9.919203e-01,4.948905e-01,8.220094e-01,1.000000e+00,26/108,20.28%,KCNJ3;ADCY1;KCNJ6;PIK3R1;ITPR1;PLCB1;ATF6B;KCNJ9;KRT17;KRT14;CALML4;PIK3R2;ADCY9;CALML6;AKT1;RAF1;AKT3;SHC3;GRB2;AKT2;GNAS;ADCY6;NCOA1;KRT10;ATF2;GNAI1
prerank,Acute myeloid leukemia,-2.589726e-01,-9.912444e-01,4.680851e-01,8.151293e-01,1.000000e+00,15/60,18.23%,ZBTB16;PIK3R1;PER2;PIK3R2;PPARD;RPS6KB1;RUNX1T1;AKT1;RAF1;AKT3;MYC;GRB2;IKBKG;AKT2;PIM1
prerank,Transcriptional misregulation in cancer,-2.268312e-01,-9.874550e-01,4.814815e-01,8.189354e-01,1.000000e+00,29/133,16.12%,ZBTB16;MEF2C;ETV5;IGFBP3;DDB2;PER2;PLAU;JMJD1C;CCNT2;CDK14;CDK9;MET;LDB1;NCOR1;CCND2;ID2;PBX1;REL;RUNX1T1;PRCC;CEBPB;GRIA3;ZBTB17;TSPAN7;IGF1R;MYC;DOT1L;RXRB;NSD2
prerank,Hepatitis B,-2.271192e-01,-9.851228e-01,4.870317e-01,8.172619e-01,1.000000e+00,32/132,20.71%,PIK3R1;MAPK10;PRKCA;PRKCB;DDB2;TICAM1;STAT4;BID;ATF6B;EGR2;TRAF3;PIK3R2;IRF3;AKT1;TRAF6;RAF1;MAPK13;AKT3;EP300;JAK2;MYC;CREBBP;GRB2;MAPK8;IKBKG;AKT2;MAPK14;PTK2B;ELK1;ATF2;NFATC3;MAVS
prerank,Prostate cancer,2.188278e-01,9.817784e-01,4.628099e-01,6.214001e-01,1.000000e+00,35/85,31.96%,TCF7L1;HSP90B1;FOXO1;CREB3L2;RB1;MMP9;PDGFRA;SOS2;GSTP1;CREB5;LEF1;MAPK3;FGFR1;NRAS;PDGFA;CREB3L4;PDGFB;CDKN1A;PLAT;ERBB2;CREB3L1;PIK3CD;HRAS;AR;MTOR;CASP9;CREB3;BCL2;TCF7;ZEB1;TCF7L2;CREB3L3;CCNE1;EGFR;CCND1
prerank,Toll-like receptor signaling pathway,-2.482217e-01,-9.803052e-01,4.744745e-01,8.240615e-01,1.000000e+00,15/68,18.03%,PIK3R1;MAPK10;TICAM1;TRAF3;PIK3R2;IRF3;AKT1;TRAF6;MAPK13;AKT3;LY96;MAPK8;IKBKG;AKT2;MAPK14
prerank,Diabetic cardiomyopathy,-2.169013e-01,-9.783695e-01,5.140449e-01,8.216072e-01,1.000000e+00,59/166,31.36%,NDUFA10;GFPT2;PIK3R1;CAMK2A;MAPK10;PRKCA;PRKCB;CAMK2G;PLCB1;RYR2;COX7A1;NDUFA4;PIK3R2;IRS1;GSK3B;AKT1;G6PD;NDUFS1;MAPK13;AKT3;UQCRC2;NDUFB5;GYS1;MAPK8;UQCRC1;AKT2;MAPK14;SLC25A5;SLC25A6;CYC1;UQCRH;MAPK11;SLC25A4;UQCRHL;NDUFA8;NFKB1;ATP5F1B;NDUFS2;SDHB;CAMK2B;PIK3CA;NDUFB4;PPP1CB;MAPK9;SDHA;COX5A;NDUFB9;PRKCZ;NDUFA9;PIK3CB;MPC1;NDUFC1;MAPK12;ATP5F1A;PDK2;UQCR10;COX6A1;NDUFS4;NDUFV2
prerank,Glycosaminoglycan biosynthesis,2.408738e-01,9.763862e-01,4.973262e-01,6.317308e-01,1.000000e+00,16/51,23.96%,CHST14;B4GALT1;B3GNT2;CHST11;CHST6;DSE;B4GALT7;CHST3;NDST1;HS3ST3A1;CHST7;HS3ST5;FUT8;CHPF2;GLCE;B3GALT6
prerank,Glycosylphosphatidylinositol (GPI)-anchor biosynthesis,-3.091746e-01,-9.758156e-01,5.042159e-01,8.211630e-01,1.000000e+00,3/24,5.58%,GPLD1;PIGL;PIGZ
prerank,Influenza A,2.046229e-01,9.750937e-01,5.297806e-01,6.302790e-01,1.000000e+00,43/125,25.22%,TLR3;DDX58;TNFRSF10B;TNFRSF1A;IL33;HLA-DQB1;IRF7;DNAJC3;IRF9;HLA-DMA;HLA-DOA;HLA-DRB5;IFNGR1;HLA-DRB1;MAPK3;CASP1;PYCARD;HLA-DRB4;HLA-DMB;OAS1;DNAJB1;IFIH1;TLR4;RAB11A;OAS3;HLA-DOB;HLA-DRA;HLA-DPA1;MYD88;NXF3;HNRNPUL1;CDK6;HLA-DRB3;TRIM25;CALCOCO2;TNFSF10;CDK4;PIK3CD;NXT1;FDPS;KPNA2;NXT2;XPO1
prerank,Rap1 signaling pathway,-2.143351e-01,-9.748635e-01,5.309491e-01,8.156987e-01,1.000000e+00,41/182,18.04%,FGF17;ADCY1;GRIN2A;PIK3R1;ITGA2B;PRKCA;PRKCB;PLCB1;FGF9;GRIN1;EFNA5;RALB;PRKCI;CALML4;MET;PIK3R2;ADCY9;RAPGEF2;EFNA3;CALML6;AKT1;RAF1;KRIT1;MAPK13;MAGI3;AKT3;SIPA1L1;LAT;PARD6A;FGF18;IGF1R;RAPGEF5;ARAP3;PRKD2;AKT2;EVL;PFN2;PARD6B;GNAS;MAPK14;ADCY6
prerank,Pathways of neurodegeneration,-1.949333e-01,-9.725097e-01,5.393120e-01,8.143764e-01,1.000000e+00,132/414,31.58%,KIF5A;PTGS2;NDUFA10;GRIN2A;LRRK2;KIF5C;CAMK2A;MAPK10;PRKCA;ITPR1;MAP3K10;PRKCB;DNAH1;CAMK2G;BID;PLCB1;RYR2;GRIN1;ALS2;ATG14;CACNA1C;COX7A1;CHRM1;PSMA1;NRBF2;CALML4;CACNA1D;NDUFA4;FZD3;ACTR1B;TARDBP;PSMD11;TOMM40L;GABARAPL1;ATXN2L;ATG2B;CALML6;GSK3B;DLG4;FRAT1;RAF1;GRIA2;PPP3CA;NDUFS1;CACNA1B;MAPK13;PSMD14;BDNF;ULK1;GRIA3;UQCRC2;CDK5R1;HTT;PPP3CB;KLC2;NOS2;NDUFB5;RB1CC1;FZD4;KLC4;ATG13;MAPK8;CHRM3;WIPI2;UQCRC1;DAXX;MAPK14;SLC25A5;DVL3;DVL2;STX1A;BAK1;PIK3R4;ATXN2;ATXN1;SPTBN2;SLC25A6;CYC1;UQCRH;PDYN;PRKN;MAPK11;GPX1;PSMD6;SLC25A4;SQSTM1;UQCRHL;ATF4;PARK7;NDUFA8;ULK2;IFT57;NFKB1;DVL1;ATP5F1B;PSMA6;CHRNA7;NDUFS2;SDHB;CAMK2B;PPP3R2;NDUFB4;MAPK9;SDHA;PPP3R1;UBE2G2;APC;COX5A;NDUFB9;TNF;NDUFA9;MAPT;NDUFC1;MAP3K5;MAPK12;ATP5F1A;TUBA4A;HTRA2;DCTN3;UBE2J2;BECN1;PSMD2;UQCR10;CSNK2A2;PSMC4;COX6A1;SNCA;NDUFS4;NDUFV2;PPP3CC;XBP1;RPS27A
prerank,Glycosaminoglycan degradation,3.281655e-01,9.706257e-01,4.859813e-01,6.367503e-01,1.000000e+00,3/15,7.91%,NAGLU;HPSE2;HYAL2
prerank,Chemical carcinogenesis,-2.175397e-01,-9.683096e-01,5.375887e-01,8.188509e-01,1.000000e+00,34/155,18.26%,FGF17;PTGS2;ADCY1;RPS6KA3;PIK3R1;ADRB1;PRKCA;PRKCB;EPHX4;ATF6B;FGF9;KPNA5;CACNA1C;CACNA1A;CACNA1D;PIK3R2;ADCY9;RPS6KB1;SULT1A2;AKT1;RAF1;CACNA1B;AKT3;CYP2E1;GSTT1;FGF18;JAK2;MYC;RXRB;GRB2;AKT2;GNAS;ADCY6;CDC6
prerank,mTOR signaling pathway,-2.196295e-01,-9.666802e-01,5.428973e-01,8.158713e-01,1.000000e+00,31/140,19.22%,CLIP1;RPS6KA3;EIF4E1B;PIK3R1;PRKCA;PRKCB;MIOS;RPTOR;STRADA;PIK3R2;FZD3;IRS1;RPS6KB1;CAB39L;GSK3B;AKT1;RAF1;DEPDC5;AKT3;FLCN;ULK1;SEH1L;IGF1R;FZD4;GRB2;ATP6V1E2;TTI1;AKT2;CAB39;DVL3;DVL2
prerank,N-Glycan biosynthesis,2.391190e-01,9.662928e-01,5.189873e-01,6.430296e-01,1.000000e+00,14/49,21.99%,ALG5;DOLPP1;B4GALT1;DOLK;ALG12;RPN2;DAD1;GANAB;ALG8;STT3B;RPN1;STT3A;ALG3;FUT8
prerank,Cushing syndrome,1.997653e-01,9.634857e-01,5.570470e-01,6.457662e-01,1.000000e+00,57/130,31.96%,ORAI1;FZD9;TCF7L1;CYP11A1;WNT6;CREB3L2;RB1;AGT;FZD2;PDE11A;CACNA1H;RAP1B;CREB5;FZD1;WNT5B;WNT4;LEF1;MAPK3;KCNK2;CREB3L4;CYP11B1;KCNA4;CAMK2D;CDKN1A;CYP17A1;CRH;PLCB2;ITPR2;ADCY7;SCARB1;CDK6;CREB3L1;FZD10;SP1;PLCB4;CDK4;FZD7;KCNK3;LDLR;FZD5;WNT5A;WNT11;FZD8;STAR;CREB3;USP8;WNT7B;TCF7;POMC;TCF7L2;CREB3L3;GNAI2;ADCY3;CCNE1;PRKACA;EGFR;CCND1
prerank,Pertussis,2.270239e-01,9.505599e-01,5.358090e-01,6.754608e-01,1.000000e+00,13/61,14.18%,ITGB2;C3;C1QC;C1QB;C1QA;MAPK3;CASP1;PYCARD;CD14;CASP7;TLR4;ITGA5;C1S
prerank,IL-17 signaling pathway,-2.446114e-01,-9.475830e-01,5.525040e-01,8.650059e-01,1.000000e+00,16/64,19.54%,PTGS2;FOSB;MAPK10;TRAF3;FOSL1;IL17RC;GSK3B;TRAF6;CEBPB;MAPK13;MAPK8;IKBKG;TRADD;MAPK14;TAB3;SRSF1
prerank,Melanoma,-2.519766e-01,-9.460729e-01,5.500821e-01,8.612310e-01,1.000000e+00,11/58,14.83%,FGF17;PIK3R1;DDB2;FGF9;MET;PIK3R2;AKT1;RAF1;AKT3;FGF18;IGF1R
prerank,Insulin resistance,-2.265688e-01,-9.417692e-01,5.722892e-01,8.653672e-01,1.000000e+00,38/93,29.32%,PRKCE;RPS6KA3;GFPT2;PPP1R3E;PIK3R1;MAPK10;PRKCB;MLXIP;PPARGC1B;MLXIPL;PIK3R2;IRS1;RPS6KB1;GSK3B;AKT1;MLX;AKT3;GYS1;MAPK8;AKT2;PPARGC1A;TRIB3;PRKAB2;CREB1;NFKB1;PDPK1;OGT;PRKAB1;PIK3CA;CRTC2;PPP1CB;MAPK9;RPS6KA2;PTPN1;PRKCZ;TNF;PIK3CB;SLC27A2
prerank,Alcoholism,-2.219230e-01,-9.388594e-01,5.856930e-01,8.659663e-01,1.000000e+00,23/99,20.28%,HDAC4;GRIN2A;FOSB;ATF6B;SLC29A1;HDAC8;GRIN1;CAMKK2;CALML4;CAMKK1;HDAC10;GNB3;CALML6;HDAC3;RAF1;BDNF;NTRK2;SHC3;GRB2;GNAS;GNB5;ATF2;GNAI1
prerank,Ribosome,-2.160642e-01,-9.355590e-01,6.102418e-01,8.675731e-01,1.000000e+00,52/129,35.69%,RPL15;MRPL16;MRPL33;MRPS11;RPL28;RSL24D1;RPL9;RPS7;RPS21;RPL26;MRPS17;RPSA;RPL38;RPS25;RPS4Y1;RPL10L;MRPS5;MRPL9;RPS3;RPS13;RPS29;MRPS7;RPL14;RPL13A;RPL18A;RPL22;RPL35A;RPL4;RPS9;MRPL18;RPL3;RPLP0;RPL37A;RPL21;RPL31;RPS5;RPL23A;MRPS18A;RPL27;MRPS10;RPS27A;RPS24;RPL7A;RPS3A;RPL7;MRPL4;MRPL22;RPL23;RPS12;RPS15A;RPS14;RPL10
prerank,DNA replication,-2.707775e-01,-9.298369e-01,5.665529e-01,8.763201e-01,1.000000e+00,11/35,23.85%,PRIM1;RFC5;POLE3;RFC2;MCM6;MCM4;RFC4;POLD3;MCM2;RNASEH1;DNA2
prerank,Phospholipase D signaling pathway,1.936459e-01,9.297024e-01,6.863354e-01,7.260522e-01,1.000000e+00,39/120,24.68%,AGPAT5;LPAR6;F2R;PLCG2;RALA;AGT;PLPP3;GNA12;PDGFRA;SOS2;DNM3;CYTH4;GNA13;RRAS;SYK;PTPN11;FCER1G;MAPK3;NRAS;PDGFA;AVPR2;SHC1;PDGFB;PLCB2;GRM2;DNM2;TSC1;RHOA;ADCY7;PLD1;PLPP2;RRAS2;FYN;PLCB4;PIK3CD;DGKH;SHC4;LPAR1;HRAS
prerank,Glycosphingolipid biosynthesis,-2.645131e-01,-9.292848e-01,5.577889e-01,8.698141e-01,1.000000e+00,8/38,13.56%,ST3GAL6;ST8SIA5;B4GALNT1;B3GALT2;ST3GAL2;GLA;B3GNT4;ST3GAL1
prerank,Huntington disease,-1.939594e-01,-9.271869e-01,6.492637e-01,8.675960e-01,1.000000e+00,88/266,31.36%,KIF5A;NDUFA10;KIF5C;MAPK10;ITPR1;MAP3K10;DNAH1;TAF4B;PLCB1;GRIN1;ATG14;COX7A1;PSMA1;NRBF2;BBC3;NDUFA4;TFAM;ACTR1B;PSMD11;ATG2B;DLG4;CLTA;GRIA2;NDUFS1;CACNA1B;PSMD14;BDNF;ULK1;GRIA3;UQCRC2;HTT;EP300;KLC2;CREBBP;NDUFB5;RB1CC1;KLC4;ATG13;MAPK8;WIPI2;UQCRC1;POLR2H;PPARGC1A;SLC25A5;STX1A;PIK3R4;NRF1;CREB1;POLR2D;SLC25A6;CYC1;TAF4;UQCRH;AP2A2;CLTB;GPX1;PSMD6;SLC25A4;UQCRHL;NDUFA8;ULK2;IFT57;ATP5F1B;PSMA6;NDUFS2;SDHB;NDUFB4;MAPK9;SDHA;COX5A;NDUFB9;NDUFA9;NDUFC1;MAP3K5;ATP5F1A;TUBA4A;DCTN3;BECN1;RCOR1;PSMD2;UQCR10;TBP;PSMC4;SOD2;COX6A1;AP2M1;NDUFS4;NDUFV2
prerank,Yersinia infection,-2.125342e-01,-9.236277e-01,6.169591e-01,8.695764e-01,1.000000e+00,28/124,18.93%,RPS6KA3;PIK3R1;MAPK10;TICAM1;PIP5K1C;ARPC5L;ROCK2;PIK3R2;PIP5K1B;NLRP3;PIP5K1A;IRF3;GSK3B;AKT1;TRAF6;MAPK13;WIPF2;AKT3;WASL;LAT;GIT2;MAPK8;IKBKG;ACTR2;AKT2;MAPK14;ARHGEF12;PTK2B
prerank,Thyroid cancer,2.520477e-01,9.193006e-01,6.038186e-01,7.476703e-01,1.000000e+00,6/34,12.22%,TCF7L1;CDH1;RXRA;LEF1;MAPK3;NRAS
prerank,p53 signaling pathway,2.154422e-01,9.146559e-01,6.407507e-01,7.536201e-01,1.000000e+00,8/64,7.96%,TP53I3;TNFRSF10B;PERP;AIFM2;CD82;SESN3;THBS1;CHEK2
prerank,Alzheimer disease,-1.874645e-01,-9.137684e-01,7.223650e-01,8.889813e-01,1.000000e+00,103/319,31.55%,KIF5A;PTGS2;NDUFA10;GRIN2A;KIF5C;PIK3R1;MAPK10;ITPR1;BID;PLCB1;RTN4;GRIN1;ATG14;CACNA1C;COX7A1;CHRM1;PSMA1;NRBF2;CALML4;CACNA1D;NDUFA4;PIK3R2;FZD3;IRS1;PSMD11;ATG2B;CALML6;GSK3B;AKT1;FRAT1;RAF1;IDE;PPP3CA;NDUFS1;PSMD14;AKT3;ULK1;UQCRC2;CDK5R1;PPP3CB;KLC2;NOS2;NDUFB5;RB1CC1;FZD4;KLC4;ATG13;MAPK8;CHRM3;WIPI2;UQCRC1;AKT2;ADAM17;SLC25A5;GPR83;DVL3;DVL2;PIK3R4;SLC25A6;CYC1;UQCRH;PSMD6;SLC25A4;UQCRHL;ATF4;NDUFA8;ULK2;NFKB1;DVL1;ATP5F1B;PSMA6;CHRNA7;APBB1;NDUFS2;SDHB;PIK3CA;PPP3R2;NDUFB4;MAPK9;SDHA;PPP3R1;APC;COX5A;NDUFB9;TNF;NDUFA9;MAPT;PIK3CB;NDUFC1;MAP3K5;ATP5F1A;TUBA4A;BECN1;PSMD2;UQCR10;CSNK2A2;PSMC4;COX6A1;SNCA;NDUFS4;NDUFV2;PPP3CC;XBP1
prerank,JAK-STAT signaling pathway,1.988577e-01,9.092975e-01,6.767123e-01,7.618942e-01,1.000000e+00,25/100,17.21%,IL13RA1;SOCS6;SOCS1;PDGFRA;JAK3;SOS2;IRF9;IL3RA;IFNL2;LEPR;PTPN11;IL21R;IFNGR1;IL10RB;LIFR;IL13RA2;IL4R;PDGFA;STAT5A;CTF1;IL10RA;IFNL3;PDGFB;GFAP;CDKN1A
prerank,Epithelial cell signaling in Helicobacter pylori infection,2.188787e-01,9.088423e-01,6.500000e-01,7.572945e-01,1.000000e+00,12/59,19.00%,ATP6V0A4;ATP6V0E1;PLCG2;CXCL3;PTPRZ1;PTPN11;TCIRG1;CDC42;JAM3;CXCL2;ATP6V0B;HBEGF
prerank,Synthesis and degradation of ketone bodies,3.516872e-01,9.056868e-01,5.705128e-01,7.592253e-01,1.000000e+00,2/10,5.88%,BDH2;HMGCL
prerank,Human cytomegalovirus infection,-1.963531e-01,-9.049525e-01,7.053073e-01,9.066330e-01,1.000000e+00,43/188,20.69%,PTGS2;ADCY1;PIK3R1;PRKCA;ITPR1;PRKCB;BID;PLCB1;ATF6B;ROCK2;CALML4;PIK3R2;GNB3;ADCY9;RPS6KB1;IRF3;CALML6;GSK3B;AKT1;RAF1;PPP3CA;MAPK13;AKT3;PPP3CB;MYC;GRB2;IKBKG;IL6R;AKT2;TRADD;GNAS;MAPK14;ADCY6;ARHGEF12;PTK2B;ELK1;GNB5;GNA11;ATF2;BAK1;GNAI1;CX3CL1;NFATC3
prerank,Chemokine signaling pathway,1.880217e-01,9.043918e-01,7.392739e-01,7.568898e-01,1.000000e+00,49/142,26.35%,PARD3;CXCR4;RAC2;PLCG2;CXCL3;CX3CR1;JAK3;CCR1;SOS2;RAP1B;GNG8;GNG4;MAPK3;CDC42;GNG12;NRAS;VAV1;XCR1;PREX1;CCR7;SHC1;CCL24;CXCL2;CXCR3;CCR5;PLCB2;PRKCD;ARRB1;CCL22;GNG7;RHOA;ADCY7;HCK;PPBP;RAC3;RASGRP2;GRK5;PLCB4;PIK3CD;CXCL16;SHC4;GNG11;CXCL6;CCL17;HRAS;CCL19;CCL21;GNB2;FGR
prerank,Fructose and mannose metabolism,2.668889e-01,8.980469e-01,5.951807e-01,7.669720e-01,1.000000e+00,2/23,2.56%,ENOSF1;HK2
prerank,Cytosolic DNA-sensing pathway,2.374523e-01,8.980302e-01,6.464891e-01,7.613427e-01,1.000000e+00,9/38,20.00%,DDX58;IL33;IRF7;POLR2L;CASP1;PYCARD;CGAS;POLR3C;POLR2F
prerank,Human T-cell leukemia virus 1 infection,1.737766e-01,8.899055e-01,8.129771e-01,7.750673e-01,1.000000e+00,59/189,25.22%,ITGB2;NFATC1;KAT2B;CREB3L2;BUB3;RB1;CD3D;TNFRSF1A;HLA-DQB1;TSPO;JAK3;CREB5;TNFRSF13C;TLN1;HLA-DMA;HLA-DOA;CHEK2;HLA-DRB5;HLA-DRB1;MAPK3;CD3E;NRP1;HLA-DRB4;HLA-DMB;NRAS;CALR;STAT5A;CD4;HLA-G;CREB3L4;HLA-DOB;HLA-DRA;HLA-DPA1;TGFBR2;CDKN1A;ZFP36;HLA-F;ADCY7;MAP3K1;CREB3L1;TGFBR1;HLA-DRB3;CDC27;CDC16;LTA;ESPL1;B2M;HLA-E;CDK4;PIK3CD;IL2RB;ATM;LTBR;HLA-C;FDPS;XIAP;HRAS;SMAD2;XPO1
prerank,AGE-RAGE signaling pathway in diabetic complications,-2.212621e-01,-8.872496e-01,6.702128e-01,9.476798e-01,1.000000e+00,17/81,18.23%,EGR1;PRKCE;PIK3R1;MAPK10;PRKCA;PRKCB;PLCB1;PIK3R2;DIAPH1;AKT1;MAPK13;AKT3;JAK2;MAPK8;AKT2;MAPK14;PIM1
prerank,Long-term depression,-2.379377e-01,-8.853138e-01,6.704000e-01,9.446200e-01,1.000000e+00,12/53,20.28%,PRKCA;ITPR1;PRKCB;PLCB1;CACNA1A;RAF1;GRIA2;GRIA3;IGF1R;GNAS;GNA11;GNAI1
prerank,Collecting duct acid secretion,2.762599e-01,8.837070e-01,6.539379e-01,7.838676e-01,1.000000e+00,5/20,17.64%,ATP6V0A4;ATP6V0E1;TCIRG1;CA2;SLC12A7
prerank,Fluid shear stress and atherosclerosis,1.874297e-01,8.784698e-01,7.824675e-01,7.901159e-01,1.000000e+00,21/112,16.14%,SUMO3;RAC2;HMOX1;HSP90B1;CYBA;TNFRSF1A;MGST1;MMP9;THBD;GSTP1;GSTO2;NFE2L2;NQO1;PECAM1;SDC2;PDGFA;MAPK7;BMPR1A;NOS3;TXN;PDGFB
prerank,RIG-I-like receptor signaling pathway,2.216645e-01,8.766731e-01,7.253886e-01,7.886269e-01,1.000000e+00,6/47,5.46%,DDX58;CASP10;ISG15;CYLD;DHX58;IRF7
prerank,Endocytosis,-1.846738e-01,-8.765454e-01,7.641634e-01,9.597248e-01,1.000000e+00,46/233,19.04%,KIF5A;CYTH3;KIF5C;RAB11FIP3;GRK3;IQSEC3;AMPH;SH3GL1;GRK2;PIP5K1C;ZFYVE9;ARPC5L;IQSEC1;PRKCI;AGAP5;PIP5K1B;AGAP1;VTA1;SH3GL2;PIP5K1A;EHD2;DNM1;EPN1;AGAP2;CHMP5;TRAF6;ARFGAP1;CLTA;WIPF2;WASL;RAB11FIP2;PARD6A;IGF1R;ARAP3;GRK4;ACAP3;GIT2;ARF3;RNF41;ACTR2;PARD6B;RAB11FIP4;VPS36;ARF5;SMAP2;AGAP3
prerank,"Alanine, aspartate and glutamate metabolism",-2.593323e-01,-8.751595e-01,6.564103e-01,9.551561e-01,1.000000e+00,3/30,3.17%,GFPT2;GLS2;GLS
prerank,One carbon pool by folate,-2.986109e-01,-8.716898e-01,6.366843e-01,9.558281e-01,1.000000e+00,3/18,8.10%,MTR;AMT;ALDH1L2
prerank,Relaxin signaling pathway,-2.054147e-01,-8.707088e-01,7.304860e-01,9.501940e-01,1.000000e+00,32/109,25.13%,ADCY1;PIK3R1;MAPK10;PRKCA;PLCB1;ATF6B;RXFP1;PIK3R2;GNB3;ADCY9;AKT1;RAF1;MAPK13;AKT3;NOS2;SHC3;GRB2;MAPK8;AKT2;GNAS;MAPK14;ADCY6;GNB5;ATF2;GNAI1;CREB1;ARRB2;ADCY2;MAPK11;GNB1;ATF4;NFKB1
prerank,Colorectal cancer,-2.151243e-01,-8.669912e-01,7.122862e-01,9.514501e-01,1.000000e+00,15/78,17.48%,PIK3R1;MAPK10;DDB2;RALB;BBC3;PIK3R2;RPS6KB1;GSK3B;AKT1;RAF1;AKT3;MYC;GRB2;MAPK8;AKT2
prerank,Base excision repair,-2.606256e-01,-8.667319e-01,6.525424e-01,9.442019e-01,1.000000e+00,12/30,32.97%,NEIL1;PARP2;POLE3;NEIL2;POLD3;TDG;OGG1;MPG;PARP3;LIG1;POLB;PCNA
prerank,Bacterial invasion of epithelial cells,2.020831e-01,8.626437e-01,7.303371e-01,8.133114e-01,1.000000e+00,20/67,24.16%,CLTCL1;DOCK1;WASF2;DNM3;CDH1;ARPC1B;CDC42;ELMO2;ITGA5;RHOG;SHC1;ARPC3;DNM2;RHOA;ARPC5;ARHGEF26;PIK3CD;FN1;SHC4;HCLS1
prerank,Fc epsilon RI signaling pathway,-2.293250e-01,-8.607673e-01,6.811146e-01,9.515587e-01,1.000000e+00,13/53,18.03%,PIK3R1;MAPK10;PRKCA;PIK3R2;AKT1;RAF1;MAPK13;AKT3;LAT;GRB2;MAPK8;AKT2;MAPK14
prerank,Amino sugar and nucleotide sugar metabolism,2.211966e-01,8.569730e-01,7.158470e-01,8.196583e-01,1.000000e+00,11/41,19.27%,HK2;CYB5R1;CYB5R3;GALT;CYB5R2;NPL;RENBP;NANS;GCK;MPI;NAGK
prerank,RNA degradation,-2.121703e-01,-8.530128e-01,7.401575e-01,9.623899e-01,1.000000e+00,21/75,28.02%,DCP1A;CNOT6L;DIS3;PFKP;EXOSC2;ENO2;DCP1B;PABPC4;EXOSC10;DCPS;EDC3;CNOT8;CNOT3;WDR61;CNOT2;CNOT10;LSM1;EXOSC5;PAN2;PNLDC1;EXOSC9
prerank,Melanogenesis,-2.054315e-01,-8.513870e-01,7.816594e-01,9.579906e-01,1.000000e+00,21/89,20.28%,ADCY1;CAMK2A;PRKCA;PRKCB;CAMK2G;PLCB1;CALML4;FZD3;ADCY9;CALML6;GSK3B;RAF1;EP300;CREBBP;FZD4;GNAS;ADCY6;TYRP1;DVL3;DVL2;GNAI1
prerank,Various types of N-glycan biosynthesis,2.251518e-01,8.508149e-01,7.371274e-01,8.265637e-01,1.000000e+00,16/36,32.45%,B4GALT1;ALG12;RPN2;DAD1;STT3B;RPN1;STT3A;ALG3;FUT8;CHST9;ALG14;ALG1;MAN2A1;TUSC3;B4GALT2;MGAT4A
prerank,Proximal tubule bicarbonate reclamation,-2.914366e-01,-8.494949e-01,6.748682e-01,9.546927e-01,1.000000e+00,4/19,9.06%,GLS2;GLS;ATP1A4;ATP1A1
prerank,Thermogenesis,-1.821103e-01,-8.455754e-01,8.411602e-01,9.564228e-01,1.000000e+00,67/201,31.52%,NDUFA10;ADCY1;KDM1A;RPS6KA3;BMP8B;ACTL6B;COX7A1;RPTOR;NDUFA4;NDUFAF5;ADCY9;RPS6KB1;COX19;ARID1B;NDUFS1;MAPK13;NDUFAF7;COA7;UQCRC2;NDUFB5;SMARCC2;ACSL6;GRB2;UQCRC1;GNAS;MAPK14;ADCY6;PPARGC1A;COX10;ATF2;PRKAB2;CREB1;CYC1;UQCRH;ADCY2;MAPK11;UQCRHL;COX15;NDUFA8;ATP5F1B;NDUFS2;SDHB;MLST8;PRKAB1;NPPA;NDUFB4;SDHA;RPS6KA2;COX5A;NDUFB9;NDUFA9;NDUFC1;MAP3K5;NDUFAF2;MAPK12;ATP5F1A;NDUFAF6;MGLL;ACTB;UQCR10;PRKACB;COX6A1;NDUFS4;PRKAA2;DPF1;NDUFV2;SMARCA2
prerank,Lipid and atherosclerosis,-1.866993e-01,-8.427073e-01,8.265734e-01,9.553997e-01,1.000000e+00,32/161,18.03%,PIK3R1;CAMK2A;MAPK10;PRKCA;ITPR1;POU2F2;TICAM1;CAMK2G;BID;PLCB1;ROCK2;TRAF3;CALML4;MIB2;PIK3R2;NLRP3;IRF3;CALML6;GSK3B;AKT1;TRAF6;PPP3CA;MAPK13;AKT3;PPP3CB;JAK2;RXRB;LY96;MAPK8;IKBKG;AKT2;MAPK14
prerank,Gap junction,-2.072453e-01,-8.420452e-01,7.635240e-01,9.494096e-01,1.000000e+00,7/79,3.91%,ADCY1;ADRB1;PRKCA;ITPR1;PRKCB;HTR2A;PLCB1
prerank,Cell cycle,-1.990602e-01,-8.350336e-01,7.892308e-01,9.568279e-01,1.000000e+00,19/105,18.38%,PTTG1;PTTG2;ANAPC4;ORC4;MAD2L1;CCND2;GSK3B;SMC1A;MCM6;MCM4;PLK1;ZBTB17;EP300;CUL1;MYC;CREBBP;CDC7;CDC6;ANAPC7
prerank,Pancreatic cancer,-2.116852e-01,-8.312724e-01,7.678300e-01,9.574423e-01,1.000000e+00,12/67,17.48%,PIK3R1;MAPK10;DDB2;RALB;PIK3R2;RPS6KB1;AKT1;RAF1;AKT3;MAPK8;IKBKG;AKT2
prerank,TNF signaling pathway,-1.992312e-01,-8.265525e-01,7.972561e-01,9.598891e-01,1.000000e+00,33/91,29.75%,PTGS2;PIK3R1;MAPK10;ATF6B;TRAF3;PIK3R2;AKT1;CEBPB;MAPK13;AKT3;MAPK8;IKBKG;AKT2;TRADD;MAPK14;DAB2IP;TAB3;ATF2;CX3CL1;RPS6KA4;CREB1;MAPK11;PGAM5;ATF4;NFKB1;PIK3CA;BCL3;MAPK9;TNF;PIK3CB;MAP3K5;MAPK12;MAP3K7
prerank,Prion disease,-1.742821e-01,-8.252034e-01,8.837517e-01,9.550777e-01,1.000000e+00,73/234,31.47%,EGR1;KIF5A;NDUFA10;GRIN2A;KIF5C;PIK3R1;MAPK10;ITPR1;ATF6B;RYR2;GRIN1;CACNA1C;COX7A1;PSMA1;CACNA1D;NDUFA4;PIK3R2;PSMD11;GSK3B;PPP3CA;NDUFS1;CACNA1B;MAPK13;PSMD14;UQCRC2;LAMC1;PPP3CB;KLC2;NDUFB5;KLC4;MAPK8;UQCRC1;MAPK14;SLC25A5;ATF2;CREB1;SLC25A6;CYC1;UQCRH;MAPK11;PSMD6;SLC25A4;UQCRHL;ATF4;NDUFA8;ATP5F1B;PSMA6;NDUFS2;SDHB;PIK3CA;PPP3R2;NDUFB4;MAPK9;SDHA;PPP3R1;COX5A;NDUFB9;TNF;NDUFA9;PIK3CB;NDUFC1;MAPK12;ATP5F1A;TUBA4A;PSMD2;UQCR10;CSNK2A2;PRKACB;PSMC4;COX6A1;NDUFS4;NDUFV2;PPP3CC
prerank,Glucagon signaling pathway,-2.004450e-01,-8.234118e-01,8.065967e-01,9.513668e-01,1.000000e+00,32/86,27.37%,CAMK2A;ITPR1;CAMK2G;PLCB1;CALML4;PFKP;CALML6;AKT1;PPP3CA;AKT3;PDE3B;EP300;PPP3CB;CREBBP;GYS1;AKT2;GNAS;PPARGC1A;PPP4R3B;ATF2;SIK2;PRKAB2;CREB1;ADCY2;ATF4;CAMK2B;PPP4R3A;PRKAB1;CRTC2;PPP3R2;PHKG2;PPP3R1
prerank,Cortisol synthesis and secretion,-2.193767e-01,-8.193509e-01,7.928349e-01,9.523139e-01,1.000000e+00,15/55,20.12%,ADCY1;CACNA1I;ITPR1;PLCB1;ATF6B;CACNA1C;CACNA1D;ADCY9;PBX1;PDE8B;NR4A1;GNAS;ADCY6;GNA11;ATF2
prerank,Human immunodeficiency virus 1 infection,-1.780501e-01,-8.169176e-01,8.785425e-01,9.499693e-01,1.000000e+00,37/172,20.83%,PIK3R1;MAPK10;PRKCA;ITPR1;PRKCB;BID;CALML4;PIK3R2;GNB3;RPS6KB1;AP1G2;IRF3;CALML6;AKT1;TRAF6;RAF1;PPP3CA;MAPK13;DCAF1;PAK5;AKT3;PPP3CB;CUL1;MAPK8;IKBKG;PAK1;AKT2;TRADD;MAPK14;PTK2B;GNB5;AP1S2;GNA11;BAK1;GNAI1;NFATC3;ELOC
prerank,Nucleotide excision repair,-2.298288e-01,-8.162714e-01,7.772358e-01,9.441130e-01,1.000000e+00,16/41,32.97%,DDB2;RFC5;POLE3;RFC2;GTF2H4;RFC4;ERCC4;POLD3;CUL4B;MNAT1;ERCC3;LIG1;XPA;RAD23B;RAD23A;PCNA
prerank,Kaposi sarcoma-associated herpesvirus infection,-1.804279e-01,-8.116548e-01,8.869814e-01,9.453376e-01,1.000000e+00,32/159,18.03%,PTGS2;PIK3R1;MAPK10;ITPR1;TICAM1;MICA;BID;ATG14;TRAF3;CALML4;PIK3R2;GNB3;GABARAPL1;IRF3;CALML6;GSK3B;AKT1;RAF1;PPP3CA;MAPK13;AKT3;EP300;PPP3CB;JAK2;MYC;CREBBP;MAPK8;IKBKG;MICB;AKT2;TRADD;MAPK14
prerank,Oxidative phosphorylation,-1.894840e-01,-8.101777e-01,8.665667e-01,9.409554e-01,1.000000e+00,39/111,33.51%,ATP4A;NDUFA10;COX7A1;NDUFA4;NDUFS1;UQCRC2;NDUFB5;UQCRC1;ATP6V1E2;COX10;ATP6V1G2;PPA1;CYC1;UQCRH;UQCRHL;COX15;NDUFA8;PPA2;ATP5F1B;NDUFS2;SDHB;NDUFB4;SDHA;COX5A;NDUFB9;NDUFA9;NDUFC1;ATP5F1A;UQCR10;ATP6V0C;ATP6V1B2;COX6A1;NDUFS4;NDUFV2;ATP6V0A2;ATP6V1F;ATP5PF;NDUFV1;COX7C
prerank,Cellular senescence,-1.845362e-01,-8.071563e-01,8.561047e-01,9.394168e-01,1.000000e+00,40/131,27.46%,RBBP4;IGFBP3;PIK3R1;ITPR1;CALML4;CACNA1D;PIK3R2;CCND2;LIN52;ETS1;CALML6;TRPM7;AKT1;RAF1;PPP3CA;MAPK13;AKT3;LIN9;PPP3CB;MYC;AKT2;MAPK14;SLC25A5;LIN54;HIPK1;RAD9A;NFATC3;RAD50;SLC25A6;MAPK11;SLC25A4;SQSTM1;NFKB1;PIK3CA;CCNA1;PPP3R2;E2F4;PPP1CB;PPP3R1;FBXW11
prerank,Endometrial cancer,-2.125197e-01,-8.015051e-01,8.346709e-01,9.430948e-01,1.000000e+00,12/54,20.23%,PIK3R1;DDB2;PIK3R2;GSK3B;AKT1;RAF1;AKT3;MYC;GRB2;AKT2;ELK1;BAK1
prerank,Arginine biosynthesis,2.723526e-01,8.012976e-01,7.437642e-01,9.076438e-01,1.000000e+00,5/16,14.60%,GLUD2;GLUD1;GPT;NAGS;NOS3
prerank,Coronavirus disease,1.578272e-01,7.938232e-01,9.754386e-01,9.122273e-01,1.000000e+00,28/179,15.35%,C3;TLR3;CYBB;DDX58;FCGR2A;TNFRSF1A;PLCG2;ISG15;C1QC;C1QB;C1QA;MASP1;UBA52;IRF9;SYK;MAPK3;RPS27L;CASP1;NRP1;C8G;OAS1;IFIH1;TLR4;C7;C1S;OAS3;CGAS;C3AR1
prerank,Ubiquinone and other terpenoid-quinone biosynthesis,-3.198644e-01,-7.818827e-01,7.454545e-01,9.686775e-01,1.000000e+00,1/10,1.89%,COQ3
prerank,Protein digestion and absorption,1.807748e-01,7.691953e-01,9.124668e-01,9.389389e-01,1.000000e+00,18/65,20.64%,KCNQ1;COL8A2;SLC7A7;COL11A1;SLC6A19;COL1A2;COL9A1;ATP1B2;COL4A5;COL4A4;COL25A1;COL18A1;COL6A3;SLC3A2;CTRB1;COL9A2;PRCP;COL10A1
prerank,Hepatitis C,-1.783337e-01,-7.674293e-01,9.237668e-01,9.835086e-01,1.000000e+00,22/117,17.89%,PPP2R2D;PIK3R1;TICAM1;BID;PPP2R2C;TRAF3;PIK3R2;IRF3;GSK3B;EIF3E;AKT1;TRAF6;RAF1;AKT3;PPP2R2B;PIAS1;MYC;RNASEL;GRB2;IKBKG;AKT2;TRADD
prerank,Cocaine addiction,-2.087985e-01,-7.608706e-01,8.741722e-01,9.854787e-01,1.000000e+00,16/46,25.13%,GRIN2A;FOSB;ATF6B;GRIN1;DLG4;GRIA2;BDNF;CDK5R1;GNAS;ATF2;GNAI1;CREB1;DRD1;PDYN;ATF4;NFKB1
prerank,Butanoate metabolism,-2.449177e-01,-7.464992e-01,8.101045e-01,9.970126e-01,1.000000e+00,4/22,13.57%,L2HGDH;BDH1;AACS;OXCT2
prerank,PD-L1 expression and PD-1 checkpoint pathway in cancer,-1.872542e-01,-7.456503e-01,9.215686e-01,9.911574e-01,1.000000e+00,17/78,18.03%,PIK3R1;TICAM1;IFNGR2;PIK3R2;RPS6KB1;AKT1;TRAF6;RAF1;PPP3CA;MAPK13;AKT3;LAT;PPP3CB;JAK2;IKBKG;AKT2;MAPK14
prerank,Apoptosis,-1.681645e-01,-7.326823e-01,9.632893e-01,9.991203e-01,1.000000e+00,23/124,18.83%,PIK3R1;MAPK10;PARP2;ITPR1;BID;PIDD1;BBC3;PIK3R2;DFFB;CTSB;SPTAN1;AKT1;RAF1;HRK;AKT3;TP53AIP1;MAPK8;IKBKG;AKT2;ENDOG;TRADD;DAXX;DAB2IP
prerank,ABC transporters,-2.158571e-01,-7.260660e-01,8.527508e-01,9.990508e-01,1.000000e+00,4/32,10.24%,ABCC8;ABCC5;ABCB9;ABCB10
prerank,Thiamine metabolism,2.636676e-01,7.214720e-01,8.454746e-01,9.795353e-01,1.000000e+00,4/12,29.60%,AK4;ALPP;AK8;AK2
prerank,Inositol phosphate metabolism,-1.854418e-01,-7.182514e-01,9.324759e-01,9.994458e-01,1.000000e+00,20/69,28.75%,PIP5K1C;ITPKC;PLCB1;ITPK1;INPP5B;PIP5K1B;PIP5K1A;INPP5E;IMPA1;MTMR2;PIP4K2C;PIP4K2B;PI4KA;MTMR1;INPP4A;ITPKA;PIK3CA;MTMR14;PI4KB;PIK3CB
prerank,Gastric cancer,-1.660609e-01,-7.127544e-01,9.733333e-01,9.973036e-01,1.000000e+00,23/118,19.22%,FGF17;PIK3R1;DDB2;FGF9;MET;PIK3R2;RARB;FZD3;RPS6KB1;GSK3B;AKT1;FRAT1;RAF1;AKT3;FGF18;MYC;RXRB;FZD4;SHC3;GRB2;AKT2;DVL3;DVL2
prerank,Pentose and glucuronate interconversions,-2.653462e-01,-7.067674e-01,8.624339e-01,9.956422e-01,1.000000e+00,1/12,1.20%,XYLB
prerank,Tight junction,1.434098e-01,6.958269e-01,9.936709e-01,9.904576e-01,1.000000e+00,40/136,26.85%,PARD3;RAB13;MYL6;YBX3;TJP2;RAB8B;ARPC1B;CLDN14;TUBA1C;RDX;CDC42;EZR;MSN;HSPA4;RAB8A;AMOT;MYL12B;JAM3;MYL12A;PATJ;ARPC3;VASP;PARD6G;RHOA;CLDN11;ERBB2;MAP3K1;CLDN3;ARPC5;AMOTL1;TJP1;CDK4;MYH10;PRKAG2;HCLS1;CLDN15;NEDD4;CRB3;MICALL2;CGNL1
prerank,Glyoxylate and dicarboxylate metabolism,2.053883e-01,6.863186e-01,9.009662e-01,9.891697e-01,1.000000e+00,9/26,28.15%,HYI;GCSH;PCCA;ACSS1;GLYCTK;CAT;SHMT2;ACO1;GLUL
prerank,Pentose phosphate pathway,2.004188e-01,6.842004e-01,9.108434e-01,9.837634e-01,1.000000e+00,7/26,24.37%,DERA;H6PD;GLYCTK;TKT;PFKL;IDNK;TALDO1
prerank,Parkinson disease,-1.424823e-01,-6.709765e-01,9.986357e-01,1.000000e+00,1.000000e+00,66/221,31.58%,KIF5A;NDUFA10;LRRK2;KIF5C;CAMK2A;MAPK10;ITPR1;CAMK2G;COX7A1;PSMA1;CALML4;NDUFA4;PSMD11;CALML6;NDUFS1;PSMD14;UQCRC2;KLC2;NDUFB5;KLC4;MAPK8;UQCRC1;GNAS;DAXX;SLC25A5;GNAI1;DRD1;SLC25A6;CYC1;UQCRH;PRKN;PSMD6;SLC25A4;UQCRHL;ATF4;PARK7;NDUFA8;ATP5F1B;PSMA6;NDUFS2;SDHB;CAMK2B;NDUFB4;MAPK9;SDHA;UBE2G2;COX5A;NDUFB9;NDUFA9;MAPT;NDUFC1;MAP3K5;ATP5F1A;TUBA4A;HTRA2;UBE2J2;PSMD2;UQCR10;PRKACB;PSMC4;COX6A1;SNCA;NDUFS4;NDUFV2;XBP1;RPS27A
prerank,Mismatch repair,-2.129615e-01,-6.661248e-01,9.239865e-01,1.000000e+00,1.000000e+00,10/22,36.20%,RFC5;RFC2;RFC4;POLD3;PMS2;MSH2;LIG1;PCNA;RPA2;MLH1
prerank,RNA polymerase,-2.054628e-01,-6.658061e-01,9.078498e-01,1.000000e+00,1.000000e+00,6/27,17.92%,POLR3A;POLR1D;POLR3F;POLR1C;POLR1E;POLR2H
prerank,Renin-angiotensin system,-2.518736e-01,-6.608572e-01,8.898757e-01,9.983881e-01,1.000000e+00,5/11,26.21%,LNPEP;CTSA;THOP1;PREP;NLN
prerank,Measles,1.390195e-01,6.496577e-01,9.912023e-01,9.928760e-01,1.000000e+00,39/104,32.21%,DDX58;CD3D;JAK3;IRF7;IRF9;EIF2AK4;CD3E;MSN;OAS1;IFIH1;STAT5A;TLR4;OAS3;MYD88;EIF2AK3;EIF2AK1;TAB2;TLR9;CDK6;HSPA6;CDK4;PIK3CD;IL2RB;HSPA2;TLR2;CD46;TP73;HSPA1A;CASP8;CBLB;CSNK2A1;CASP9;BCL2;CCNE1;JUN;RAB9A;IRAK4;CCND1;MX1
prerank,Viral carcinogenesis,-1.457598e-01,-6.471220e-01,9.957386e-01,9.980391e-01,1.000000e+00,34/148,25.13%,HDAC4;PIK3R1;ATF6B;HDAC8;EGR2;TRAF3;GTF2A1;HDAC10;PIK3R2;CCND2;REL;IRF3;HDAC3;GTF2H4;SNW1;SRF;EP300;CREBBP;ACTN4;GRB2;IKBKG;TRADD;RASA2;ATF2;BAK1;DLG1;CDKN1B;CREB1;SCRIB;GTF2B;MAD1L1;ATF4;DNAJA3;NFKB1
prerank,Ribosome biogenesis in eukaryotes,-1.607118e-01,-6.401916e-01,9.789474e-01,9.940363e-01,1.000000e+00,8/72,12.77%,UTP6;TCOF1;UTP4;POP1;MDN1;GNL3L;UTP18;RBM28
prerank,Non-homologous end-joining,2.313239e-01,6.372598e-01,8.967033e-01,9.904160e-01,1.000000e+00,2/12,16.28%,POLM;XRCC4
prerank,Chronic myeloid leukemia,-1.589042e-01,-6.331604e-01,9.863014e-01,9.900090e-01,1.000000e+00,11/71,17.48%,PIK3R1;DDB2;PIK3R2;AKT1;RAF1;AKT3;MYC;SHC3;GRB2;IKBKG;AKT2
prerank,Mitophagy,-1.615764e-01,-6.244015e-01,9.909910e-01,9.863865e-01,1.000000e+00,32/63,38.94%,MAPK10;GABARAPL1;BNIP3L;ULK1;ATG5;CITED2;RHOT2;MAPK8;ATG9A;PRKN;USP30;PGAM5;SQSTM1;RAB7B;ATF4;MAPK9;BECN1;CSNK2A2;RPS27A;TBC1D17;SRC;UBB;E2F1;BNIP3;KRAS;TOMM7;PINK1;MFN1;AMBRA1;USP15;RHOT1;CSNK2B
prerank,Phototransduction,-2.202980e-01,-6.040338e-01,9.493892e-01,9.855263e-01,1.000000e+00,3/14,17.26%,CALML4;CALML6;GUCA1B
prerank,Mannose type O-glycan biosynthesis,1.683428e-01,5.445198e-01,9.850746e-01,1.000000e+00,1.000000e+00,22/22,83.19%,B4GALT1;POMGNT2;FKRP;B3GAT2;LARGE2;B4GAT1;B4GALT2;POMGNT1;RXYLT1;FKTN;B4GALT3;CHST10;FUT4;POMT2;FUT9;POMK;B3GALNT2;LARGE1;MGAT5B;ST3GAL3;B3GAT1;POMT1
prerank,Citrate cycle (TCA cycle),1.514203e-01,5.117956e-01,9.899749e-01,9.969138e-01,1.000000e+00,9/28,35.59%,SUCLG2;SDHC;ACLY;IDH2;ACO1;IDH1;PC;PCK2;PDHB
