session,sub_name,run,condition,fo_state1,lt_state1,intv_state1,sr_state1,fo_state2,lt_state2,intv_state2,sr_state2,fo_state3,lt_state3,intv_state3,sr_state3,fo_state4,lt_state4,intv_state4,sr_state4,fo_state5,lt_state5,intv_state5,sr_state5,fo_state6,lt_state6,intv_state6,sr_state6,fo_state7,lt_state7,intv_state7,sr_state7,fo_state8,lt_state8,intv_state8,sr_state8,fo_state9,lt_state9,intv_state9,sr_state9,fo_state10,lt_state10,intv_state10,sr_state10
1,sub-001,RW,rest,0.095,19.0,0.0,0.005,0.07,14.0,0.0,0.005,0.11,4.4,39.75,0.02,0.06,6.0,48.0,0.01,0.11,11.0,44.0,0.01,0.11,7.333333333333333,54.0,0.015,0.005,1.0,0.0,0.005,0.19,12.666666666666666,42.5,0.015,0.02,4.0,0.0,0.005,0.23,9.2,24.75,0.025
2,sub-001,SD,rest,0.05,3.3333333333333335,58.0,0.015,0.07,4.666666666666667,32.5,0.015,0.03,6.0,0.0,0.005,0.0,0.0,0.0,0.0,0.0,0.0,0.0,0.0,0.075,7.5,132.0,0.005,0.265,7.571428571428571,18.333333333333332,0.035,0.225,6.428571428571429,15.5,0.035,0.16,10.666666666666666,8.0,0.015,0.125,8.333333333333334,8.0,0.015
3,sub-002,RW,rest,0.15,7.5,45.333333333333336,0.015,0.205,13.666666666666666,37.0,0.015,0.245,12.25,35.666666666666664,0.02,0.0,0.0,0.0,0.0,0.22,8.8,38.5,0.025,0.025,5.0,0.0,0.005,0.045,9.0,0.0,0.005,0.0,0.0,0.0,0.0,0.07,14.0,0.0,0.005,0.04,8.0,0.0,0.005
4,sub-002,SD,rest,0.06,6.0,32.0,0.01,0.06,6.0,8.0,0.01,0.07,7.0,8.0,0.01,0.2,8.0,28.5,0.025,0.03,6.0,0.0,0.005,0.0,0.0,0.0,0.0,0.065,13.0,0.0,0.005,0.13,26.0,0.0,0.0,0.3,15.0,24.333333333333332,0.02,0.085,8.5,75.0,0.01
5,sub-003,RW,rest,0.01,2.0,0.0,0.005,0.04,4.0,119.0,0.01,0.25,7.142857142857143,25.0,0.03,0.095,4.75,31.0,0.02,0.13,8.666666666666666,8.0,0.015,0.02,2.0,109.0,0.01,0.235,7.833333333333333,11.4,0.03,0.04,8.0,0.0,0.005,0.0,0.0,0.0,0.0,0.18,12.0,35.5,0.015
6,sub-003,SD,rest,0.0,0.0,0.0,0.0,0.045,4.5,35.0,0.01,0.255,10.2,23.5,0.02,0.02,4.0,0.0,0.005,0.075,15.0,0.0,0.005,0.26,13.0,30.666666666666668,0.02,0.125,12.5,2.0,0.01,0.035,3.5,57.0,0.01,0.175,35.0,0.0,0.005,0.01,2.0,0.0,0.005
7,sub-004,RW,rest,0.19,6.333333333333333,37.0,0.03,0.01,1.0,0.0,0.01,0.23,5.75,11.333333333333334,0.03,0.0,0.0,0.0,0.0,0.07,7.0,0.0,0.01,0.02,1.0,50.0,0.02,0.0,0.0,0.0,0.0,0.13,13.0,0.0,0.01,0.01,1.0,0.0,0.01,0.34,6.8,14.5,0.05
8,sub-004,SD,rest,0.03,6.0,0.0,0.005,0.045,9.0,0.0,0.005,0.1,10.0,147.0,0.01,0.105,10.5,54.0,0.01,0.08,8.0,96.0,0.01,0.22,11.0,19.333333333333332,0.02,0.0,0.0,0.0,0.0,0.13,8.666666666666666,70.0,0.01,0.055,11.0,0.0,0.005,0.235,11.75,19.0,0.02
9,sub-005,RW,rest,0.0,0.0,0.0,0.0,0.105,10.5,108.0,0.01,0.08,5.333333333333333,56.0,0.015,0.095,6.333333333333333,47.5,0.015,0.03,3.0,24.0,0.01,0.34,22.666666666666668,9.0,0.01,0.225,9.0,37.25,0.025,0.0,0.0,0.0,0.0,0.045,9.0,0.0,0.005,0.08,8.0,67.0,0.01
10,sub-005,SD,rest,0.065,13.0,0.0,0.005,0.32,16.0,26.666666666666668,0.02,0.015,3.0,0.0,0.005,0.105,7.0,35.5,0.015,0.085,5.666666666666667,34.5,0.015,0.13,13.0,33.0,0.01,0.0,0.0,0.0,0.0,0.16,32.0,0.0,0.0,0.085,8.5,35.0,0.01,0.035,7.0,0.0,0.005
11,sub-006,RW,rest,0.04,4.0,1.0,0.01,0.055,11.0,0.0,0.005,0.0,0.0,0.0,0.0,0.08,8.0,4.0,0.01,0.22,14.666666666666666,27.0,0.015,0.035,2.3333333333333335,73.5,0.015,0.045,4.5,23.0,0.01,0.26,5.777777777777778,15.75,0.04,0.165,11.0,50.5,0.015,0.1,6.666666666666667,39.5,0.015
12,sub-006,SD,rest,0.0,0.0,0.0,0.0,0.145,7.25,30.666666666666668,0.02,0.025,5.0,0.0,0.005,0.015,3.0,0.0,0.005,0.005,1.0,0.0,0.005,0.08,16.0,0.0,0.005,0.055,5.5,48.0,0.01,0.27,6.75,16.142857142857142,0.035,0.165,5.5,21.0,0.03,0.24,6.0,18.571428571428573,0.04
13,sub-007,RW,rest,0.0,0.0,0.0,0.0,0.0,0.0,0.0,0.0,0.05,3.3333333333333335,38.5,0.015,0.17,17.0,90.0,0.01,0.03,6.0,0.0,0.005,0.01,2.0,0.0,0.005,0.0,0.0,0.0,0.0,0.585,14.625,9.428571428571429,0.035,0.1,10.0,137.0,0.01,0.055,5.5,89.0,0.01
14,sub-007,SD,rest,0.13,6.5,10.333333333333334,0.02,0.035,7.0,0.0,0.005,0.16,8.0,47.666666666666664,0.015,0.07,14.0,0.0,0.005,0.035,3.5,29.0,0.01,0.0,0.0,0.0,0.0,0.005,1.0,0.0,0.005,0.125,6.25,13.0,0.02,0.185,37.0,0.0,0.005,0.255,12.75,15.0,0.02
15,sub-008,RW,rest,0.215,6.142857142857143,26.166666666666668,0.03,0.07,3.5,52.666666666666664,0.02,0.05,5.0,1.0,0.01,0.115,7.666666666666667,70.5,0.015,0.14,7.0,11.333333333333334,0.02,0.045,4.5,35.0,0.01,0.01,2.0,0.0,0.005,0.0,0.0,0.0,0.0,0.08,8.0,141.0,0.01,0.275,6.111111111111111,14.875,0.045
16,sub-008,SD,rest,0.0,0.0,0.0,0.0,0.03,6.0,0.0,0.005,0.09,9.0,115.0,0.01,0.055,11.0,0.0,0.0,0.46,15.333333333333334,12.8,0.03,0.125,8.333333333333334,48.0,0.015,0.05,10.0,0.0,0.005,0.11,11.0,20.0,0.01,0.03,2.0,62.5,0.015,0.05,10.0,0.0,0.005
17,sub-009,RW,rest,0.055,5.5,106.0,0.01,0.01,2.0,0.0,0.005,0.19,5.428571428571429,25.333333333333332,0.035,0.05,10.0,0.0,0.005,0.03,6.0,0.0,0.005,0.045,9.0,0.0,0.005,0.09,9.0,96.0,0.01,0.14,9.333333333333334,44.0,0.015,0.27,10.8,5.5,0.025,0.12,12.0,129.0,0.005
18,sub-009,SD,rest,0.1,20.0,0.0,0.005,0.095,9.5,180.0,0.005,0.275,7.857142857142857,17.0,0.035,0.035,7.0,0.0,0.005,0.065,13.0,0.0,0.005,0.16,16.0,97.0,0.01,0.005,1.0,0.0,0.005,0.06,6.0,64.0,0.01,0.195,9.75,17.333333333333332,0.02,0.01,2.0,0.0,0.005
19,sub-010,RW,rest,0.13,13.0,3.0,0.005,0.14,7.0,17.0,0.02,0.14,9.333333333333334,38.0,0.015,0.085,8.5,83.0,0.01,0.08,3.2,15.25,0.025,0.0,0.0,0.0,0.0,0.255,10.2,28.5,0.025,0.045,4.5,20.0,0.01,0.08,5.333333333333333,27.5,0.015,0.045,4.5,33.0,0.01
20,sub-010,SD,rest,0.0,0.0,0.0,0.0,0.0,0.0,0.0,0.0,0.01,2.0,0.0,0.005,0.0,0.0,0.0,0.0,0.015,3.0,0.0,0.005,0.39,15.6,21.5,0.025,0.105,10.5,127.0,0.01,0.3,10.0,23.6,0.025,0.145,14.5,132.0,0.01,0.035,7.0,0.0,0.005
21,sub-011,RW,rest,0.115,11.5,121.0,0.01,0.255,8.5,29.4,0.03,0.055,11.0,0.0,0.005,0.075,7.5,85.0,0.01,0.055,11.0,0.0,0.005,0.015,3.0,0.0,0.005,0.05,10.0,0.0,0.005,0.3,12.0,22.0,0.02,0.045,9.0,0.0,0.005,0.035,7.0,0.0,0.005
22,sub-011,SD,rest,0.075,5.0,34.5,0.015,0.0,0.0,0.0,0.0,0.07,4.666666666666667,8.0,0.015,0.095,9.5,1.0,0.01,0.015,3.0,0.0,0.005,0.185,5.285714285714286,18.0,0.035,0.335,16.75,26.333333333333332,0.015,0.135,6.75,13.0,0.02,0.0,0.0,0.0,0.0,0.09,18.0,0.0,0.005
23,sub-012,RW,rest,0.035,7.0,0.0,0.005,0.035,3.5,38.0,0.01,0.22,14.666666666666666,48.0,0.015,0.11,11.0,50.0,0.01,0.455,13.0,16.666666666666668,0.03,0.075,7.5,31.0,0.01,0.0,0.0,0.0,0.0,0.0,0.0,0.0,0.0,0.055,11.0,0.0,0.005,0.015,3.0,0.0,0.005
24,sub-012,SD,rest,0.0,0.0,0.0,0.0,0.0,0.0,0.0,0.0,0.205,8.2,32.5,0.025,0.08,8.0,117.0,0.01,0.33,33.0,2.0,0.01,0.28,14.0,40.333333333333336,0.015,0.03,6.0,0.0,0.005,0.01,2.0,0.0,0.005,0.015,3.0,0.0,0.005,0.05,5.0,8.0,0.01
25,sub-013,RW,rest,0.01,2.0,0.0,0.005,0.0,0.0,0.0,0.0,0.235,11.75,49.333333333333336,0.02,0.085,5.666666666666667,25.0,0.015,0.015,3.0,0.0,0.005,0.03,6.0,0.0,0.005,0.045,9.0,0.0,0.005,0.145,14.5,80.0,0.01,0.385,15.4,25.5,0.02,0.05,10.0,0.0,0.005
26,sub-013,SD,rest,0.1,6.666666666666667,47.0,0.015,0.235,7.833333333333333,20.8,0.03,0.04,8.0,0.0,0.005,0.175,11.666666666666666,70.5,0.015,0.115,11.5,28.0,0.01,0.13,8.666666666666666,52.0,0.015,0.0,0.0,0.0,0.0,0.025,5.0,0.0,0.0,0.01,2.0,0.0,0.005,0.17,8.5,53.666666666666664,0.02
27,sub-014,RW,rest,0.025,5.0,0.0,0.005,0.205,13.666666666666666,52.5,0.015,0.055,11.0,0.0,0.005,0.05,10.0,0.0,0.005,0.0,0.0,0.0,0.0,0.115,7.666666666666667,60.0,0.015,0.135,6.75,24.0,0.02,0.225,22.5,29.0,0.005,0.06,6.0,26.0,0.01,0.13,8.666666666666666,26.0,0.015
28,sub-014,SD,rest,0.25,25.0,45.0,0.01,0.02,4.0,0.0,0.005,0.0,0.0,0.0,0.0,0.05,5.0,31.0,0.01,0.02,4.0,0.0,0.005,0.4,26.666666666666668,13.0,0.015,0.095,9.5,177.0,0.005,0.04,8.0,0.0,0.005,0.0,0.0,0.0,0.0,0.125,12.5,165.0,0.01
29,sub-015,RW,rest,0.055,2.75,55.0,0.02,0.205,10.25,15.666666666666666,0.02,0.055,3.6666666666666665,30.0,0.015,0.09,9.0,135.0,0.01,0.01,2.0,0.0,0.005,0.0,0.0,0.0,0.0,0.235,9.4,37.75,0.025,0.165,6.6,27.25,0.02,0.015,3.0,0.0,0.005,0.17,17.0,58.0,0.01
30,sub-015,SD,rest,0.32,32.0,0.0,0.01,0.24,12.0,3.0,0.02,0.0,0.0,0.0,0.0,0.11,11.0,0.0,0.01,0.1,10.0,0.0,0.0,0.23,11.5,44.0,0.02,0.0,0.0,0.0,0.0,0.0,0.0,0.0,0.0,0.0,0.0,0.0,0.0,0.0,0.0,0.0,0.0
31,sub-016,RW,rest,0.0,0.0,0.0,0.0,0.015,3.0,0.0,0.005,0.195,13.0,79.0,0.01,0.21,10.5,19.666666666666668,0.02,0.135,13.5,33.0,0.01,0.16,16.0,60.0,0.01,0.0,0.0,0.0,0.0,0.0,0.0,0.0,0.0,0.21,10.5,20.0,0.02,0.075,7.5,45.0,0.01
32,sub-016,SD,rest,0.205,8.2,10.5,0.025,0.155,31.0,0.0,0.005,0.135,9.0,64.0,0.015,0.07,14.0,0.0,0.0,0.125,12.5,9.0,0.01,0.09,3.6,20.25,0.025,0.055,11.0,0.0,0.005,0.0,0.0,0.0,0.0,0.165,5.5,20.0,0.03,0.0,0.0,0.0,0.0
33,sub-017,RW,rest,0.18,18.0,92.0,0.01,0.03,6.0,0.0,0.005,0.23,15.333333333333334,66.5,0.015,0.22,11.0,42.0,0.015,0.195,9.75,33.333333333333336,0.02,0.025,2.5,87.0,0.01,0.07,14.0,0.0,0.005,0.05,10.0,0.0,0.005,0.0,0.0,0.0,0.0,0.0,0.0,0.0,0.0
34,sub-017,SD,rest,0.04,4.0,133.0,0.005,0.0,0.0,0.0,0.0,0.0,0.0,0.0,0.0,0.075,5.0,56.0,0.015,0.325,16.25,32.666666666666664,0.02,0.065,6.5,21.0,0.01,0.085,5.666666666666667,71.0,0.015,0.05,5.0,28.0,0.01,0.025,2.5,30.0,0.01,0.335,16.75,14.333333333333334,0.02
35,sub-018,RW,rest,0.07,7.0,28.0,0.01,0.08,4.0,47.333333333333336,0.02,0.49,12.25,13.428571428571429,0.035,0.145,4.142857142857143,25.0,0.035,0.015,1.5,138.0,0.01,0.06,4.0,52.5,0.015,0.0,0.0,0.0,0.0,0.0,0.0,0.0,0.0,0.12,4.8,32.25,0.025,0.02,4.0,0.0,0.005
36,sub-018,SD,rest,0.05,5.0,91.0,0.01,0.01,1.0,19.0,0.01,0.19,9.5,26.0,0.02,0.115,23.0,0.0,0.005,0.17,11.333333333333334,52.5,0.015,0.115,11.5,6.0,0.01,0.165,11.0,59.5,0.01,0.0,0.0,0.0,0.0,0.01,2.0,0.0,0.005,0.175,8.75,28.0,0.02
37,sub-019,RW,rest,0.275,13.75,48.333333333333336,0.015,0.235,23.5,46.0,0.01,0.055,5.5,15.0,0.01,0.065,6.5,165.0,0.01,0.085,8.5,78.0,0.01,0.035,7.0,0.0,0.005,0.0,0.0,0.0,0.0,0.235,23.5,15.0,0.01,0.015,3.0,0.0,0.005,0.0,0.0,0.0,0.0
38,sub-019,SD,rest,0.0,0.0,0.0,0.0,0.11,7.333333333333333,45.5,0.015,0.13,6.5,55.333333333333336,0.015,0.15,7.5,44.0,0.02,0.0,0.0,0.0,0.0,0.14,9.333333333333334,61.0,0.015,0.18,9.0,15.0,0.02,0.09,4.5,36.333333333333336,0.02,0.125,8.333333333333334,73.5,0.015,0.075,5.0,63.0,0.015
39,sub-020,RW,rest,0.23,7.666666666666667,25.2,0.025,0.05,3.3333333333333335,77.5,0.015,0.105,7.0,45.0,0.015,0.205,8.2,38.25,0.025,0.03,2.0,61.5,0.015,0.0,0.0,0.0,0.0,0.02,2.0,17.0,0.01,0.09,6.0,75.0,0.015,0.075,3.75,8.666666666666666,0.02,0.195,6.5,10.6,0.03
40,sub-020,SD,rest,0.07,4.666666666666667,33.0,0.015,0.145,7.25,10.333333333333334,0.02,0.025,5.0,0.0,0.005,0.005,1.0,0.0,0.005,0.135,6.75,34.0,0.02,0.02,2.0,13.0,0.01,0.16,6.4,25.0,0.025,0.02,2.0,63.0,0.01,0.19,12.666666666666666,12.5,0.015,0.23,15.333333333333334,37.0,0.01
41,sub-021,RW,rest,0.05,5.0,68.0,0.01,0.245,6.125,16.285714285714285,0.04,0.175,5.0,11.833333333333334,0.035,0.075,7.5,13.0,0.01,0.105,4.2,25.75,0.025,0.1,6.666666666666667,55.5,0.015,0.035,3.5,27.0,0.01,0.145,5.8,32.75,0.02,0.02,4.0,0.0,0.005,0.05,3.3333333333333335,29.0,0.015
42,sub-021,SD,rest,0.13,13.0,133.0,0.01,0.22,14.666666666666666,24.5,0.015,0.125,12.5,12.0,0.01,0.125,8.333333333333334,37.5,0.015,0.03,6.0,0.0,0.0,0.0,0.0,0.0,0.0,0.04,8.0,0.0,0.005,0.105,10.5,59.0,0.01,0.165,16.5,110.0,0.01,0.06,12.0,0.0,0.005
43,sub-022,RW,rest,0.195,7.8,29.0,0.025,0.0,0.0,0.0,0.0,0.05,5.0,114.0,0.01,0.35,14.0,14.25,0.02,0.0,0.0,0.0,0.0,0.13,13.0,56.0,0.01,0.05,10.0,0.0,0.005,0.07,14.0,0.0,0.005,0.065,3.25,47.0,0.02,0.09,4.5,53.666666666666664,0.02
44,sub-022,SD,rest,0.125,8.333333333333334,53.5,0.015,0.06,6.0,20.0,0.01,0.07,14.0,0.0,0.005,0.18,7.2,31.25,0.025,0.03,6.0,0.0,0.005,0.32,6.4,13.88888888888889,0.045,0.045,9.0,0.0,0.005,0.05,5.0,146.0,0.01,0.05,3.3333333333333335,52.0,0.015,0.07,7.0,80.0,0.01
45,sub-023,RW,rest,0.11,5.5,52.666666666666664,0.015,0.095,9.5,19.0,0.01,0.05,10.0,0.0,0.005,0.025,2.5,164.0,0.01,0.4,26.666666666666668,24.0,0.015,0.125,12.5,10.0,0.01,0.045,9.0,0.0,0.005,0.02,4.0,0.0,0.005,0.13,8.666666666666666,81.0,0.015,0.0,0.0,0.0,0.0
46,sub-023,SD,rest,0.1,6.666666666666667,39.0,0.015,0.2,10.0,34.333333333333336,0.02,0.18,18.0,64.0,0.005,0.135,9.0,31.0,0.015,0.11,7.333333333333333,40.0,0.015,0.03,3.0,30.0,0.01,0.14,7.0,32.666666666666664,0.02,0.05,10.0,0.0,0.005,0.04,8.0,0.0,0.005,0.015,3.0,0.0,0.005
47,sub-024,RW,rest,0.31,15.5,16.0,0.02,0.0,0.0,0.0,0.0,0.48,48.0,0.0,0.01,0.0,0.0,0.0,0.0,0.03,3.0,0.0,0.01,0.1,10.0,0.0,0.01,0.03,3.0,0.0,0.01,0.0,0.0,0.0,0.0,0.0,0.0,0.0,0.0,0.05,5.0,0.0,0.0
48,sub-024,SD,rest,0.08,16.0,0.0,0.005,0.185,18.5,53.0,0.01,0.0,0.0,0.0,0.0,0.0,0.0,0.0,0.0,0.105,7.0,13.0,0.015,0.08,8.0,7.0,0.01,0.02,2.0,1.0,0.005,0.255,12.75,49.0,0.02,0.01,2.0,0.0,0.005,0.265,13.25,16.0,0.02
49,sub-025,RW,rest,0.16,8.0,18.0,0.02,0.01,1.0,0.0,0.01,0.17,8.5,2.0,0.02,0.13,6.5,19.0,0.02,0.13,6.5,18.0,0.01,0.0,0.0,0.0,0.0,0.03,3.0,0.0,0.01,0.16,8.0,49.0,0.02,0.16,8.0,52.0,0.02,0.05,2.5,36.0,0.02
50,sub-025,SD,rest,0.055,3.6666666666666665,19.0,0.015,0.09,4.5,41.333333333333336,0.015,0.18,36.0,0.0,0.005,0.045,9.0,0.0,0.005,0.03,3.0,35.0,0.01,0.17,8.5,29.0,0.02,0.175,8.75,30.666666666666668,0.02,0.065,4.333333333333333,57.5,0.015,0.1,10.0,32.0,0.01,0.09,6.0,17.0,0.015
51,sub-026,RW,rest,0.0,0.0,0.0,0.0,0.025,5.0,0.0,0.005,0.005,1.0,0.0,0.005,0.625,15.625,5.714285714285714,0.04,0.0,0.0,0.0,0.0,0.145,29.0,0.0,0.005,0.065,4.333333333333333,20.5,0.015,0.12,6.0,48.666666666666664,0.015,0.015,1.5,2.0,0.01,0.0,0.0,0.0,0.0
52,sub-026,SD,rest,0.0,0.0,0.0,0.0,0.265,6.625,18.142857142857142,0.04,0.0,0.0,0.0,0.0,0.185,7.4,34.25,0.025,0.185,12.333333333333334,44.5,0.015,0.055,11.0,0.0,0.005,0.03,3.0,17.0,0.01,0.215,10.75,35.333333333333336,0.015,0.025,5.0,0.0,0.005,0.04,4.0,33.0,0.01
53,sub-027,RW,rest,0.0,0.0,0.0,0.0,0.015,3.0,0.0,0.005,0.01,2.0,0.0,0.005,0.23,46.0,0.0,0.005,0.0,0.0,0.0,0.0,0.0,0.0,0.0,0.0,0.37,10.571428571428571,21.0,0.03,0.04,8.0,0.0,0.005,0.0,0.0,0.0,0.0,0.335,13.4,26.0,0.025
54,sub-027,SD,rest,0.08,8.0,43.0,0.01,0.205,13.666666666666666,64.0,0.015,0.015,3.0,0.0,0.005,0.085,4.25,37.0,0.02,0.095,6.333333333333333,38.0,0.015,0.055,11.0,0.0,0.005,0.025,5.0,0.0,0.005,0.235,11.75,34.0,0.02,0.025,5.0,0.0,0.005,0.18,9.0,54.666666666666664,0.015
55,sub-028,RW,rest,0.135,5.4,23.25,0.025,0.175,7.0,15.75,0.025,0.0,0.0,0.0,0.0,0.03,6.0,0.0,0.005,0.0,0.0,0.0,0.0,0.115,11.5,11.0,0.01,0.17,8.5,10.333333333333334,0.02,0.0,0.0,0.0,0.0,0.175,17.5,115.0,0.01,0.2,10.0,35.666666666666664,0.015
56,sub-028,SD,rest,0.325,5.909090909090909,12.7,0.055,0.0,0.0,0.0,0.0,0.0,0.0,0.0,0.0,0.06,6.0,95.0,0.01,0.175,7.0,25.25,0.025,0.035,7.0,0.0,0.005,0.075,15.0,0.0,0.005,0.135,9.0,70.0,0.015,0.18,7.2,39.5,0.025,0.015,3.0,0.0,0.0
57,sub-029,RW,rest,0.03,6.0,0.0,0.005,0.1,6.666666666666667,35.0,0.015,0.415,10.375,16.428571428571427,0.035,0.065,13.0,0.0,0.005,0.065,4.333333333333333,30.5,0.015,0.1,5.0,43.333333333333336,0.02,0.095,6.333333333333333,65.0,0.015,0.07,3.5,4.333333333333333,0.02,0.06,12.0,0.0,0.005,0.0,0.0,0.0,0.0
58,sub-029,SD,rest,0.015,3.0,0.0,0.005,0.035,7.0,0.0,0.005,0.07,7.0,56.0,0.005,0.0,0.0,0.0,0.0,0.04,4.0,42.0,0.01,0.01,2.0,0.0,0.005,0.595,29.75,3.6666666666666665,0.02,0.0,0.0,0.0,0.0,0.205,13.666666666666666,6.0,0.015,0.03,6.0,0.0,0.005
59,sub-030,RW,rest,0.185,12.333333333333334,19.0,0.01,0.025,2.5,131.0,0.01,0.1,10.0,5.0,0.01,0.21,7.0,30.0,0.03,0.075,5.0,86.0,0.015,0.18,12.0,32.0,0.015,0.02,2.0,27.0,0.01,0.18,12.0,58.5,0.015,0.015,3.0,0.0,0.005,0.01,2.0,0.0,0.005
60,sub-030,SD,rest,0.13,13.0,83.0,0.01,0.125,8.333333333333334,15.0,0.015,0.245,9.8,16.5,0.025,0.085,17.0,0.0,0.005,0.0,0.0,0.0,0.0,0.03,6.0,0.0,0.005,0.03,6.0,0.0,0.005,0.15,10.0,51.5,0.015,0.205,20.5,65.0,0.005,0.0,0.0,0.0,0.0
