sub,session,condition,kind,error,n_epochs,n_ica_removed,ica_removed_components,preproc_raw,epochs_file
sub-001,RW,CloseEye,rest,epochs._get_data() can't run because this Epochs-object is empty. You might want to check Epochs.drop_log or Epochs.plot_drop_log() to see why epochs were dropped.,,,,,
sub-001,RW,OpenEye,rest,epochs._get_data() can't run because this Epochs-object is empty. You might want to check Epochs.drop_log or Epochs.plot_drop_log() to see why epochs were dropped.,,,,,
sub-001,RW,PVT,task,,47.0,1.0,1,EEG_reactivity_pipeline/preprocessed/sub-001_RW_PVT_preproc_raw.fif,EEG_reactivity_pipeline/epochs/sub-001_RW_PVT-epo.fif
sub-001,SD,CloseEye,rest,,346.0,1.0,0,EEG_reactivity_pipeline/preprocessed/sub-001_SD_CloseEye_preproc_raw.fif,EEG_reactivity_pipeline/epochs/sub-001_SD_CloseEye-epo.fif
sub-001,SD,OpenEye,rest,,358.0,1.0,0,EEG_reactivity_pipeline/preprocessed/sub-001_SD_OpenEye_preproc_raw.fif,EEG_reactivity_pipeline/epochs/sub-001_SD_OpenEye-epo.fif
sub-001,SD,PVT,task,,40.0,1.0,0,EEG_reactivity_pipeline/preprocessed/sub-001_SD_PVT_preproc_raw.fif,EEG_reactivity_pipeline/epochs/sub-001_SD_PVT-epo.fif
sub-002,RW,CloseEye,rest,,240.0,1.0,4,EEG_reactivity_pipeline/preprocessed/sub-002_RW_CloseEye_preproc_raw.fif,EEG_reactivity_pipeline/epochs/sub-002_RW_CloseEye-epo.fif
sub-002,RW,OpenEye,rest,,16.0,2.0,"1,0",EEG_reactivity_pipeline/preprocessed/sub-002_RW_OpenEye_preproc_raw.fif,EEG_reactivity_pipeline/epochs/sub-002_RW_OpenEye-epo.fif
sub-002,RW,PVT,task,,56.0,2.0,"2,4",EEG_reactivity_pipeline/preprocessed/sub-002_RW_PVT_preproc_raw.fif,EEG_reactivity_pipeline/epochs/sub-002_RW_PVT-epo.fif
sub-002,SD,CloseEye,rest,,121.0,2.0,"3,2",EEG_reactivity_pipeline/preprocessed/sub-002_SD_CloseEye_preproc_raw.fif,EEG_reactivity_pipeline/epochs/sub-002_SD_CloseEye-epo.fif
sub-002,SD,OpenEye,rest,,342.0,2.0,"2,0",EEG_reactivity_pipeline/preprocessed/sub-002_SD_OpenEye_preproc_raw.fif,EEG_reactivity_pipeline/epochs/sub-002_SD_OpenEye-epo.fif
sub-002,SD,PVT,task,,30.0,1.0,1,EEG_reactivity_pipeline/preprocessed/sub-002_SD_PVT_preproc_raw.fif,EEG_reactivity_pipeline/epochs/sub-002_SD_PVT-epo.fif
sub-003,RW,CloseEye,rest,,306.0,2.0,"5,2",EEG_reactivity_pipeline/preprocessed/sub-003_RW_CloseEye_preproc_raw.fif,EEG_reactivity_pipeline/epochs/sub-003_RW_CloseEye-epo.fif
sub-003,RW,OpenEye,rest,,183.0,1.0,1,EEG_reactivity_pipeline/preprocessed/sub-003_RW_OpenEye_preproc_raw.fif,EEG_reactivity_pipeline/epochs/sub-003_RW_OpenEye-epo.fif
sub-003,RW,PVT,task,,18.0,2.0,"1,2",EEG_reactivity_pipeline/preprocessed/sub-003_RW_PVT_preproc_raw.fif,EEG_reactivity_pipeline/epochs/sub-003_RW_PVT-epo.fif
sub-003,SD,CloseEye,rest,,198.0,0.0,,EEG_reactivity_pipeline/preprocessed/sub-003_SD_CloseEye_preproc_raw.fif,EEG_reactivity_pipeline/epochs/sub-003_SD_CloseEye-epo.fif
sub-003,SD,OpenEye,rest,,463.0,2.0,"1,0",EEG_reactivity_pipeline/preprocessed/sub-003_SD_OpenEye_preproc_raw.fif,EEG_reactivity_pipeline/epochs/sub-003_SD_OpenEye-epo.fif
sub-003,SD,PVT,task,epochs._get_data() can't run because this Epochs-object is empty. You might want to check Epochs.drop_log or Epochs.plot_drop_log() to see why epochs were dropped.,,,,,
sub-004,RW,CloseEye,rest,,402.0,0.0,,EEG_reactivity_pipeline/preprocessed/sub-004_RW_CloseEye_preproc_raw.fif,EEG_reactivity_pipeline/epochs/sub-004_RW_CloseEye-epo.fif
sub-004,RW,OpenEye,rest,epochs._get_data() can't run because this Epochs-object is empty. You might want to check Epochs.drop_log or Epochs.plot_drop_log() to see why epochs were dropped.,,,,,
sub-004,RW,PVT,task,,52.0,2.0,"1,3",EEG_reactivity_pipeline/preprocessed/sub-004_RW_PVT_preproc_raw.fif,EEG_reactivity_pipeline/epochs/sub-004_RW_PVT-epo.fif
sub-004,SD,CloseEye,rest,,309.0,1.0,2,EEG_reactivity_pipeline/preprocessed/sub-004_SD_CloseEye_preproc_raw.fif,EEG_reactivity_pipeline/epochs/sub-004_SD_CloseEye-epo.fif
sub-004,SD,OpenEye,rest,,282.0,1.0,2,EEG_reactivity_pipeline/preprocessed/sub-004_SD_OpenEye_preproc_raw.fif,EEG_reactivity_pipeline/epochs/sub-004_SD_OpenEye-epo.fif
sub-004,SD,PVT,task,,51.0,1.0,1,EEG_reactivity_pipeline/preprocessed/sub-004_SD_PVT_preproc_raw.fif,EEG_reactivity_pipeline/epochs/sub-004_SD_PVT-epo.fif
sub-005,RW,CloseEye,rest,,374.0,2.0,"4,2",EEG_reactivity_pipeline/preprocessed/sub-005_RW_CloseEye_preproc_raw.fif,EEG_reactivity_pipeline/epochs/sub-005_RW_CloseEye-epo.fif
sub-005,RW,OpenEye,rest,,436.0,2.0,"1,2",EEG_reactivity_pipeline/preprocessed/sub-005_RW_OpenEye_preproc_raw.fif,EEG_reactivity_pipeline/epochs/sub-005_RW_OpenEye-epo.fif
sub-005,RW,PVT,task,,25.0,3.0,"1,5,3",EEG_reactivity_pipeline/preprocessed/sub-005_RW_PVT_preproc_raw.fif,EEG_reactivity_pipeline/epochs/sub-005_RW_PVT-epo.fif
sub-005,SD,CloseEye,rest,,336.0,0.0,,EEG_reactivity_pipeline/preprocessed/sub-005_SD_CloseEye_preproc_raw.fif,EEG_reactivity_pipeline/epochs/sub-005_SD_CloseEye-epo.fif
sub-005,SD,OpenEye,rest,,235.0,1.0,1,EEG_reactivity_pipeline/preprocessed/sub-005_SD_OpenEye_preproc_raw.fif,EEG_reactivity_pipeline/epochs/sub-005_SD_OpenEye-epo.fif
sub-005,SD,PVT,task,,15.0,1.0,2,EEG_reactivity_pipeline/preprocessed/sub-005_SD_PVT_preproc_raw.fif,EEG_reactivity_pipeline/epochs/sub-005_SD_PVT-epo.fif
sub-006,RW,CloseEye,rest,,330.0,2.0,"1,5",EEG_reactivity_pipeline/preprocessed/sub-006_RW_CloseEye_preproc_raw.fif,EEG_reactivity_pipeline/epochs/sub-006_RW_CloseEye-epo.fif
sub-006,RW,OpenEye,rest,,299.0,2.0,"1,3",EEG_reactivity_pipeline/preprocessed/sub-006_RW_OpenEye_preproc_raw.fif,EEG_reactivity_pipeline/epochs/sub-006_RW_OpenEye-epo.fif
sub-006,RW,PVT,task,,44.0,2.0,"1,2",EEG_reactivity_pipeline/preprocessed/sub-006_RW_PVT_preproc_raw.fif,EEG_reactivity_pipeline/epochs/sub-006_RW_PVT-epo.fif
sub-006,SD,CloseEye,rest,,209.0,1.0,1,EEG_reactivity_pipeline/preprocessed/sub-006_SD_CloseEye_preproc_raw.fif,EEG_reactivity_pipeline/epochs/sub-006_SD_CloseEye-epo.fif
sub-006,SD,OpenEye,rest,,349.0,2.0,"2,0",EEG_reactivity_pipeline/preprocessed/sub-006_SD_OpenEye_preproc_raw.fif,EEG_reactivity_pipeline/epochs/sub-006_SD_OpenEye-epo.fif
sub-006,SD,PVT,task,,39.0,1.0,1,EEG_reactivity_pipeline/preprocessed/sub-006_SD_PVT_preproc_raw.fif,EEG_reactivity_pipeline/epochs/sub-006_SD_PVT-epo.fif
sub-007,RW,CloseEye,rest,,312.0,2.0,"1,0",EEG_reactivity_pipeline/preprocessed/sub-007_RW_CloseEye_preproc_raw.fif,EEG_reactivity_pipeline/epochs/sub-007_RW_CloseEye-epo.fif
sub-007,RW,OpenEye,rest,,301.0,1.0,0,EEG_reactivity_pipeline/preprocessed/sub-007_RW_OpenEye_preproc_raw.fif,EEG_reactivity_pipeline/epochs/sub-007_RW_OpenEye-epo.fif
sub-007,RW,PVT,task,PVT 中未找到事件 Stimulus/S  1，实际事件：[],,,,,
sub-007,SD,CloseEye,rest,,94.0,2.0,"2,0",EEG_reactivity_pipeline/preprocessed/sub-007_SD_CloseEye_preproc_raw.fif,EEG_reactivity_pipeline/epochs/sub-007_SD_CloseEye-epo.fif
sub-007,SD,OpenEye,rest,,275.0,2.0,"1,2",EEG_reactivity_pipeline/preprocessed/sub-007_SD_OpenEye_preproc_raw.fif,EEG_reactivity_pipeline/epochs/sub-007_SD_OpenEye-epo.fif
sub-007,SD,PVT,task,PVT 中未找到事件 Stimulus/S  1，实际事件：[],,,,,
sub-008,RW,CloseEye,rest,,1.0,1.0,2,EEG_reactivity_pipeline/preprocessed/sub-008_RW_CloseEye_preproc_raw.fif,EEG_reactivity_pipeline/epochs/sub-008_RW_CloseEye-epo.fif
sub-008,RW,OpenEye,rest,epochs._get_data() can't run because this Epochs-object is empty. You might want to check Epochs.drop_log or Epochs.plot_drop_log() to see why epochs were dropped.,,,,,
sub-008,RW,PVT,task,epochs._get_data() can't run because this Epochs-object is empty. You might want to check Epochs.drop_log or Epochs.plot_drop_log() to see why epochs were dropped.,,,,,
sub-008,SD,CloseEye,rest,,394.0,2.0,"1,0",EEG_reactivity_pipeline/preprocessed/sub-008_SD_CloseEye_preproc_raw.fif,EEG_reactivity_pipeline/epochs/sub-008_SD_CloseEye-epo.fif
sub-008,SD,OpenEye,rest,,22.0,2.0,"6,1",EEG_reactivity_pipeline/preprocessed/sub-008_SD_OpenEye_preproc_raw.fif,EEG_reactivity_pipeline/epochs/sub-008_SD_OpenEye-epo.fif
sub-008,SD,PVT,task,,19.0,1.0,1,EEG_reactivity_pipeline/preprocessed/sub-008_SD_PVT_preproc_raw.fif,EEG_reactivity_pipeline/epochs/sub-008_SD_PVT-epo.fif
sub-009,RW,CloseEye,rest,,329.0,1.0,1,EEG_reactivity_pipeline/preprocessed/sub-009_RW_CloseEye_preproc_raw.fif,EEG_reactivity_pipeline/epochs/sub-009_RW_CloseEye-epo.fif
sub-009,RW,OpenEye,rest,,432.0,3.0,"2,10,3",EEG_reactivity_pipeline/preprocessed/sub-009_RW_OpenEye_preproc_raw.fif,EEG_reactivity_pipeline/epochs/sub-009_RW_OpenEye-epo.fif
sub-009,RW,PVT,task,,33.0,2.0,"1,2",EEG_reactivity_pipeline/preprocessed/sub-009_RW_PVT_preproc_raw.fif,EEG_reactivity_pipeline/epochs/sub-009_RW_PVT-epo.fif
sub-009,SD,CloseEye,rest,,359.0,2.0,"0,4",EEG_reactivity_pipeline/preprocessed/sub-009_SD_CloseEye_preproc_raw.fif,EEG_reactivity_pipeline/epochs/sub-009_SD_CloseEye-epo.fif
sub-009,SD,OpenEye,rest,,326.0,1.0,0,EEG_reactivity_pipeline/preprocessed/sub-009_SD_OpenEye_preproc_raw.fif,EEG_reactivity_pipeline/epochs/sub-009_SD_OpenEye-epo.fif
sub-009,SD,PVT,task,PVT 中未找到事件 Stimulus/S  1，实际事件：[],,,,,
sub-010,RW,CloseEye,rest,,739.0,2.0,"0,2",EEG_reactivity_pipeline/preprocessed/sub-010_RW_CloseEye_preproc_raw.fif,EEG_reactivity_pipeline/epochs/sub-010_RW_CloseEye-epo.fif
sub-010,RW,OpenEye,rest,,322.0,1.0,0,EEG_reactivity_pipeline/preprocessed/sub-010_RW_OpenEye_preproc_raw.fif,EEG_reactivity_pipeline/epochs/sub-010_RW_OpenEye-epo.fif
sub-010,RW,PVT,task,PVT 中未找到事件 Stimulus/S  1，实际事件：[],,,,,
sub-010,SD,CloseEye,rest,,344.0,1.0,1,EEG_reactivity_pipeline/preprocessed/sub-010_SD_CloseEye_preproc_raw.fif,EEG_reactivity_pipeline/epochs/sub-010_SD_CloseEye-epo.fif
sub-010,SD,OpenEye,rest,,313.0,1.0,0,EEG_reactivity_pipeline/preprocessed/sub-010_SD_OpenEye_preproc_raw.fif,EEG_reactivity_pipeline/epochs/sub-010_SD_OpenEye-epo.fif
sub-010,SD,PVT,task,PVT 中未找到事件 Stimulus/S  1，实际事件：[],,,,,
sub-011,RW,CloseEye,rest,,31.0,1.0,2,EEG_reactivity_pipeline/preprocessed/sub-011_RW_CloseEye_preproc_raw.fif,EEG_reactivity_pipeline/epochs/sub-011_RW_CloseEye-epo.fif
sub-011,RW,OpenEye,rest,,40.0,1.0,1,EEG_reactivity_pipeline/preprocessed/sub-011_RW_OpenEye_preproc_raw.fif,EEG_reactivity_pipeline/epochs/sub-011_RW_OpenEye-epo.fif
sub-011,RW,PVT,task,,1.0,2.0,"1,5",EEG_reactivity_pipeline/preprocessed/sub-011_RW_PVT_preproc_raw.fif,EEG_reactivity_pipeline/epochs/sub-011_RW_PVT-epo.fif
sub-011,SD,CloseEye,rest,,296.0,1.0,1,EEG_reactivity_pipeline/preprocessed/sub-011_SD_CloseEye_preproc_raw.fif,EEG_reactivity_pipeline/epochs/sub-011_SD_CloseEye-epo.fif
sub-011,SD,OpenEye,rest,,296.0,2.0,"1,2",EEG_reactivity_pipeline/preprocessed/sub-011_SD_OpenEye_preproc_raw.fif,EEG_reactivity_pipeline/epochs/sub-011_SD_OpenEye-epo.fif
sub-011,SD,PVT,task,,37.0,3.0,"4,2,3",EEG_reactivity_pipeline/preprocessed/sub-011_SD_PVT_preproc_raw.fif,EEG_reactivity_pipeline/epochs/sub-011_SD_PVT-epo.fif
sub-012,RW,CloseEye,rest,,293.0,2.0,"3,16",EEG_reactivity_pipeline/preprocessed/sub-012_RW_CloseEye_preproc_raw.fif,EEG_reactivity_pipeline/epochs/sub-012_RW_CloseEye-epo.fif
sub-012,RW,OpenEye,rest,,240.0,3.0,"1,14,9",EEG_reactivity_pipeline/preprocessed/sub-012_RW_OpenEye_preproc_raw.fif,EEG_reactivity_pipeline/epochs/sub-012_RW_OpenEye-epo.fif
sub-012,RW,PVT,task,,43.0,1.0,1,EEG_reactivity_pipeline/preprocessed/sub-012_RW_PVT_preproc_raw.fif,EEG_reactivity_pipeline/epochs/sub-012_RW_PVT-epo.fif
sub-012,SD,CloseEye,rest,,295.0,1.0,1,EEG_reactivity_pipeline/preprocessed/sub-012_SD_CloseEye_preproc_raw.fif,EEG_reactivity_pipeline/epochs/sub-012_SD_CloseEye-epo.fif
sub-012,SD,OpenEye,rest,,249.0,1.0,3,EEG_reactivity_pipeline/preprocessed/sub-012_SD_OpenEye_preproc_raw.fif,EEG_reactivity_pipeline/epochs/sub-012_SD_OpenEye-epo.fif
sub-012,SD,PVT,task,PVT 中未找到事件 Stimulus/S  1，实际事件：[],,,,,
sub-013,RW,CloseEye,rest,,62.0,0.0,,EEG_reactivity_pipeline/preprocessed/sub-013_RW_CloseEye_preproc_raw.fif,EEG_reactivity_pipeline/epochs/sub-013_RW_CloseEye-epo.fif
sub-013,RW,OpenEye,rest,,423.0,2.0,"1,0",EEG_reactivity_pipeline/preprocessed/sub-013_RW_OpenEye_preproc_raw.fif,EEG_reactivity_pipeline/epochs/sub-013_RW_OpenEye-epo.fif
sub-013,RW,PVT,task,,46.0,2.0,"4,0",EEG_reactivity_pipeline/preprocessed/sub-013_RW_PVT_preproc_raw.fif,EEG_reactivity_pipeline/epochs/sub-013_RW_PVT-epo.fif
sub-013,SD,CloseEye,rest,,21.0,0.0,,EEG_reactivity_pipeline/preprocessed/sub-013_SD_CloseEye_preproc_raw.fif,EEG_reactivity_pipeline/epochs/sub-013_SD_CloseEye-epo.fif
sub-013,SD,OpenEye,rest,,328.0,2.0,"0,2",EEG_reactivity_pipeline/preprocessed/sub-013_SD_OpenEye_preproc_raw.fif,EEG_reactivity_pipeline/epochs/sub-013_SD_OpenEye-epo.fif
sub-013,SD,PVT,task,,49.0,2.0,"1,0",EEG_reactivity_pipeline/preprocessed/sub-013_SD_PVT_preproc_raw.fif,EEG_reactivity_pipeline/epochs/sub-013_SD_PVT-epo.fif
sub-014,RW,CloseEye,rest,,334.0,1.0,3,EEG_reactivity_pipeline/preprocessed/sub-014_RW_CloseEye_preproc_raw.fif,EEG_reactivity_pipeline/epochs/sub-014_RW_CloseEye-epo.fif
sub-014,RW,OpenEye,rest,,343.0,2.0,"0,3",EEG_reactivity_pipeline/preprocessed/sub-014_RW_OpenEye_preproc_raw.fif,EEG_reactivity_pipeline/epochs/sub-014_RW_OpenEye-epo.fif
sub-014,RW,PVT,task,PVT 中未找到事件 Stimulus/S  1，实际事件：[],,,,,
sub-014,SD,CloseEye,rest,,241.0,1.0,0,EEG_reactivity_pipeline/preprocessed/sub-014_SD_CloseEye_preproc_raw.fif,EEG_reactivity_pipeline/epochs/sub-014_SD_CloseEye-epo.fif
sub-014,SD,OpenEye,rest,,70.0,1.0,0,EEG_reactivity_pipeline/preprocessed/sub-014_SD_OpenEye_preproc_raw.fif,EEG_reactivity_pipeline/epochs/sub-014_SD_OpenEye-epo.fif
sub-014,SD,PVT,task,,20.0,1.0,0,EEG_reactivity_pipeline/preprocessed/sub-014_SD_PVT_preproc_raw.fif,EEG_reactivity_pipeline/epochs/sub-014_SD_PVT-epo.fif
sub-015,RW,CloseEye,rest,,293.0,1.0,3,EEG_reactivity_pipeline/preprocessed/sub-015_RW_CloseEye_preproc_raw.fif,EEG_reactivity_pipeline/epochs/sub-015_RW_CloseEye-epo.fif
sub-015,RW,OpenEye,rest,,328.0,3.0,"1,3,4",EEG_reactivity_pipeline/preprocessed/sub-015_RW_OpenEye_preproc_raw.fif,EEG_reactivity_pipeline/epochs/sub-015_RW_OpenEye-epo.fif
sub-015,RW,PVT,task,,50.0,1.0,2,EEG_reactivity_pipeline/preprocessed/sub-015_RW_PVT_preproc_raw.fif,EEG_reactivity_pipeline/epochs/sub-015_RW_PVT-epo.fif
sub-015,SD,CloseEye,rest,,219.0,1.0,7,EEG_reactivity_pipeline/preprocessed/sub-015_SD_CloseEye_preproc_raw.fif,EEG_reactivity_pipeline/epochs/sub-015_SD_CloseEye-epo.fif
sub-015,SD,OpenEye,rest,,304.0,1.0,1,EEG_reactivity_pipeline/preprocessed/sub-015_SD_OpenEye_preproc_raw.fif,EEG_reactivity_pipeline/epochs/sub-015_SD_OpenEye-epo.fif
sub-015,SD,PVT,task,,37.0,1.0,1,EEG_reactivity_pipeline/preprocessed/sub-015_SD_PVT_preproc_raw.fif,EEG_reactivity_pipeline/epochs/sub-015_SD_PVT-epo.fif
sub-016,RW,CloseEye,rest,,189.0,1.0,6,EEG_reactivity_pipeline/preprocessed/sub-016_RW_CloseEye_preproc_raw.fif,EEG_reactivity_pipeline/epochs/sub-016_RW_CloseEye-epo.fif
sub-016,RW,OpenEye,rest,,135.0,2.0,"1,2",EEG_reactivity_pipeline/preprocessed/sub-016_RW_OpenEye_preproc_raw.fif,EEG_reactivity_pipeline/epochs/sub-016_RW_OpenEye-epo.fif
sub-016,RW,PVT,task,,14.0,1.0,1,EEG_reactivity_pipeline/preprocessed/sub-016_RW_PVT_preproc_raw.fif,EEG_reactivity_pipeline/epochs/sub-016_RW_PVT-epo.fif
sub-016,SD,CloseEye,rest,,53.0,1.0,1,EEG_reactivity_pipeline/preprocessed/sub-016_SD_CloseEye_preproc_raw.fif,EEG_reactivity_pipeline/epochs/sub-016_SD_CloseEye-epo.fif
sub-016,SD,OpenEye,rest,,2.0,2.0,"1,2",EEG_reactivity_pipeline/preprocessed/sub-016_SD_OpenEye_preproc_raw.fif,EEG_reactivity_pipeline/epochs/sub-016_SD_OpenEye-epo.fif
sub-016,SD,PVT,task,,1.0,2.0,"1,6",EEG_reactivity_pipeline/preprocessed/sub-016_SD_PVT_preproc_raw.fif,EEG_reactivity_pipeline/epochs/sub-016_SD_PVT-epo.fif
sub-017,RW,CloseEye,rest,,472.0,0.0,,EEG_reactivity_pipeline/preprocessed/sub-017_RW_CloseEye_preproc_raw.fif,EEG_reactivity_pipeline/epochs/sub-017_RW_CloseEye-epo.fif
sub-017,RW,OpenEye,rest,,390.0,1.0,0,EEG_reactivity_pipeline/preprocessed/sub-017_RW_OpenEye_preproc_raw.fif,EEG_reactivity_pipeline/epochs/sub-017_RW_OpenEye-epo.fif
sub-017,RW,PVT,task,,58.0,2.0,"0,2",EEG_reactivity_pipeline/preprocessed/sub-017_RW_PVT_preproc_raw.fif,EEG_reactivity_pipeline/epochs/sub-017_RW_PVT-epo.fif
sub-017,SD,CloseEye,rest,,109.0,0.0,,EEG_reactivity_pipeline/preprocessed/sub-017_SD_CloseEye_preproc_raw.fif,EEG_reactivity_pipeline/epochs/sub-017_SD_CloseEye-epo.fif
sub-017,SD,OpenEye,rest,,112.0,1.0,4,EEG_reactivity_pipeline/preprocessed/sub-017_SD_OpenEye_preproc_raw.fif,EEG_reactivity_pipeline/epochs/sub-017_SD_OpenEye-epo.fif
sub-017,SD,PVT,task,,1.0,4.0,"5,6,9,0",EEG_reactivity_pipeline/preprocessed/sub-017_SD_PVT_preproc_raw.fif,EEG_reactivity_pipeline/epochs/sub-017_SD_PVT-epo.fif
sub-018,RW,CloseEye,rest,,327.0,2.0,"1,3",EEG_reactivity_pipeline/preprocessed/sub-018_RW_CloseEye_preproc_raw.fif,EEG_reactivity_pipeline/epochs/sub-018_RW_CloseEye-epo.fif
sub-018,RW,OpenEye,rest,,388.0,1.0,0,EEG_reactivity_pipeline/preprocessed/sub-018_RW_OpenEye_preproc_raw.fif,EEG_reactivity_pipeline/epochs/sub-018_RW_OpenEye-epo.fif
sub-018,RW,PVT,task,,53.0,1.0,0,EEG_reactivity_pipeline/preprocessed/sub-018_RW_PVT_preproc_raw.fif,EEG_reactivity_pipeline/epochs/sub-018_RW_PVT-epo.fif
sub-018,SD,CloseEye,rest,,190.0,1.0,2,EEG_reactivity_pipeline/preprocessed/sub-018_SD_CloseEye_preproc_raw.fif,EEG_reactivity_pipeline/epochs/sub-018_SD_CloseEye-epo.fif
sub-018,SD,OpenEye,rest,,8.0,3.0,"0,2,18",EEG_reactivity_pipeline/preprocessed/sub-018_SD_OpenEye_preproc_raw.fif,EEG_reactivity_pipeline/epochs/sub-018_SD_OpenEye-epo.fif
sub-018,SD,PVT,task,,4.0,3.0,"1,3,2",EEG_reactivity_pipeline/preprocessed/sub-018_SD_PVT_preproc_raw.fif,EEG_reactivity_pipeline/epochs/sub-018_SD_PVT-epo.fif
sub-019,RW,CloseEye,rest,,268.0,0.0,,EEG_reactivity_pipeline/preprocessed/sub-019_RW_CloseEye_preproc_raw.fif,EEG_reactivity_pipeline/epochs/sub-019_RW_CloseEye-epo.fif
sub-019,RW,OpenEye,rest,,36.0,1.0,1,EEG_reactivity_pipeline/preprocessed/sub-019_RW_OpenEye_preproc_raw.fif,EEG_reactivity_pipeline/epochs/sub-019_RW_OpenEye-epo.fif
sub-019,RW,PVT,task,,23.0,1.0,1,EEG_reactivity_pipeline/preprocessed/sub-019_RW_PVT_preproc_raw.fif,EEG_reactivity_pipeline/epochs/sub-019_RW_PVT-epo.fif
sub-019,SD,CloseEye,rest,,39.0,0.0,,EEG_reactivity_pipeline/preprocessed/sub-019_SD_CloseEye_preproc_raw.fif,EEG_reactivity_pipeline/epochs/sub-019_SD_CloseEye-epo.fif
sub-019,SD,OpenEye,rest,,57.0,1.0,1,EEG_reactivity_pipeline/preprocessed/sub-019_SD_OpenEye_preproc_raw.fif,EEG_reactivity_pipeline/epochs/sub-019_SD_OpenEye-epo.fif
sub-019,SD,PVT,task,,4.0,2.0,"1,3",EEG_reactivity_pipeline/preprocessed/sub-019_SD_PVT_preproc_raw.fif,EEG_reactivity_pipeline/epochs/sub-019_SD_PVT-epo.fif
sub-020,RW,CloseEye,rest,,329.0,2.0,"0,1",EEG_reactivity_pipeline/preprocessed/sub-020_RW_CloseEye_preproc_raw.fif,EEG_reactivity_pipeline/epochs/sub-020_RW_CloseEye-epo.fif
sub-020,RW,OpenEye,rest,,322.0,2.0,"0,2",EEG_reactivity_pipeline/preprocessed/sub-020_RW_OpenEye_preproc_raw.fif,EEG_reactivity_pipeline/epochs/sub-020_RW_OpenEye-epo.fif
sub-020,RW,PVT,task,,45.0,2.0,"0,4",EEG_reactivity_pipeline/preprocessed/sub-020_RW_PVT_preproc_raw.fif,EEG_reactivity_pipeline/epochs/sub-020_RW_PVT-epo.fif
sub-020,SD,CloseEye,rest,,302.0,0.0,,EEG_reactivity_pipeline/preprocessed/sub-020_SD_CloseEye_preproc_raw.fif,EEG_reactivity_pipeline/epochs/sub-020_SD_CloseEye-epo.fif
sub-020,SD,OpenEye,rest,,171.0,2.0,"4,2",EEG_reactivity_pipeline/preprocessed/sub-020_SD_OpenEye_preproc_raw.fif,EEG_reactivity_pipeline/epochs/sub-020_SD_OpenEye-epo.fif
sub-020,SD,PVT,task,,35.0,3.0,"1,2,4",EEG_reactivity_pipeline/preprocessed/sub-020_SD_PVT_preproc_raw.fif,EEG_reactivity_pipeline/epochs/sub-020_SD_PVT-epo.fif
sub-021,RW,CloseEye,rest,,376.0,2.0,"4,5",EEG_reactivity_pipeline/preprocessed/sub-021_RW_CloseEye_preproc_raw.fif,EEG_reactivity_pipeline/epochs/sub-021_RW_CloseEye-epo.fif
sub-021,RW,OpenEye,rest,,136.0,2.0,"1,2",EEG_reactivity_pipeline/preprocessed/sub-021_RW_OpenEye_preproc_raw.fif,EEG_reactivity_pipeline/epochs/sub-021_RW_OpenEye-epo.fif
sub-021,RW,PVT,task,,1.0,2.0,"1,5",EEG_reactivity_pipeline/preprocessed/sub-021_RW_PVT_preproc_raw.fif,EEG_reactivity_pipeline/epochs/sub-021_RW_PVT-epo.fif
sub-021,SD,CloseEye,rest,,124.0,1.0,2,EEG_reactivity_pipeline/preprocessed/sub-021_SD_CloseEye_preproc_raw.fif,EEG_reactivity_pipeline/epochs/sub-021_SD_CloseEye-epo.fif
sub-021,SD,OpenEye,rest,,89.0,1.0,4,EEG_reactivity_pipeline/preprocessed/sub-021_SD_OpenEye_preproc_raw.fif,EEG_reactivity_pipeline/epochs/sub-021_SD_OpenEye-epo.fif
sub-021,SD,PVT,task,,3.0,3.0,"1,4,9",EEG_reactivity_pipeline/preprocessed/sub-021_SD_PVT_preproc_raw.fif,EEG_reactivity_pipeline/epochs/sub-021_SD_PVT-epo.fif
sub-022,RW,CloseEye,rest,,3.0,1.0,1,EEG_reactivity_pipeline/preprocessed/sub-022_RW_CloseEye_preproc_raw.fif,EEG_reactivity_pipeline/epochs/sub-022_RW_CloseEye-epo.fif
sub-022,RW,OpenEye,rest,,1.0,2.0,"1,2",EEG_reactivity_pipeline/preprocessed/sub-022_RW_OpenEye_preproc_raw.fif,EEG_reactivity_pipeline/epochs/sub-022_RW_OpenEye-epo.fif
sub-022,RW,PVT,task,,1.0,2.0,"1,4",EEG_reactivity_pipeline/preprocessed/sub-022_RW_PVT_preproc_raw.fif,EEG_reactivity_pipeline/epochs/sub-022_RW_PVT-epo.fif
sub-022,SD,CloseEye,rest,,379.0,0.0,,EEG_reactivity_pipeline/preprocessed/sub-022_SD_CloseEye_preproc_raw.fif,EEG_reactivity_pipeline/epochs/sub-022_SD_CloseEye-epo.fif
sub-022,SD,OpenEye,rest,,397.0,2.0,"1,0",EEG_reactivity_pipeline/preprocessed/sub-022_SD_OpenEye_preproc_raw.fif,EEG_reactivity_pipeline/epochs/sub-022_SD_OpenEye-epo.fif
sub-022,SD,PVT,task,,55.0,1.0,0,EEG_reactivity_pipeline/preprocessed/sub-022_SD_PVT_preproc_raw.fif,EEG_reactivity_pipeline/epochs/sub-022_SD_PVT-epo.fif
sub-023,RW,CloseEye,rest,,8.0,2.0,"8,1",EEG_reactivity_pipeline/preprocessed/sub-023_RW_CloseEye_preproc_raw.fif,EEG_reactivity_pipeline/epochs/sub-023_RW_CloseEye-epo.fif
sub-023,RW,OpenEye,rest,,1.0,3.0,"1,2,6",EEG_reactivity_pipeline/preprocessed/sub-023_RW_OpenEye_preproc_raw.fif,EEG_reactivity_pipeline/epochs/sub-023_RW_OpenEye-epo.fif
sub-023,RW,PVT,task,,2.0,2.0,"1,7",EEG_reactivity_pipeline/preprocessed/sub-023_RW_PVT_preproc_raw.fif,EEG_reactivity_pipeline/epochs/sub-023_RW_PVT-epo.fif
sub-023,SD,CloseEye,rest,,349.0,1.0,13,EEG_reactivity_pipeline/preprocessed/sub-023_SD_CloseEye_preproc_raw.fif,EEG_reactivity_pipeline/epochs/sub-023_SD_CloseEye-epo.fif
sub-023,SD,OpenEye,rest,,316.0,1.0,0,EEG_reactivity_pipeline/preprocessed/sub-023_SD_OpenEye_preproc_raw.fif,EEG_reactivity_pipeline/epochs/sub-023_SD_OpenEye-epo.fif
sub-023,SD,PVT,task,,27.0,2.0,"1,5",EEG_reactivity_pipeline/preprocessed/sub-023_SD_PVT_preproc_raw.fif,EEG_reactivity_pipeline/epochs/sub-023_SD_PVT-epo.fif
sub-024,RW,CloseEye,rest,,531.0,1.0,0,EEG_reactivity_pipeline/preprocessed/sub-024_RW_CloseEye_preproc_raw.fif,EEG_reactivity_pipeline/epochs/sub-024_RW_CloseEye-epo.fif
sub-024,RW,OpenEye,rest,,377.0,3.0,"0,3,1",EEG_reactivity_pipeline/preprocessed/sub-024_RW_OpenEye_preproc_raw.fif,EEG_reactivity_pipeline/epochs/sub-024_RW_OpenEye-epo.fif
sub-024,RW,PVT,task,,41.0,1.0,0,EEG_reactivity_pipeline/preprocessed/sub-024_RW_PVT_preproc_raw.fif,EEG_reactivity_pipeline/epochs/sub-024_RW_PVT-epo.fif
sub-024,SD,CloseEye,rest,,320.0,0.0,,EEG_reactivity_pipeline/preprocessed/sub-024_SD_CloseEye_preproc_raw.fif,EEG_reactivity_pipeline/epochs/sub-024_SD_CloseEye-epo.fif
sub-024,SD,OpenEye,rest,,53.0,3.0,"2,5,6",EEG_reactivity_pipeline/preprocessed/sub-024_SD_OpenEye_preproc_raw.fif,EEG_reactivity_pipeline/epochs/sub-024_SD_OpenEye-epo.fif
sub-024,SD,PVT,task,,1.0,1.0,3,EEG_reactivity_pipeline/preprocessed/sub-024_SD_PVT_preproc_raw.fif,EEG_reactivity_pipeline/epochs/sub-024_SD_PVT-epo.fif
sub-025,RW,CloseEye,rest,,329.0,1.0,1,EEG_reactivity_pipeline/preprocessed/sub-025_RW_CloseEye_preproc_raw.fif,EEG_reactivity_pipeline/epochs/sub-025_RW_CloseEye-epo.fif
sub-025,RW,OpenEye,rest,,602.0,2.0,"0,6",EEG_reactivity_pipeline/preprocessed/sub-025_RW_OpenEye_preproc_raw.fif,EEG_reactivity_pipeline/epochs/sub-025_RW_OpenEye-epo.fif
sub-025,RW,PVT,task,,30.0,2.0,"2,3",EEG_reactivity_pipeline/preprocessed/sub-025_RW_PVT_preproc_raw.fif,EEG_reactivity_pipeline/epochs/sub-025_RW_PVT-epo.fif
sub-025,SD,CloseEye,rest,,317.0,1.0,5,EEG_reactivity_pipeline/preprocessed/sub-025_SD_CloseEye_preproc_raw.fif,EEG_reactivity_pipeline/epochs/sub-025_SD_CloseEye-epo.fif
sub-025,SD,OpenEye,rest,,156.0,0.0,,EEG_reactivity_pipeline/preprocessed/sub-025_SD_OpenEye_preproc_raw.fif,EEG_reactivity_pipeline/epochs/sub-025_SD_OpenEye-epo.fif
sub-025,SD,PVT,task,,30.0,1.0,1,EEG_reactivity_pipeline/preprocessed/sub-025_SD_PVT_preproc_raw.fif,EEG_reactivity_pipeline/epochs/sub-025_SD_PVT-epo.fif
sub-026,RW,CloseEye,rest,,234.0,2.0,"2,1",EEG_reactivity_pipeline/preprocessed/sub-026_RW_CloseEye_preproc_raw.fif,EEG_reactivity_pipeline/epochs/sub-026_RW_CloseEye-epo.fif
sub-026,RW,OpenEye,rest,epochs._get_data() can't run because this Epochs-object is empty. You might want to check Epochs.drop_log or Epochs.plot_drop_log() to see why epochs were dropped.,,,,,
sub-026,RW,PVT,task,,44.0,2.0,"1,3",EEG_reactivity_pipeline/preprocessed/sub-026_RW_PVT_preproc_raw.fif,EEG_reactivity_pipeline/epochs/sub-026_RW_PVT-epo.fif
sub-026,SD,CloseEye,rest,,123.0,1.0,2,EEG_reactivity_pipeline/preprocessed/sub-026_SD_CloseEye_preproc_raw.fif,EEG_reactivity_pipeline/epochs/sub-026_SD_CloseEye-epo.fif
sub-026,SD,OpenEye,rest,,143.0,2.0,"1,2",EEG_reactivity_pipeline/preprocessed/sub-026_SD_OpenEye_preproc_raw.fif,EEG_reactivity_pipeline/epochs/sub-026_SD_OpenEye-epo.fif
sub-026,SD,PVT,task,,5.0,2.0,"1,3",EEG_reactivity_pipeline/preprocessed/sub-026_SD_PVT_preproc_raw.fif,EEG_reactivity_pipeline/epochs/sub-026_SD_PVT-epo.fif
sub-027,RW,CloseEye,rest,,61.0,3.0,"4,7,5",EEG_reactivity_pipeline/preprocessed/sub-027_RW_CloseEye_preproc_raw.fif,EEG_reactivity_pipeline/epochs/sub-027_RW_CloseEye-epo.fif
sub-027,RW,OpenEye,rest,,487.0,2.0,"1,0",EEG_reactivity_pipeline/preprocessed/sub-027_RW_OpenEye_preproc_raw.fif,EEG_reactivity_pipeline/epochs/sub-027_RW_OpenEye-epo.fif
sub-027,RW,PVT,task,,8.0,0.0,,EEG_reactivity_pipeline/preprocessed/sub-027_RW_PVT_preproc_raw.fif,EEG_reactivity_pipeline/epochs/sub-027_RW_PVT-epo.fif
sub-027,SD,CloseEye,rest,,140.0,1.0,1,EEG_reactivity_pipeline/preprocessed/sub-027_SD_CloseEye_preproc_raw.fif,EEG_reactivity_pipeline/epochs/sub-027_SD_CloseEye-epo.fif
sub-027,SD,OpenEye,rest,,18.0,3.0,"8,4,0",EEG_reactivity_pipeline/preprocessed/sub-027_SD_OpenEye_preproc_raw.fif,EEG_reactivity_pipeline/epochs/sub-027_SD_OpenEye-epo.fif
sub-027,SD,PVT,task,,4.0,1.0,5,EEG_reactivity_pipeline/preprocessed/sub-027_SD_PVT_preproc_raw.fif,EEG_reactivity_pipeline/epochs/sub-027_SD_PVT-epo.fif
sub-028,RW,CloseEye,rest,,140.0,0.0,,EEG_reactivity_pipeline/preprocessed/sub-028_RW_CloseEye_preproc_raw.fif,EEG_reactivity_pipeline/epochs/sub-028_RW_CloseEye-epo.fif
sub-028,RW,OpenEye,rest,,36.0,1.0,1,EEG_reactivity_pipeline/preprocessed/sub-028_RW_OpenEye_preproc_raw.fif,EEG_reactivity_pipeline/epochs/sub-028_RW_OpenEye-epo.fif
sub-028,RW,PVT,task,epochs._get_data() can't run because this Epochs-object is empty. You might want to check Epochs.drop_log or Epochs.plot_drop_log() to see why epochs were dropped.,,,,,
sub-028,SD,CloseEye,rest,,96.0,0.0,,EEG_reactivity_pipeline/preprocessed/sub-028_SD_CloseEye_preproc_raw.fif,EEG_reactivity_pipeline/epochs/sub-028_SD_CloseEye-epo.fif
sub-028,SD,OpenEye,rest,,50.0,0.0,,EEG_reactivity_pipeline/preprocessed/sub-028_SD_OpenEye_preproc_raw.fif,EEG_reactivity_pipeline/epochs/sub-028_SD_OpenEye-epo.fif
sub-028,SD,PVT,task,,2.0,0.0,,EEG_reactivity_pipeline/preprocessed/sub-028_SD_PVT_preproc_raw.fif,EEG_reactivity_pipeline/epochs/sub-028_SD_PVT-epo.fif
sub-029,RW,CloseEye,rest,,390.0,2.0,"0,2",EEG_reactivity_pipeline/preprocessed/sub-029_RW_CloseEye_preproc_raw.fif,EEG_reactivity_pipeline/epochs/sub-029_RW_CloseEye-epo.fif
sub-029,RW,OpenEye,rest,,345.0,2.0,"1,0",EEG_reactivity_pipeline/preprocessed/sub-029_RW_OpenEye_preproc_raw.fif,EEG_reactivity_pipeline/epochs/sub-029_RW_OpenEye-epo.fif
sub-029,RW,PVT,task,,46.0,2.0,"2,0",EEG_reactivity_pipeline/preprocessed/sub-029_RW_PVT_preproc_raw.fif,EEG_reactivity_pipeline/epochs/sub-029_RW_PVT-epo.fif
sub-029,SD,CloseEye,rest,,33.0,1.0,3,EEG_reactivity_pipeline/preprocessed/sub-029_SD_CloseEye_preproc_raw.fif,EEG_reactivity_pipeline/epochs/sub-029_SD_CloseEye-epo.fif
sub-029,SD,OpenEye,rest,,38.0,1.0,1,EEG_reactivity_pipeline/preprocessed/sub-029_SD_OpenEye_preproc_raw.fif,EEG_reactivity_pipeline/epochs/sub-029_SD_OpenEye-epo.fif
sub-029,SD,PVT,task,,1.0,1.0,2,EEG_reactivity_pipeline/preprocessed/sub-029_SD_PVT_preproc_raw.fif,EEG_reactivity_pipeline/epochs/sub-029_SD_PVT-epo.fif
sub-030,RW,CloseEye,rest,,407.0,0.0,,EEG_reactivity_pipeline/preprocessed/sub-030_RW_CloseEye_preproc_raw.fif,EEG_reactivity_pipeline/epochs/sub-030_RW_CloseEye-epo.fif
sub-030,RW,OpenEye,rest,,298.0,1.0,0,EEG_reactivity_pipeline/preprocessed/sub-030_RW_OpenEye_preproc_raw.fif,EEG_reactivity_pipeline/epochs/sub-030_RW_OpenEye-epo.fif
sub-030,RW,PVT,task,,31.0,3.0,"0,4,3",EEG_reactivity_pipeline/preprocessed/sub-030_RW_PVT_preproc_raw.fif,EEG_reactivity_pipeline/epochs/sub-030_RW_PVT-epo.fif
sub-030,SD,CloseEye,rest,,255.0,2.0,"3,7",EEG_reactivity_pipeline/preprocessed/sub-030_SD_CloseEye_preproc_raw.fif,EEG_reactivity_pipeline/epochs/sub-030_SD_CloseEye-epo.fif
sub-030,SD,OpenEye,rest,,291.0,3.0,"1,2,3",EEG_reactivity_pipeline/preprocessed/sub-030_SD_OpenEye_preproc_raw.fif,EEG_reactivity_pipeline/epochs/sub-030_SD_OpenEye-epo.fif
sub-030,SD,PVT,task,,27.0,3.0,"1,2,5",EEG_reactivity_pipeline/preprocessed/sub-030_SD_PVT_preproc_raw.fif,EEG_reactivity_pipeline/epochs/sub-030_SD_PVT-epo.fif
