sub,session,CloseEye_central_alpha_mean_db,CloseEye_central_alpha_mean_linear,CloseEye_central_alpha_n_epochs_used,CloseEye_central_alpha_sd_linear,CloseEye_frontal_beta_mean_db,CloseEye_frontal_beta_mean_linear,CloseEye_frontal_beta_n_epochs_used,CloseEye_frontal_beta_sd_linear,CloseEye_frontal_theta_mean_db,CloseEye_frontal_theta_mean_linear,CloseEye_frontal_theta_n_epochs_used,CloseEye_frontal_theta_sd_linear,CloseEye_frontocentral_theta_mean_db,CloseEye_frontocentral_theta_mean_linear,CloseEye_frontocentral_theta_n_epochs_used,CloseEye_frontocentral_theta_sd_linear,CloseEye_global_theta_alpha_ratio_cv_linear,CloseEye_global_theta_alpha_ratio_mean_linear,CloseEye_global_theta_alpha_ratio_n_epochs_used,CloseEye_global_theta_alpha_ratio_sd_linear,CloseEye_global_theta_mean_db,CloseEye_global_theta_mean_linear,CloseEye_global_theta_n_epochs_used,CloseEye_global_theta_sd_linear,CloseEye_n_epochs_total,CloseEye_posterior_alpha_mean_db,CloseEye_posterior_alpha_mean_linear,CloseEye_posterior_alpha_n_epochs_used,CloseEye_posterior_alpha_sd_linear,OpenEye_central_alpha_mean_db,OpenEye_central_alpha_mean_linear,OpenEye_central_alpha_n_epochs_used,OpenEye_central_alpha_sd_linear,OpenEye_frontal_beta_mean_db,OpenEye_frontal_beta_mean_linear,OpenEye_frontal_beta_n_epochs_used,OpenEye_frontal_beta_sd_linear,OpenEye_frontal_theta_mean_db,OpenEye_frontal_theta_mean_linear,OpenEye_frontal_theta_n_epochs_used,OpenEye_frontal_theta_sd_linear,OpenEye_frontocentral_theta_mean_db,OpenEye_frontocentral_theta_mean_linear,OpenEye_frontocentral_theta_n_epochs_used,OpenEye_frontocentral_theta_sd_linear,OpenEye_global_theta_alpha_ratio_cv_linear,OpenEye_global_theta_alpha_ratio_mean_linear,OpenEye_global_theta_alpha_ratio_n_epochs_used,OpenEye_global_theta_alpha_ratio_sd_linear,OpenEye_global_theta_mean_db,OpenEye_global_theta_mean_linear,OpenEye_global_theta_n_epochs_used,OpenEye_global_theta_sd_linear,OpenEye_n_epochs_total,OpenEye_posterior_alpha_mean_db,OpenEye_posterior_alpha_mean_linear,OpenEye_posterior_alpha_n_epochs_used,OpenEye_posterior_alpha_sd_linear,PVT_central_alpha_mean_db,PVT_central_alpha_mean_linear,PVT_central_alpha_n_epochs_used,PVT_central_alpha_sd_linear,PVT_frontal_beta_mean_db,PVT_frontal_beta_mean_linear,PVT_frontal_beta_n_epochs_used,PVT_frontal_beta_sd_linear,PVT_frontal_theta_mean_db,PVT_frontal_theta_mean_linear,PVT_frontal_theta_n_epochs_used,PVT_frontal_theta_sd_linear,PVT_frontocentral_theta_mean_db,PVT_frontocentral_theta_mean_linear,PVT_frontocentral_theta_n_epochs_used,PVT_frontocentral_theta_sd_linear,PVT_global_theta_alpha_ratio_cv_linear,PVT_global_theta_alpha_ratio_mean_linear,PVT_global_theta_alpha_ratio_n_epochs_used,PVT_global_theta_alpha_ratio_sd_linear,PVT_global_theta_mean_db,PVT_global_theta_mean_linear,PVT_global_theta_n_epochs_used,PVT_global_theta_sd_linear,PVT_n_epochs_total,PVT_posterior_alpha_mean_db,PVT_posterior_alpha_mean_linear,PVT_posterior_alpha_n_epochs_used,PVT_posterior_alpha_sd_linear
sub-001,RW,,,,,,,,,,,,,,,,,,,,,,,,,,,,,,,,,,,,,,,,,,,,,,,,,,,,,,,,,,,-127.36957786960502,1.8302720843189239e-13,47.0,1.259380549294407e-13,-123.81184299307455,4.1551210549469597e-13,47.0,3.114852450605301e-13,-123.90905685062172,4.0630956069928245e-13,47.0,2.7247492436288495e-13,-124.8434852187008,3.2761005724099467e-13,47.0,1.6531809146901998e-13,0.46032249638080125,1.330330741234436,47.0,0.6123811678171575,-123.5025341605504,4.4620097832614955e-13,47.0,1.5257681875255076e-13,47.0,-122.24675318940298,5.958855858819555e-13,47.0,4.696749347906395e-13
sub-001,SD,-124.23705339003976,3.7673742785742383e-13,346.0,3.9752301852721577e-13,-126.95581534713676,2.0134450668046875e-13,346.0,1.808640689795858e-13,-119.66235411204367,1.0806258695835372e-12,346.0,7.52419198915446e-13,-120.21700941879371,9.51037567378632e-13,346.0,6.57006189601643e-13,0.5207728722750535,2.7147996897268305,346.0,1.4137940320704656,-119.22232036689985,1.1958792578970908e-12,346.0,7.146919132105488e-13,346.0,-120.85192199168361,8.216567983038116e-13,346.0,1.0867598319567622e-12,-124.1600381533996,3.8348182997840403e-13,358.0,5.255341402830384e-13,-126.13074608230413,2.435171612383787e-13,358.0,3.220769661693352e-13,-120.15539849374092,9.646287317364852e-13,358.0,8.008301154128209e-13,-120.49288630249973,8.92489949372512e-13,358.0,7.456516215378658e-13,0.5643758095230278,2.598769014402329,358.0,1.4666823662666755,-119.64908261152439,1.08393385853151e-12,358.0,8.431278674563076e-13,358.0,-120.31697997306193,9.293905578905985e-13,358.0,1.5127166876796013e-12,-126.58661376833038,2.1922949050173817e-13,40.0,1.0935096805111432e-13,-123.28832508227507,4.687721768813736e-13,40.0,3.1687873310915026e-13,-121.34467497218336,7.335015799432828e-13,40.0,5.987278397598607e-13,-121.98447375149371,6.329950413957716e-13,40.0,6.352945559159583e-13,0.6918893664661672,1.6489053462678793,40.0,1.140860075391959,-120.77032814212744,8.372439582795397e-13,40.0,6.103587017483952e-13,40.0,-120.21840892122002,9.507310758823805e-13,40.0,7.407446186232592e-13
sub-002,RW,-121.10403059434971,7.753049878494334e-13,240.0,9.888813520885855e-13,-127.48566067473746,1.7819401046726886e-13,240.0,1.2642814816671062e-13,-121.54301787106048,7.0074598851548e-13,240.0,4.972972671111553e-13,-122.83200595637615,5.207319882314053e-13,240.0,3.3846465743723426e-13,0.8740173723884136,1.5847633181614813,240.0,1.3851106711970416,-121.37696754774888,7.280661081333394e-13,240.0,3.4572829729483385e-13,240.0,-116.39121096021883,2.295286448689403e-12,240.0,3.5273504157115927e-12,-127.04886696990512,1.9707169422102845e-13,16.0,8.467220494459891e-14,-127.47643189122081,1.7857354876097184e-13,16.0,6.882482013627647e-14,-124.54042191045181,3.513042440227986e-13,16.0,2.2030384031768145e-13,-125.95194492664518,2.5376145754430426e-13,16.0,1.4738223076655027e-13,0.5590725970433941,1.5753451760714945,16.0,0.8807323188260735,-119.71910066512395,1.066594969695692e-12,16.0,3.848216638589494e-13,16.0,-124.46818328995508,3.57200276663914e-13,16.0,1.1602655430396503e-13,-127.28407806563403,1.8667059308318819e-13,56.0,9.808746532031273e-14,-125.08305967153868,3.100152702296632e-13,56.0,2.0918372992442005e-13,-122.6443511817991,5.43735346055785e-13,56.0,4.630507102736823e-13,-124.66492556208665,3.413697609018497e-13,56.0,2.2411625266300134e-13,0.41040397316405913,1.5206922757744497,56.0,0.6240981519377293,-123.7240253726369,4.240041318688082e-13,56.0,2.0827961344697554e-13,56.0,-124.41324125436886,3.617507031592606e-13,56.0,2.7092210132854054e-13
sub-002,SD,-123.8724989930097,4.0974608892838815e-13,121.0,5.966099024105762e-13,-127.36568184238155,1.8319167389054378e-13,121.0,9.605137246157406e-14,-120.70275979251086,8.503752963755682e-13,121.0,5.176740764910661e-13,-122.69127675527615,5.37889518591332e-13,121.0,2.977406104887735e-13,0.6033356816492184,2.116571691178375,121.0,1.277003224056544,-118.85880238351795,1.3003061194328842e-12,121.0,5.412820504729314e-13,121.0,-119.69125904762977,1.0734560564272896e-12,121.0,1.6891022782182181e-12,-126.0196871481117,2.498305039037199e-13,342.0,1.903041400807998e-13,-127.97768630055461,1.5908367545772276e-13,342.0,1.2464707099506315e-13,-121.61914701332964,6.885655214569092e-13,342.0,5.862673844725252e-13,-122.91675722602298,5.106642797011903e-13,342.0,4.149546326352619e-13,0.6997824088702993,1.8614438380353182,342.0,1.3026056529571304,-120.31133442889501,9.305997792464045e-13,342.0,5.759244446486043e-13,342.0,-121.67731974009511,6.794008897074467e-13,342.0,1.1525779824973364e-12,-124.42314073884478,3.60926547468057e-13,30.0,3.2084591379964777e-13,-124.5022526553261,3.5440735310868523e-13,30.0,2.0018522784082885e-13,-121.12848762041268,7.709499292984609e-13,30.0,5.16116355741094e-13,-122.99700141405921,5.013113532028518e-13,30.0,2.6446173287829595e-13,0.6859108319386716,1.3606082859566364,30.0,0.9332559613631667,-121.16914043393945,7.637649341460283e-13,30.0,3.5381982369624936e-13,30.0,-118.39711202527073,1.446179235429737e-12,30.0,1.4548550316631326e-12
sub-003,RW,-115.2252618515155,3.0022143432815386e-12,306.0,1.793411102507242e-12,-126.01094748345992,2.5033421184647417e-13,306.0,9.319400212938493e-14,-121.25489698557374,7.488270811015944e-13,306.0,4.816059905785445e-13,-122.0649887530721,6.213638128669377e-13,306.0,3.936171634653177e-13,1.3497429029177783,0.21011962509965806,306.0,0.28360747274200804,-121.09556615671292,7.768179707839399e-13,306.0,3.822386837172639e-13,306.0,-108.74229904998346,1.3358659379855927e-11,306.0,7.722049557504694e-12,-117.74939549260012,1.6788156675034958e-12,183.0,1.4938926267480947e-12,-124.68789524170283,3.3956786336194983e-13,183.0,1.087193052439974e-13,-123.20103165392143,4.782943640332988e-13,183.0,2.6311005332267815e-13,-124.00612677175823,3.973238956770095e-13,183.0,2.0790134060240742e-13,0.9128097487736452,0.2582592427435467,183.0,0.23574155448720893,-123.16707323274989,4.820506534022362e-13,183.0,2.1196852883231608e-13,183.0,-111.27462736782624,7.4563164321189e-12,183.0,6.689134299276884e-12,-124.27187536180115,3.7372703085094005e-13,18.0,1.5339151137022227e-13,-124.0452301739609,3.9376050160334676e-13,18.0,2.696676472384331e-13,-122.33231211098922,5.842567899652333e-13,18.0,2.438957731486987e-13,-123.31076363786462,4.663552882831684e-13,18.0,1.8372399011844912e-13,0.5321301971039564,0.9134181708870608,18.0,0.48605739131246706,-121.68802056497071,6.777283900404322e-13,18.0,1.9132833002191788e-13,18.0,-117.89080118919499,1.6250268565470178e-12,18.0,1.5516423211350161e-12
sub-003,SD,-120.85309250636308,8.214353145733783e-13,198.0,9.171764164681357e-13,-127.58557682047987,1.7413613173015362e-13,198.0,1.2300332600713347e-13,-118.4575698791358,1.4261834795133406e-12,198.0,1.3106958409956795e-12,-119.17971465957189,1.2076711489678528e-12,198.0,1.0906763479633249e-12,0.7741601811377504,1.847750558937194,198.0,1.430454907404198,-118.7182199536254,1.3430933895186404e-12,198.0,9.549938755926232e-13,198.0,-116.25617899306106,2.3677801508157733e-12,198.0,3.935937641899792e-12,-118.57649544614955,1.387653283153213e-12,463.0,1.3598076000918371e-12,-125.94913248555926,2.5392598760557465e-13,463.0,1.2135526114874285e-13,-119.45977792438741,1.1322362251766742e-12,463.0,1.3483077640631505e-12,-120.52711647512824,8.854814383077144e-13,463.0,1.094280737485503e-12,1.1330379580150196,0.8964623256199676,463.0,1.015725842857844,-120.04701277895674,9.890112434593431e-13,463.0,1.0370058396665299e-12,463.0,-113.20471532221686,4.78088500570535e-12,463.0,5.656830345538043e-12,,,,,,,,,,,,,,,,,,,,,,,,,,,,,
sub-004,RW,-111.62373402631252,6.880382490754642e-12,402.0,2.3625993928788127e-12,-124.22580131802155,3.777153529232336e-13,402.0,1.286793872337866e-13,-115.72762004427119,2.6742495865292333e-12,402.0,1.8057469331163682e-12,-116.86450111982381,2.0582732946094947e-12,402.0,1.162549950526719e-12,0.5247138792727469,0.24875561063377194,402.0,0.13052552144650756,-115.28313337380979,2.962471032105452e-12,402.0,1.473589076531346e-12,402.0,-105.98310053676275,2.521657635019689e-11,402.0,7.614765130857404e-12,,,,,,,,,,,,,,,,,,,,,,,,,,,,,,-117.5362361453284,1.7632816971024698e-12,52.0,1.220460967000078e-12,-123.94673267319747,4.02798079743532e-13,52.0,1.489448458986443e-13,-118.14593429482841,1.5322994359663164e-12,52.0,1.065877638576628e-12,-119.85237461069559,1.0343542876272028e-12,52.0,6.394500420837825e-13,0.4760612016874389,0.5375892915606233,52.0,0.25592540415464937,-118.66175094244576,1.360673855662289e-12,52.0,7.315940959318306e-13,52.0,-115.13766081509414,3.0633910595775246e-12,52.0,1.8968303874375656e-12
sub-004,SD,-111.308075015414,7.399109689224625e-12,309.0,3.8432759500975595e-12,-126.0717935439202,2.4684831401695947e-13,309.0,1.1313681435174166e-13,-117.95844017694745,1.599910588501573e-12,309.0,1.086375849387789e-12,-118.11186387097456,1.54436935704896e-12,309.0,1.031677744081229e-12,0.7330503394634622,0.28813755028283305,309.0,0.21121932904700136,-116.38057285213421,2.300916223261652e-12,309.0,1.2092345180609303e-12,309.0,-108.50506889770082,1.4108676490657094e-11,309.0,7.875677901252433e-12,-117.28666649398916,1.867590769728798e-12,282.0,1.3128315119852362e-12,-127.56507544731706,1.7496115543919135e-13,282.0,7.539779664705885e-14,-120.8244151445313,8.268788404427084e-13,282.0,5.864613577512592e-13,-121.05273910721236,7.845184958811049e-13,282.0,5.539643415623806e-13,0.7866895257606226,0.5520786418781934,282.0,0.43431448496172476,-119.44399126915798,1.1363602150718355e-12,282.0,6.356862047662533e-13,282.0,-115.20443180383238,3.0166495060849096e-12,282.0,2.8887718679551235e-12,-117.63100452721348,1.725216705623481e-12,51.0,1.6170237404711973e-12,-126.56975780454033,2.2008288722756734e-13,51.0,1.0087812921751864e-13,-118.39358350224413,1.4473548741468667e-12,51.0,9.962766496410294e-13,-118.60707756089474,1.377914483107487e-12,51.0,9.25976562361516e-13,0.5621648945152253,0.9216675948014642,51.0,0.5181291662096666,-117.72166837739016,1.6895696151969138e-12,51.0,8.02042947425099e-13,51.0,-115.28973860030538,2.957968468608068e-12,51.0,5.1169678502737145e-12
sub-005,RW,-111.72672615714913,6.7191298261584396e-12,374.0,2.69406146114865e-12,-125.52775431183144,2.798208569766498e-13,374.0,8.607746514294644e-14,-115.45954037740916,2.8445401138169042e-12,374.0,2.0076910834092022e-12,-115.91548255956499,2.5610266145068045e-12,374.0,1.6571487853318445e-12,0.5880564957020575,0.27835088477793984,374.0,0.16368604587808264,-115.6100442606778,2.7476441037580553e-12,374.0,1.5431541081882305e-12,374.0,-107.12885149760469,1.9369119187355887e-11,374.0,6.30685248442748e-12,-117.72449475033872,1.6884702625972007e-12,436.0,1.3028959418549495e-12,-126.43081812575046,2.2724484412888696e-13,436.0,7.528978889269559e-14,-118.75366909701448,1.3321732500032583e-12,436.0,9.874743985052549e-13,-119.65566208955572,1.082292626681581e-12,436.0,7.998254005682332e-13,0.6358184849747722,0.8543233269737632,436.0,0.5431945634350652,-119.06609179834413,1.2396898326178621e-12,436.0,7.678956154143357e-13,436.0,-115.69469181733953,2.6946045103803477e-12,436.0,2.4674855572117236e-12,-123.06215226733073,4.938437336366155e-13,25.0,3.769988065637401e-13,-124.92876892682816,3.21235118223644e-13,25.0,1.2427209885617626e-13,-114.76377382828203,3.338825608917354e-12,25.0,1.967408623073175e-12,-117.97448629967437,1.594009396821718e-12,25.0,7.572261462427593e-13,0.5766321816265226,3.5054933311672998,25.0,2.0213802672282264,-116.60168203629239,2.1866924163991004e-12,25.0,8.813863553682429e-13,25.0,-119.09367076810314,1.2318409772069042e-12,25.0,1.7659728632455658e-12
sub-005,SD,-113.17043982557082,4.818767870570824e-12,336.0,2.9796743676293664e-12,-125.49516307082187,2.819303191229219e-13,336.0,1.2865130522342025e-13,-114.16399662806,3.8333209394156665e-12,336.0,6.952042602864365e-12,-114.85458679142309,3.2697295277967043e-12,336.0,4.778223033951061e-12,1.256843075199972,0.5881625803696106,336.0,0.7392280662292923,-114.38118303620337,3.646323955071588e-12,336.0,4.565840712760468e-12,336.0,-107.61856105864682,1.7303673871574047e-11,336.0,1.1544908408982328e-11,-118.39005957310717,1.4485299359613569e-12,235.0,1.4321084299290204e-12,-126.1669839077824,2.414918462432658e-13,235.0,1.1098588084257525e-13,-117.40328982062385,1.8181008958354078e-12,235.0,2.440577081081925e-12,-118.51610199850043,1.407088041208722e-12,235.0,1.6561779154100799e-12,0.6635568722673839,1.2177590401297786,235.0,0.8080523798438477,-116.71589340459137,2.1299302756880828e-12,235.0,1.918474325057666e-12,235.0,-113.83058774475111,4.139214462369735e-12,235.0,6.114475430420563e-12,-116.21785321940513,2.388769859822755e-12,15.0,2.6614286168146737e-12,-125.92829115145675,2.5514854832893653e-13,15.0,1.4320254902174701e-13,-116.85760077110643,2.0615465634682285e-12,15.0,1.118858421448973e-12,-117.6727789997429,1.7086994016414709e-12,15.0,8.893956783378429e-13,0.9348692121989755,1.8146771076637795,15.0,1.696485758037153,-117.12223801784393,1.939663908193229e-12,15.0,1.1559059725438239e-12,15.0,-111.03700759006955,7.875660685743744e-12,15.0,1.0376683020952755e-11
sub-006,RW,-118.14642494521092,1.5321263069471211e-12,330.0,7.156757644445532e-13,-125.63441426460459,2.730269505425459e-13,330.0,1.787438294237663e-13,-121.41607561756076,7.215373379782156e-13,330.0,4.660948408413714e-13,-121.48089527181547,7.108448717933996e-13,330.0,3.949085301218879e-13,0.7525622219589286,0.23992120609577539,330.0,0.18055563595450294,-120.24144553853327,9.457002164518691e-13,330.0,4.383645786472738e-13,330.0,-109.88234555901474,1.027439027468512e-11,330.0,4.6393893786534525e-12,-123.79158986725676,4.1745539050131437e-13,299.0,2.2568371989552762e-13,-124.78397731038626,3.3213299534915806e-13,299.0,2.353282462647272e-13,-123.47741085626511,4.4879095469661347e-13,299.0,2.0520039459946562e-13,-123.47248551604004,4.4930046987810546e-13,299.0,1.7474726551208828e-13,0.3836730488052929,1.13890147073642,299.0,0.4369657995662744,-122.16492589652606,6.072235829879078e-13,299.0,1.8775164674988345e-13,299.0,-121.56466106294202,6.972613839508318e-13,299.0,3.507449759791803e-13,-124.60653240601275,3.4599365640306013e-13,44.0,2.1590187403643954e-13,-125.04719987146147,3.1258751213537936e-13,44.0,2.0982693565107208e-13,-122.599283201684,5.494095378613426e-13,44.0,3.450858287130504e-13,-123.63051685982278,4.332372441279939e-13,44.0,2.112393568559188e-13,0.5730716546654001,1.1561986202116887,44.0,0.6625846564065652,-122.62999213003462,5.455368054695222e-13,44.0,2.0560348862928344e-13,44.0,-121.38161746042857,7.272867604362779e-13,44.0,3.5427645437129583e-13
sub-006,SD,-117.39162745787141,1.8229903063382822e-12,209.0,9.239803404530346e-13,-126.31485302411697,2.334004718409855e-13,209.0,1.149112984053982e-13,-121.48888877219478,7.095373060089752e-13,209.0,4.041775775321438e-13,-121.53435146521197,7.021461764054035e-13,209.0,3.3452540027056385e-13,1.163920773844609,0.3198301452914206,209.0,0.37225695020642424,-119.94934508726192,1.011509966561004e-12,209.0,3.912406562369652e-13,209.0,-110.01429238121113,9.966922623629743e-12,209.0,5.337505435727269e-12,-121.02056847274679,7.903530937458152e-13,349.0,5.548608109274041e-13,-126.16212288616057,2.417625460367771e-13,349.0,1.0895602544056766e-13,-121.99523941226131,6.314273129715893e-13,349.0,3.723359877969462e-13,-122.59356633865261,5.501335252984824e-13,349.0,2.6534428934735705e-13,0.5497530582376302,0.8752175289653618,349.0,0.4811535131718894,-120.81434662967682,8.287985835297759e-13,349.0,3.571820897556261e-13,349.0,-117.98389123211186,1.5905607193740493e-12,349.0,1.3388561311104256e-12,-121.7362910603458,6.702349006168169e-13,39.0,5.132131932125881e-13,-126.6586891447507,2.1561753454294125e-13,39.0,7.446568411103897e-14,-121.37963274959745,7.276193054358057e-13,39.0,4.725044160614063e-13,-122.52430977639924,5.589803498604556e-13,39.0,2.9814980115289695e-13,0.6870953177082882,1.387358392861761,39.0,0.953247455718612,-120.22408311577732,9.49489436896038e-13,39.0,5.825142168574322e-13,39.0,-120.25375077904293,9.430238466275186e-13,39.0,6.340944742080549e-13
sub-007,RW,-119.4852261775994,1.1256197896895655e-12,312.0,5.299070683877901e-13,-129.95148450790612,1.0090132886278037e-13,312.0,6.054780017988755e-14,-122.8963839923126,5.130665340773358e-13,312.0,3.3717710794199716e-13,-122.68754617033653,5.383519544342422e-13,312.0,3.0904903832582517e-13,0.9072255352432542,0.25517500246382596,312.0,0.23150127819094343,-122.92802470353628,5.093405375013521e-13,312.0,1.9437635286250674e-13,312.0,-113.5154201890411,4.450781919772103e-12,312.0,2.0634382120150663e-12,-123.94052578857412,4.0337448306556127e-13,301.0,5.191232863104247e-13,-129.00326397501556,1.255759165709564e-13,301.0,5.955160129993188e-14,-123.3281128010438,4.644951266294591e-13,301.0,2.531675034476996e-13,-123.57108204885768,4.3921007226019504e-13,301.0,1.9932320110470393e-13,0.6902204591462894,0.9577877316854501,301.0,0.6610846879286145,-124.00769394698692,3.9718046494543674e-13,301.0,1.6778793715830535e-13,301.0,-119.0994342129637,1.2302070127166633e-12,301.0,2.283729393788803e-12,,,,,,,,,,,,,,,,,,,,,,,,,,,,,
sub-007,SD,-122.73368923606276,5.326599870005245e-13,94.0,4.722988544370887e-13,-127.65633430432376,1.7131841509002002e-13,94.0,1.1931844972945754e-13,-118.41314595440402,1.4408490416744755e-12,94.0,1.2356411911462623e-12,-118.05101700863347,1.5661621746960686e-12,94.0,1.5369269820683357e-12,0.5252710077012945,2.607907007564985,94.0,1.3698579418549273,-116.68623729059455,2.144525952561367e-12,94.0,1.5136707461283115e-12,94.0,-118.88037781921659,1.2938612117649842e-12,94.0,1.8714919018362093e-12,-121.6201782579131,6.884019863095512e-13,275.0,6.9232902761576e-13,-125.9047253797514,2.565380115676584e-13,275.0,1.9628292094985666e-13,-119.1243103618699,1.2231793291008627e-12,275.0,1.0797176217777064e-12,-119.57362749039461,1.1029347670317077e-12,275.0,8.917199669199778e-13,0.8508250703529577,1.592396098131278,275.0,1.3548505222223202,-119.78766502771799,1.0498848193541253e-12,275.0,6.617407090002712e-13,275.0,-117.08221676566734,1.9576230325969152e-12,275.0,2.2229718183731173e-12,,,,,,,,,,,,,,,,,,,,,,,,,,,,,
sub-008,RW,-129.2539252871575,1.1852080618085314e-13,1.0,,-132.68816276099665,5.362770942415338e-14,1.0,,-126.75766520759288,2.1075416194204317e-13,1.0,,-128.78986942105652,1.3191149160152818e-13,1.0,,,3.652158816879016,1.0,,-121.24629564273464,7.503120671954594e-13,1.0,,1.0,-127.31286153709448,1.8543603173834102e-13,1.0,,,,,,,,,,,,,,,,,,,,,,,,,,,,,,,,,,,,,,,,,,,,,,,,,,,,,,,,,,,
sub-008,SD,-123.37419930435837,4.595897102184861e-13,394.0,5.923976137655872e-13,-126.52352922079632,2.2244045386134556e-13,394.0,3.0243114765381055e-13,-121.96013729705754,6.365533450849035e-13,394.0,4.261286829461638e-13,-122.3948588672336,5.758994958841822e-13,394.0,4.1382097273524704e-13,0.8148366497666422,1.3510076723922624,394.0,1.1008505655811405,-122.46974806313062,5.660500932715281e-13,394.0,3.0108545351757887e-13,394.0,-116.84567593001216,2.067215539105454e-12,394.0,4.010984762111615e-12,-126.41339621723304,2.2815916996473577e-13,22.0,1.3933086523315796e-13,-127.86323912170359,1.633375734923207e-13,22.0,5.288743764283786e-14,-123.90033659662414,4.0712666072514035e-13,22.0,1.666299126579448e-13,-124.0420487551647,3.940492187616698e-13,22.0,1.542354221511627e-13,0.464233012650194,1.1178602009025047,22.0,0.518947608786721,-121.09449318243533,7.770099711397795e-13,22.0,3.1014665704174714e-13,22.0,-121.00688272305587,7.928483313179132e-13,22.0,7.19633593428508e-13,-126.468961256643,2.252557998387974e-13,19.0,1.1463401081282578e-13,-122.59219224595844,5.503076834440996e-13,19.0,4.3651184066417645e-13,-121.91000034276927,6.439471700688468e-13,19.0,5.903048598430374e-13,-122.73427770854062,5.32587785953085e-13,19.0,5.063485881902968e-13,0.5907593872530077,1.4115073281394248,19.0,0.8338612042747768,-122.94308808452855,5.075761956838343e-13,19.0,2.4845075221528045e-13,19.0,-124.00569204827354,3.973636915329634e-13,19.0,2.276342296386334e-13
sub-009,RW,-120.69340603469307,8.52209272183163e-13,329.0,3.891015673983423e-13,-127.40018572565411,1.817402594877133e-13,329.0,1.023518310241527e-13,-122.00951365512407,6.293546374785598e-13,329.0,3.390398912309584e-13,-124.35505132887195,3.6663331398049766e-13,329.0,1.8780481625561162e-13,0.5538082625554864,0.48360930799736435,329.0,0.2678268306176816,-121.50198291168708,7.074005780529669e-13,329.0,3.0132167064392904e-13,329.0,-114.29118140458057,3.722682144297474e-12,329.0,1.4904358161339921e-12,-122.66172455398379,5.415636636392451e-13,432.0,3.3399345432432596e-13,-128.58512578347668,1.3828996224553158e-13,432.0,1.1150311092110493e-13,-124.16441231572712,3.8309556255779007e-13,432.0,2.0659211437181089e-13,-126.06524153949826,2.4722133920465924e-13,432.0,1.9214281694658273e-13,1.279637625464699,0.32321404815948634,432.0,0.41359685710363825,-124.3668604575877,3.65637133358453e-13,432.0,1.6631791931381472e-13,432.0,-113.8833057607124,4.089270529629347e-12,432.0,2.4067908132257263e-12,-126.92684336432569,2.0269366146328136e-13,33.0,1.1160263193952709e-13,-123.10031897839397,4.89520803059861e-13,33.0,2.4073930826552926e-13,-124.57049071479685,3.488788232989894e-13,33.0,2.340499214128897e-13,-125.81465150503162,2.6191889363424906e-13,33.0,1.4233647890643482e-13,0.4935940354453553,1.0393341864334953,33.0,0.5130091552580243,-123.98359290560406,3.993919688566092e-13,33.0,1.507865132604126e-13,33.0,-121.35056990892652,7.325063289329017e-13,33.0,5.314104586640845e-13
sub-009,SD,-124.40596281201363,3.623578503403437e-13,359.0,3.148714890609689e-13,-128.64212331904662,1.3648398435712266e-13,359.0,3.3389053645834233e-13,-117.73317194800684,1.6850996261164324e-12,359.0,1.4644184006524587e-12,-117.55595949220272,1.7552909590749694e-12,359.0,1.7923909978176752e-12,0.7442491965160888,3.729916579107128,359.0,2.7759874170725185,-118.50706412420082,1.4100197697682007e-12,359.0,9.308095213611948e-13,359.0,-119.40823341267057,1.1457569539446685e-12,359.0,1.2423491969594145e-12,-123.55504848032965,4.408353949611136e-13,326.0,3.2695114776864187e-13,-122.73128782335247,5.329547233133878e-13,326.0,7.137307059536649e-13,-120.01569032624747,9.96171642684955e-13,326.0,8.558502071723594e-13,-120.21956064813175,9.504789213804695e-13,326.0,1.0341293400327903e-12,1.1659808840796415,1.4975904998341454,326.0,1.7461618949858893,-120.40039758612795,9.117053061790193e-13,326.0,6.307530951875668e-13,326.0,-115.06335063386217,3.116262206868984e-12,326.0,3.2748472717742783e-12,,,,,,,,,,,,,,,,,,,,,,,,,,,,,
sub-010,RW,-119.91751311515678,1.018952782795987e-12,739.0,9.535899573131094e-13,-125.7216025901217,2.675959421219491e-13,739.0,1.6534319686095114e-13,-118.19609366655547,1.51470121394323e-12,739.0,1.8613267309869493e-12,-120.53265725492543,8.843521679659531e-13,739.0,7.336178475815185e-13,0.8318603972215358,0.9301117962105627,739.0,0.7737231682561551,-120.22728253003599,9.48790049353829e-13,739.0,6.099033210442768e-13,739.0,-114.51287260144315,3.5374106571438835e-12,739.0,3.2102659550295363e-12,-121.74432895546211,6.689951706907923e-13,322.0,5.868213813155551e-13,-124.07360199791316,3.9119506014514167e-13,322.0,1.2316122445753663e-13,-118.65253963488883,1.3635633545023956e-12,322.0,1.1330803284444346e-12,-120.8304793760304,8.257247315965471e-13,322.0,5.45220270948018e-13,0.5147606862488578,1.1905981608003118,322.0,0.6128731263001966,-118.22271280053675,1.5054442202610367e-12,322.0,8.344255078190036e-13,322.0,-117.59821810602793,1.7382919436005992e-12,322.0,1.5227936653114356e-12,,,,,,,,,,,,,,,,,,,,,,,,,,,,,
sub-010,SD,-121.72783510105856,6.715415899099226e-13,344.0,4.644422285329839e-13,-127.55115826204963,1.7552343927352936e-13,344.0,1.021946843045976e-13,-119.31681182773406,1.170136195557843e-12,344.0,9.82335760665259e-13,-121.97483320210628,6.344022296907718e-13,344.0,3.366050614952975e-13,0.657566944781395,0.847644494822574,344.0,0.5573830007212491,-121.31133912000891,7.391552129249935e-13,344.0,3.815653485635215e-13,344.0,-117.26128640641386,1.878538189673303e-12,344.0,1.1632336443792378e-12,-124.24244701609831,3.7626956181032e-13,313.0,2.6376879002424453e-13,-126.07169929705694,2.468536757841328e-13,313.0,8.100223575870688e-14,-117.5969752428889,1.7387895424077529e-12,313.0,1.3219004235482945e-12,-120.27429416356496,9.385725571165228e-13,313.0,5.674838262073564e-13,0.5258616629493787,1.9081096212047046,313.0,1.0034016984964154,-117.87690290030463,1.6302363081086973e-12,313.0,9.89519649291307e-13,313.0,-120.23609530023202,9.4686625202583e-13,313.0,5.729681501215848e-13,,,,,,,,,,,,,,,,,,,,,,,,,,,,,
sub-011,RW,-116.87016336751688,2.055591216888767e-12,31.0,1.2210947839984557e-12,-127.3977523081677,1.8184224428036037e-13,31.0,6.46266350454972e-14,-119.71398302008001,1.067852827908827e-12,31.0,4.713733923810302e-13,-121.91196544125619,6.436557618982752e-13,31.0,2.8555509364919796e-13,0.6051841060420926,0.20496683780748182,31.0,0.12404267250679561,-119.18789456502131,1.2053982319756988e-12,31.0,4.982590730430349e-13,31.0,-107.94906757749968,1.6035674371067815e-11,31.0,9.806830989799505e-12,-126.95096185706257,2.0156989478792472e-13,40.0,6.370632430354295e-14,-128.50893401789483,1.407414306808113e-13,40.0,3.9800088372614727e-14,-120.91779715529329,8.09284351318196e-13,40.0,3.3136817261931683e-13,-123.13170344431467,4.859944137597078e-13,40.0,2.3107050216462633e-13,0.5322973015148912,2.016345782658907,40.0,1.0732954190302675,-119.59619017183212,1.097218453968229e-12,40.0,6.996980715085894e-13,40.0,-120.64933374960384,8.609038026109149e-13,40.0,3.9834114709813697e-13,-129.1769206158956,1.2064500984546583e-13,1.0,,-129.66386322352542,1.0782519541268067e-13,1.0,,-122.74187954257938,5.316559783160977e-13,1.0,,-124.42818850412947,3.6050703158939755e-13,1.0,,,0.8876482980651729,1.0,,-123.50294429680832,4.461588213035507e-13,1.0,,1.0,-119.47096946331229,1.1293216970621154e-12,1.0,
sub-011,SD,-124.1173261636216,3.872740980276168e-13,296.0,3.6689428486227624e-13,-127.88441329551588,1.6254207388109667e-13,296.0,9.456641088865567e-14,-119.0240996036762,1.2517367625237387e-12,296.0,7.693659705972904e-13,-120.2685849833845,9.39807496133583e-13,296.0,5.793758331167401e-13,0.6383153883658864,2.5197932599230293,296.0,1.6084228133095118,-118.74029255246572,1.3362834382983519e-12,296.0,7.110100482586543e-13,296.0,-117.05079096091382,1.971841495780856e-12,296.0,4.0123768037696306e-12,-124.30265865246409,3.7108580864337974e-13,296.0,2.6746400647547467e-13,-127.1418604046933,1.928920443186796e-13,296.0,1.5383199504193089e-13,-118.65551310655137,1.362629935013912e-12,296.0,8.288872556586824e-13,-119.51114812671275,1.1189199367228362e-12,296.0,7.507311962284381e-13,0.48353198358640287,2.929542693158035,296.0,1.4165275894237577,-118.59453440412615,1.381900527137764e-12,296.0,6.523076656718728e-13,296.0,-118.83493688619262,1.3074724982366443e-12,296.0,2.0472241824944044e-12,-125.69287148718487,2.693735872827554e-13,37.0,2.7975358079917823e-13,-128.42843309914352,1.4337869942155341e-13,37.0,7.261876705583469e-14,-121.53145390819594,7.026149438238498e-13,37.0,4.3415765177925353e-13,-121.5432366192846,7.00710682598133e-13,37.0,3.537011905756684e-13,0.5869184178527095,2.394467575159682,37.0,1.4053571208123343,-120.5545289140153,8.799085310382849e-13,37.0,3.6543442471314803e-13,37.0,-119.88707221464709,1.0261215554379913e-12,37.0,1.6661571282889351e-12
sub-012,RW,-117.09192330700786,1.9532521083069346e-12,293.0,1.2753853456099441e-12,-127.72491080223998,1.686310093038887e-13,293.0,7.189947973996102e-14,-122.67427158665599,5.400006705363341e-13,293.0,2.2645894505328664e-13,-123.9547055281788,4.02058886983824e-13,293.0,1.7722982909055607e-13,1.5888681893523835,0.3002616943797556,293.0,0.47707625468104137,-122.87741332581302,5.153135634909388e-13,293.0,1.9374570528413494e-13,293.0,-111.88658373558619,6.476296694406128e-12,293.0,4.029276974668115e-12,-119.19518994195165,1.2033747038278815e-12,240.0,9.058461197082301e-13,-129.02090041390753,1.2506609446148416e-13,240.0,4.2628249620138884e-14,-122.64930692995631,5.431149885590797e-13,240.0,2.541959746724113e-13,-123.98618583566501,3.99153452832807e-13,240.0,2.0007989198309713e-13,0.8541838735914604,0.9570089021054347,240.0,0.8174615710619311,-122.06314182842146,6.216282109734959e-13,240.0,3.8523179539410986e-13,240.0,-120.94892997998222,8.035020757128371e-13,240.0,5.826732573330413e-13,-124.48410670965092,3.5589218621696296e-13,43.0,3.7845455421012745e-13,-128.8095120306039,1.3131521719313464e-13,43.0,4.1733820862467354e-14,-122.34765136092703,5.82196056306036e-13,43.0,2.640580772817926e-13,-123.8359639639249,4.1320949392285856e-13,43.0,1.6400999016631787e-13,0.4152354261923224,1.3896354357180056,43.0,0.5770258624023198,-122.82995884138936,5.209776059485541e-13,43.0,1.370622519476057e-13,43.0,-121.25955977716359,7.480232979919062e-13,43.0,3.132416244976398e-13
sub-012,SD,-119.536166928661,1.1124913272239005e-12,295.0,1.0569361352056479e-12,-128.0694340580685,1.5575352999003233e-13,295.0,7.963627351210824e-14,-120.55717114478193,8.793732258684284e-13,295.0,5.164217936939862e-13,-121.20459422723684,7.575534859154293e-13,295.0,4.2973225653546396e-13,1.0347475403531634,1.0714866834654346,295.0,1.1087182102370272,-121.16834146542249,7.639054972247287e-13,295.0,3.402026604041213e-13,295.0,-114.65739881036998,3.4216212664081134e-12,295.0,3.595658871681628e-12,-122.83670485332848,5.201686410958999e-13,249.0,6.684623853672987e-13,-128.59096664761762,1.3810380145929143e-13,249.0,5.3420885295978415e-14,-121.88287806423975,6.479826820933812e-13,249.0,2.9713186161335067e-13,-122.91617132198351,5.107332077133441e-13,249.0,2.1657591738606145e-13,0.5609330811856796,1.4230132099433384,249.0,0.7982151844214413,-122.25531053879078,5.947121703385907e-13,249.0,2.7215738551642764e-13,249.0,-121.26516701913238,7.470578504600471e-13,249.0,4.865764610065219e-13,,,,,,,,,,,,,,,,,,,,,,,,,,,,,
sub-013,RW,-127.59288878980753,1.738428217635707e-13,62.0,7.721528327502832e-14,-130.66221806579114,8.563544647644445e-14,62.0,3.248512839639418e-14,-124.00108040976735,3.9778609973553423e-13,62.0,1.5649690123579765e-13,-126.38765395585762,2.2951689089005134e-13,62.0,7.171393385348745e-14,0.4508963033767775,1.361801909107273,62.0,0.6140314467479079,-124.51196635554639,3.536150533474843e-13,62.0,9.713955376044325e-14,62.0,-123.80808155697787,4.1587232992461367e-13,62.0,3.1700312625456263e-13,-127.92851533459064,1.6089758934882783e-13,423.0,6.836144535446643e-14,-126.96747348290928,2.0080415004800526e-13,423.0,6.806781899509993e-14,-123.89930629243412,4.0722331009153627e-13,423.0,1.83450189230267e-13,-125.41803243039507,2.8698610367606934e-13,423.0,1.2104083307965983e-13,0.3828301993704709,1.2772248928294532,423.0,0.48896026036282797,-123.61056850476675,4.3523282297487644e-13,423.0,2.0023119455283415e-13,423.0,-125.2069241566354,3.012920262680064e-13,423.0,1.4420694521723923e-13,-128.01517102280783,1.5771459658733261e-13,46.0,8.72635675630519e-14,-128.7814854241749,1.3216682000048106e-13,46.0,7.921631946617845e-14,-121.85581322481424,6.520348485930779e-13,46.0,4.4565929161737186e-13,-124.93445949682769,3.2081418804027417e-13,46.0,1.5128978855093744e-13,0.39238877388116716,1.5388084114500185,46.0,0.6038111458068994,-122.82514741786018,5.21555348008576e-13,46.0,1.740710985341704e-13,46.0,-124.4088903337432,3.621135223814373e-13,46.0,1.8303698631631461e-13
sub-013,SD,-126.57987803775633,2.195701149759113e-13,21.0,7.808453216684092e-14,-129.16059965306934,1.2110008770469727e-13,21.0,3.94417251550059e-14,-118.7933740665794,1.3200474636938415e-12,21.0,1.3856636581737705e-12,-119.49474033244769,1.1231560905855172e-12,21.0,1.2840198205744477e-12,0.3410644612512719,2.3172319830815,21.0,0.7903254779039082,-119.37636090194722,1.1541981351540815e-12,21.0,6.43935993558618e-13,21.0,-120.35927932569334,9.203802805047318e-13,21.0,5.634555988118784e-13,-126.88616306217563,2.0460329980144835e-13,328.0,1.0676044795472356e-13,-126.22363157755323,2.3835949797536995e-13,328.0,1.5810063761951368e-13,-121.97616970367034,6.342069599199946e-13,328.0,5.405908580030102e-13,-122.73412362866927,5.326066894229393e-13,328.0,4.605866570795346e-13,0.4741595771514114,1.581773776661691,328.0,0.7500131850910986,-121.05193615299751,7.846635976505382e-13,328.0,4.3618099502740394e-13,328.0,-122.92558865149424,5.096264423947997e-13,328.0,3.9846490809537184e-13,-126.04980884632627,2.481021956159215e-13,49.0,3.0672430781333565e-13,-126.78775582503226,2.0929744019072174e-13,49.0,1.4475345525834322e-13,-121.35080023946996,7.324674692982105e-13,49.0,5.474635548725332e-13,-122.31591645853258,5.864675073271972e-13,49.0,4.591544105370396e-13,0.5464720561432045,1.673206083086947,49.0,0.9143603685758415,-120.92017113140193,8.088419732133845e-13,49.0,3.84356020937143e-13,49.0,-122.00775259013591,6.296099827161733e-13,49.0,3.9676628734846884e-13
sub-014,RW,-113.43238099778347,4.5367060917670485e-12,334.0,2.8459761626761226e-12,-121.47990967652677,7.110062608418647e-13,334.0,2.3258128212171855e-13,-119.49313367727075,1.1235717567446054e-12,334.0,6.076848342294361e-13,-120.98453516867836,7.969397627376229e-13,334.0,3.6340661346052827e-13,0.653435080486234,0.13516896455137717,334.0,0.08832414323087019,-120.07631327594736,9.823596576749067e-13,334.0,4.4951553265882776e-13,334.0,-105.82947142690901,2.6124570914011808e-11,334.0,1.756068530242815e-11,-121.89801407013304,6.45727494934753e-13,343.0,5.856252839886105e-13,-117.97031534719187,1.595541227860655e-12,343.0,4.732372351746433e-13,-121.953352210459,6.375489720548835e-13,343.0,2.667350371885285e-13,-123.05681949727726,4.944507773771166e-13,343.0,1.8588413012497408e-13,0.4252944058443506,0.5525482774396776,343.0,0.23499569135402718,-123.34739371208813,4.624365441572723e-13,343.0,1.177127926120833e-13,343.0,-118.58085482381136,1.3862608553453286e-12,343.0,1.5354078337839373e-12,,,,,,,,,,,,,,,,,,,,,,,,,,,,,
sub-014,SD,-121.37565327007664,7.282865386808498e-13,241.0,7.154992425339183e-13,-120.82317637645662,8.271147937767752e-13,241.0,4.3441618092086517e-13,-119.24820474224221,1.188771579567347e-12,241.0,2.952311253322408e-12,-120.16729858990466,9.619885644758619e-13,241.0,2.2773960920477543e-12,1.040401839084119,1.3317545241446167,241.0,1.3855598561286553,-118.66384446384856,1.360017992365422e-12,241.0,1.7403210959181252e-12,241.0,-114.51251758003968,3.5376998587604757e-12,241.0,5.101847541788954e-12,-124.14259076364144,3.850264263055525e-13,70.0,2.775657390945053e-13,-118.73129801227427,1.3390543022641162e-12,70.0,5.157729835836585e-13,-121.61104141967199,6.89852262513427e-13,70.0,4.948954981571655e-13,-122.6213068771184,5.466293352411864e-13,70.0,4.808120832658846e-13,0.6884078925473569,0.9399443747059443,70.0,0.6470651261030624,-120.8723974670439,8.177910452186596e-13,70.0,5.301036510067326e-13,70.0,-117.4818244655078,1.7855151867451043e-12,70.0,1.8020214928539805e-12,-124.00561889709884,3.973703883964506e-13,20.0,3.1918262081056714e-13,-120.52455707523448,8.860035581102e-13,20.0,3.966054304740135e-13,-122.23398132625208,5.976412174281343e-13,20.0,3.567029795688441e-13,-123.51451446462625,4.449711875360237e-13,20.0,2.8077911288163807e-13,0.48756825669806303,0.9648221086125035,20.0,0.47041663351994767,-121.5816397411289,6.945399061138767e-13,20.0,3.3464472028898914e-13,20.0,-120.2294605415814,9.483142337093324e-13,20.0,6.838742851133604e-13
sub-015,RW,-117.12484860716381,1.9384981729650154e-12,293.0,1.2767818375238616e-12,-125.57900723343386,2.7653537750127735e-13,293.0,1.216084152813127e-13,-119.68166859754672,1.0758296610762389e-12,293.0,1.6399921705587193e-12,-121.47639909318386,7.115814087570549e-13,293.0,7.970653544501751e-13,1.3736968990340603,0.21818108979559944,293.0,0.29971468648008714,-121.31485869786977,7.38556254901637e-13,293.0,5.563245419880565e-13,293.0,-107.66418473221064,1.712284380282602e-11,293.0,1.2102047069484906e-11,-125.23484121498387,2.9936006763933175e-13,328.0,4.399178567091712e-13,-126.7137759069078,2.1289707298105762e-13,328.0,7.111500964444439e-14,-122.40616756808458,5.744012703120389e-13,328.0,3.6064934768454326e-13,-123.67408146962535,4.289108964111308e-13,328.0,2.237834657731405e-13,0.47294919075668107,1.3803703230721918,328.0,0.6528450272415316,-124.09788654533948,3.890124717506719e-13,328.0,1.5187249273206206e-13,328.0,-120.0115193645213,9.971290382812023e-13,328.0,3.0448943359089815e-12,-123.5137641362732,4.4504810998756367e-13,50.0,3.6992304392016277e-13,-125.98854807754816,2.516298325878121e-13,50.0,1.0195618288422859e-13,-118.27762330019135,1.4865270064703546e-12,50.0,1.6604259340476544e-12,-120.1709799738945,9.611732730166833e-13,50.0,9.432693035085945e-13,0.5807655264170589,2.0185751908707887,50.0,1.1723188833384888,-119.2263419194542,1.1947721846947868e-12,50.0,7.272663847885578e-13,50.0,-120.93738361554385,8.056417388169603e-13,50.0,4.561827376829437e-13
sub-015,SD,-121.76253830850709,6.661951118370611e-13,219.0,7.438028534456535e-13,-125.09745585484417,3.089885846100457e-13,219.0,2.2003827853796344e-13,-116.88845380123834,2.0469513081480338e-12,219.0,3.301224640456352e-12,-120.53193219379418,8.844998612818498e-13,219.0,8.028394835031144e-13,0.8203161057000224,1.5677712749365373,219.0,1.2860680268842997,-119.33972873429823,1.1639766998272672e-12,219.0,1.0115064347528855e-12,219.0,-113.82544058160876,4.144123340287706e-12,219.0,6.084494232663444e-12,-123.47397924538078,4.49145885940873e-13,304.0,6.619679831763598e-13,-125.57182477408222,2.769934638130191e-13,304.0,1.3124270725192507e-13,-119.27527956017086,1.181382204316776e-12,304.0,1.5697229809400583e-12,-122.55030190058267,5.556435702251497e-13,304.0,4.57808359556654e-13,0.7175879505296608,1.4897343350736447,304.0,1.0690154083391639,-121.57702508851122,6.952785268252643e-13,304.0,5.648984769066155e-13,304.0,-115.6211558145258,2.7406225924655438e-12,304.0,6.395196866433894e-12,-122.6307191542452,5.454454511686153e-13,37.0,7.807133582144566e-13,-124.28567435140864,3.72540755044407e-13,37.0,2.6306515097754663e-13,-115.5079597828412,2.81300006347617e-12,37.0,6.5571897989705246e-12,-119.32679754359911,1.1674482868130607e-12,37.0,2.118455802393364e-12,1.145972620394182,2.0879869244634506,37.0,2.3927758471761695,-118.20725142508957,1.5108141157453945e-12,37.0,2.004385258153481e-12,37.0,-114.31252622714611,3.704429604956064e-12,37.0,1.0154898374814172e-11
sub-016,RW,-117.07815471253546,1.959455105411012e-12,189.0,1.3810225990508854e-12,-126.1992745107299,2.397013231668558e-13,189.0,9.026130241222532e-14,-122.13861655806768,6.10914626441541e-13,189.0,2.6674796392269556e-13,-123.67873659611439,4.2845116276174604e-13,189.0,1.778866051552383e-13,1.1828716847494898,0.3553271579088309,189.0,0.4203064339128671,-122.8711927958782,5.160525096636581e-13,189.0,2.137949601429526e-13,189.0,-113.85182734568757,4.119019561780661e-12,189.0,3.2989674806393505e-12,-122.24002597361384,5.96809671333127e-13,135.0,4.77197665375468e-13,-127.46718644979526,1.789545816864183e-13,135.0,5.2816669770779787e-14,-123.67540723015173,4.287799160029701e-13,135.0,2.0066084099518347e-13,-125.35394703271066,2.9125563043165333e-13,135.0,1.2869653331080272e-13,0.5311388929873297,0.8105207083211753,135.0,0.43049907176101554,-123.90089809445107,4.070739981569766e-13,135.0,1.4113891586117006e-13,135.0,-121.1986406075003,7.585930112386191e-13,135.0,7.600123511509076e-13,-123.15790539516274,4.830697931709366e-13,14.0,2.3405694916369573e-13,-125.24728332195777,2.9850302280557387e-13,14.0,1.2363172304593654e-13,-120.84721361612512,8.225483161191242e-13,14.0,4.887228016799998e-13,-122.53408108998967,5.577235990085589e-13,14.0,3.1510930452101583e-13,0.550294459402467,1.4732800708281286,14.0,0.8107378601247934,-121.33351606619473,7.35389257772264e-13,14.0,4.515953296533882e-13,14.0,-123.61402120329124,4.348867681777747e-13,14.0,2.8303322182176973e-13
sub-016,SD,-124.6581649751949,3.419019250400511e-13,53.0,2.37882562413698e-13,-126.68450832103004,2.1433815666294725e-13,53.0,1.1275305703462968e-13,-122.17025740407641,6.064783251031556e-13,53.0,3.61779006288214e-13,-122.8064139226999,5.238109204037466e-13,53.0,2.5210267261441887e-13,0.5408479691723486,1.7913494834923074,53.0,0.9688477302247501,-122.04531560349784,6.241859280553116e-13,53.0,3.471505322141917e-13,53.0,-122.11055478304999,6.148762482661238e-13,53.0,6.608331892571137e-13,-123.0899758119941,4.906885656638523e-13,2.0,3.839991854146397e-15,-127.92038960224404,1.6119932944068145e-13,2.0,8.44893273014559e-14,-124.97348768571152,3.1794209708631926e-13,2.0,4.2392793318102706e-14,-125.03641976353259,3.1336493610624117e-13,2.0,9.095352974418719e-14,0.004882617238528297,0.5328959217527274,2.0,0.002601926813891294,-124.85664193002641,3.266184108328021e-13,2.0,4.0822599015216675e-14,2.0,-120.86160706183412,8.198259932746559e-13,2.0,2.1394275203569797e-13,-123.71997974782039,4.243994994475335e-13,1.0,,-125.14320916349278,3.0574812247025754e-13,1.0,,-121.38740649294624,7.263176561548818e-13,1.0,,-121.12442948911003,7.716708640221509e-13,1.0,,,1.2114115985197895,1.0,,-121.25829282361195,7.482416130810059e-13,1.0,,1.0,-120.0400685597069,9.905942586864938e-13,1.0,
sub-017,RW,-110.5405378391808,8.829483403061952e-12,472.0,4.179838132165752e-12,-126.46346205902539,2.2554148907540942e-13,472.0,7.329041106707259e-14,-114.14927819131125,3.846335030482974e-12,472.0,3.2272042012709644e-12,-115.76692441350858,2.6501543730191263e-12,472.0,1.3832642280297981e-12,0.5318681499356838,0.35035529367548235,472.0,0.18634282186735207,-112.89063121036477,5.1394674064602295e-12,472.0,2.5099603067525905e-12,472.0,-104.807894329959,3.305275385865028e-11,472.0,1.151944382270949e-11,-114.45140728558066,3.587834441491152e-12,390.0,2.7880614973396484e-12,-126.20078849694531,2.3961769848827616e-13,390.0,8.186277487736696e-14,-118.5122715238859,1.40832983537469e-12,390.0,9.64756980867946e-13,-119.3908871011483,1.1503433028796942e-12,390.0,7.487721925034385e-13,0.6407973668321695,0.3676279217221364,390.0,0.23557500421352806,-117.45403939574811,1.7969765091100732e-12,390.0,1.2161670704119442e-12,390.0,-109.03651472991453,1.248362753168321e-11,390.0,1.2015311975146949e-11,-121.9932426508482,6.317177939942144e-13,58.0,5.256195603057986e-13,-126.49976048610411,2.2366241616466554e-13,58.0,7.649196593464201e-14,-118.72523605831825,1.3409249915278968e-12,58.0,1.0123885999982593e-12,-120.06758306007919,9.843368363943683e-13,58.0,5.299334061691944e-13,0.7668311622408696,1.7136051570329918,58.0,1.3140458341895571,-118.85196825293114,1.302354263372433e-12,58.0,6.113540492342772e-13,58.0,-118.52558208793751,1.4040194148925329e-12,58.0,9.054021767970269e-13
sub-017,SD,-116.30842397853937,2.3394640942216395e-12,109.0,2.887442327222684e-12,-127.40938434189866,1.8135526034054344e-13,109.0,1.276887196539113e-13,-113.72644824316893,4.2396736793754215e-12,109.0,2.7835530186384014e-12,-113.7567983907606,4.210146970087841e-12,109.0,3.999423433645625e-12,0.8922165306798461,3.0579614135966584,109.0,2.728363723392049,-113.7096409085403,4.256114002495195e-12,109.0,2.4421046045220184e-12,109.0,-112.44658800074525,5.69277816662639e-12,109.0,7.812265476933208e-12,-115.41751558494221,2.872201259399875e-12,112.0,2.6853673582630008e-12,-126.58798860834055,2.191600300291117e-13,112.0,7.846984671022981e-14,-114.24480518428686,3.762650269121678e-12,112.0,4.385350855738786e-12,-115.96961313049447,2.529301271731312e-12,112.0,2.503452582658858e-12,0.6138997330019127,0.9062950626234711,112.0,0.5563742969655008,-114.65620129020147,3.422564932872484e-12,112.0,3.900903332560745e-12,112.0,-110.79642734595367,8.324260853116178e-12,112.0,8.910401078152984e-12,-119.12306750867822,1.223529489177447e-12,1.0,,-127.84519552803546,1.640185267580665e-13,1.0,,-110.22444872869949,9.496093284827244e-12,1.0,,-112.21635472912138,6.002725205573995e-12,1.0,,,1.6994676437273306,1.0,,-111.1075467467434,7.748771967959692e-12,1.0,,1.0,-109.56831174036886,1.1044856941418065e-11,1.0,
sub-018,RW,-119.44371674538671,1.1364320623374788e-12,327.0,8.049670745349729e-13,-124.71622155047149,3.373588385001307e-13,327.0,8.089960764392844e-14,-124.20595174376011,3.794466819486899e-13,327.0,1.9419647812290118e-13,-124.88615171411607,3.24405097633725e-13,327.0,1.4524421636366237e-13,0.8210119886081931,0.3044623868847915,327.0,0.2499672697126799,-123.83768377381298,4.130458070897952e-13,327.0,1.5871704088832633e-13,327.0,-113.71217827476914,4.253627963760647e-12,327.0,3.4098424080385506e-12,-125.19450186736441,3.0215569296547017e-13,388.0,1.5350917291363996e-13,-128.06540057551433,1.5589845860955677e-13,388.0,5.2738016705505856e-14,-124.63630391311311,3.4362841461526437e-13,388.0,1.4835265557892722e-13,-125.14460611177239,3.056497201692472e-13,388.0,1.3288154265966008e-13,0.4835660955887,0.9652723520087361,388.0,0.46677298244058585,-123.76889960057224,4.1964330985302675e-13,388.0,2.0376821812376764e-13,388.0,-121.84831579468339,6.531618428914159e-13,388.0,4.634050502276536e-13,-125.50664127368718,2.8118558801661015e-13,53.0,1.415530376869906e-13,-124.33749753619297,3.6811911107875557e-13,53.0,1.37078311035857e-13,-121.04149963833663,7.865520215632021e-13,53.0,4.622554089833955e-13,-122.07474454862451,6.199690775266049e-13,53.0,3.624385331547648e-13,0.34994804875364915,1.808415459786263,53.0,0.6328514614881361,-120.1016508430865,9.766437788778836e-13,53.0,5.702706001977533e-13,53.0,-122.66721853329585,5.408787188233225e-13,53.0,2.8415497131899584e-13
sub-018,SD,-123.19556787918043,4.788967551055308e-13,190.0,4.082278940846079e-13,-127.66730018568687,1.7088582394770941e-13,190.0,8.276590590491322e-14,-120.41091514531446,9.09499511306229e-13,190.0,7.288291196870879e-13,-120.5891007228861,8.729301053700981e-13,190.0,6.550766966205649e-13,0.7126141714947479,2.367920989444403,190.0,1.6874140540579474,-119.07781316202406,1.2363478921170058e-12,190.0,8.417996599346092e-13,190.0,-118.99500792929501,1.260151292113326e-12,190.0,1.6774727087135602e-12,-123.77442315400516,4.191096455670312e-13,8.0,3.233361709526402e-13,-124.57921933600227,3.4817789126888925e-13,8.0,1.3888627446818158e-13,-123.34227396702362,4.629822777226326e-13,8.0,2.304083101018638e-13,-123.07678929209962,4.921813868661173e-13,8.0,2.0794143918659057e-13,0.2703836050927229,0.9220760795264926,8.0,0.24931425455213743,-122.9424647368644,5.076490857567056e-13,8.0,1.5917425392804233e-13,8.0,-120.18882751778825,9.572304790942583e-13,8.0,7.357381626826218e-13,-127.17317002801784,1.9150483195653614e-13,4.0,3.0826557135046734e-14,-122.40471765881216,5.745931426010384e-13,4.0,3.8981629037581944e-13,-122.7835071747087,5.265822206171379e-13,4.0,1.4135612601087438e-13,-124.26289776977684,3.7450084554971394e-13,4.0,1.0180200666254071e-13,0.4435604469328911,1.5373409730014418,4.0,0.6819036490727652,-120.95824827656175,8.017794402319121e-13,4.0,2.0199817225474454e-13,4.0,-121.16158133970076,7.650958463718551e-13,4.0,3.899491589141747e-13
sub-019,RW,-115.06974417322357,3.1116775975716806e-12,268.0,2.834021491261229e-12,-127.52750419505,1.7648325735091823e-13,268.0,7.829136035565338e-14,-112.6904476383241,5.381921000849368e-12,268.0,5.3922502371803584e-12,-113.68402510065849,4.281293153080362e-12,268.0,3.992698067690751e-12,0.8111592403381471,1.2364898976712375,268.0,1.0029902060807945,-112.6390574184064,5.445986386651589e-12,268.0,4.659944505007709e-12,268.0,-106.88691755124347,2.0478754325032358e-11,268.0,1.8572942818906602e-11,-117.48517736477379,1.7841370696700603e-12,36.0,2.493215938268699e-12,-127.40776521512257,1.814229681975432e-13,36.0,5.344770993395461e-14,-116.5375310078052,2.219235792722512e-12,36.0,1.8748590409123904e-12,-117.48296627191056,1.7850457591378288e-12,36.0,1.6577146903197514e-12,0.5860980045007351,0.970432496909877,36.0,0.5687685499415448,-116.61459351773183,2.1802004218544593e-12,36.0,1.78483244136443e-12,36.0,-109.99595771680919,1.0009089989421035e-11,36.0,1.6082725203635327e-11,-122.14866862957496,6.095017405267376e-13,23.0,3.2450225988874815e-13,-127.60246841413122,1.7345929436508333e-13,23.0,7.271034990865648e-14,-116.78526441288642,2.0961750961896927e-12,23.0,1.773264818006887e-12,-118.43241219926549,1.4344702970885688e-12,23.0,9.3163422661533e-13,0.7372189278361934,1.6113691005157165,23.0,1.187931800630568,-116.95668963018767,2.0150377332240467e-12,23.0,1.1896741014222456e-12,23.0,-116.5412784497235,2.2173214921037154e-12,23.0,9.4307590749086e-13
sub-019,SD,-118.31953951100033,1.4722465776231835e-12,39.0,1.0682067248774713e-12,-129.09448107845765,1.229612717835632e-13,39.0,8.239974286983474e-14,-112.40048095349164,5.7535401009535205e-12,39.0,4.314937292584523e-12,-112.88499429413616,5.146142786944002e-12,39.0,3.8878805860915535e-12,0.6486157857837981,4.157390757147243,39.0,2.696549272757358,-112.08147595583205,6.1920838847444964e-12,39.0,4.363921997831802e-12,39.0,-115.80803148068978,2.6251862435314055e-12,39.0,1.2302802947462197e-12,-119.34454923346223,1.1626852015699803e-12,57.0,1.2382791466142009e-12,-128.78132430458612,1.3217173160677258e-13,57.0,7.535071109300349e-14,-114.5887089472015,3.4761728646331095e-12,57.0,3.050800624355573e-12,-114.50949436317507,3.5401635393500453e-12,57.0,2.945131759638386e-12,0.4291448768209964,3.7488732915276395,57.0,1.6088097669101524,-113.24129580980937,4.740783017405927e-12,57.0,3.1075005904924815e-12,57.0,-115.9782359448102,2.524283945498163e-12,57.0,1.6142522648278205e-12,-120.24998914280282,9.438411918003018e-13,4.0,5.181810609622333e-13,-127.96550954360045,1.5953096390008205e-13,4.0,6.73272325854557e-14,-113.11670621889209,4.8787617779950654e-12,4.0,5.6348099931704e-12,-114.93079829852124,3.2128478292233778e-12,4.0,2.9353424521436956e-12,0.6879951573493861,3.099647298876696,4.0,2.132542331118272,-113.7915991349608,4.176543393365351e-12,4.0,2.8659752273376374e-12,4.0,-114.43020039979872,3.6053980049104943e-12,4.0,3.75992954111262e-12
sub-020,RW,-115.48513039524353,2.827827154081145e-12,329.0,1.5490632857348937e-12,-123.6892745914075,4.274122639820998e-13,329.0,2.1690631921667875e-13,-118.11254329445862,1.5441277353771618e-12,329.0,9.191281651263173e-13,-117.89601010717249,1.6230787053092275e-12,329.0,1.0731278898391491e-12,0.6896939544906089,0.5141308408939698,329.0,0.3545929327817442,-116.64640479719537,2.1642875750854667e-12,329.0,9.311071643562602e-13,329.0,-108.85568458583592,1.3014399432395831e-11,329.0,8.274757476901583e-12,-120.77296699167901,8.367352537914695e-13,322.0,4.1348573079608146e-13,-124.90155501762388,3.232557684018763e-13,322.0,1.45957810401284e-13,-121.50391289548006,7.070861838251276e-13,322.0,4.3177994937904497e-13,-120.95020389721108,8.03266353663801e-13,322.0,5.007341479924851e-13,0.5062715669358208,0.8728981086944181,322.0,0.44192349326403757,-120.57687376830445,8.753918069622702e-13,322.0,3.8850367004335985e-13,322.0,-117.15607953197167,1.9246064836370074e-12,322.0,1.3914997227973001e-12,-122.5532906628896,5.55261161804815e-13,45.0,3.229514408773814e-13,-124.47242352674817,3.5685147746785997e-13,45.0,1.6574244580939895e-13,-119.43977599147749,1.1374639213976144e-12,45.0,5.568136786409909e-13,-119.89227283876694,1.0248932569200471e-12,45.0,5.675230321502933e-13,0.4391679629037722,1.8619841062987192,45.0,0.8177237669224094,-119.69532386545114,1.0724516079958968e-12,45.0,3.154746278479065e-13,45.0,-121.02866346495516,7.888808809444121e-13,45.0,3.0504306526607034e-13
sub-020,SD,-119.22235708042214,1.1958691465767673e-12,302.0,1.3920983724291699e-12,-122.42807023335892,5.7151058227586e-13,302.0,5.754645832954532e-13,-113.10507201441405,4.891849486071049e-12,302.0,5.913418279607715e-12,-112.73255883944898,5.329985455651025e-12,302.0,8.092118440795974e-12,0.6655483383192172,3.639756872904969,302.0,2.4224341386478523,-114.49735906754368,3.5500701140628214e-12,302.0,3.289973050399224e-12,302.0,-117.26502150195104,1.8769230799880714e-12,302.0,2.8998282457667166e-12,-118.19592067975138,1.514761557088976e-12,171.0,1.1356972699933003e-12,-121.40534673913538,7.233225878288008e-13,171.0,3.721381881827473e-13,-117.64002105907421,1.721638181007165e-12,171.0,1.6218560943682192e-12,-117.6702774348651,1.7096840352233352e-12,171.0,1.6391927046033103e-12,0.6280120943406424,1.014841547735476,171.0,0.6373327658172554,-118.06438318963052,1.5613487610154339e-12,171.0,1.1222181341133355e-12,171.0,-114.58042577098169,3.482809621677129e-12,171.0,4.754431505511908e-12,-119.2351092719535,1.1923622145028065e-12,35.0,1.2856123237714447e-12,-121.7440781353163,6.690338214251816e-13,35.0,4.0444931488109696e-13,-118.70024890688187,1.3486635271902111e-12,35.0,6.280071302232276e-13,-119.21355500672595,1.1982957854982989e-12,35.0,5.397680560178901e-13,0.7102885872470743,1.5592842897786923,35.0,1.1075418353034652,-118.97582017407547,1.2657321222771443e-12,35.0,5.679607728672482e-13,35.0,-114.78238690443179,3.324545676943142e-12,35.0,4.451033482140085e-12
sub-021,RW,-112.75667634305057,5.300467461682359e-12,376.0,2.4368012372286587e-12,-124.67719999870715,3.404056852316967e-13,376.0,1.930260482352811e-13,-117.65473370055821,1.7158148857492273e-12,376.0,9.3676467422718e-13,-118.21810114438608,1.5070438958970188e-12,376.0,7.721714830159122e-13,0.4349287824223275,0.2113645393503999,376.0,0.09192852174692566,-117.91384311010937,1.6164267731088183e-12,376.0,6.707217254381642e-13,376.0,-107.04514756567221,1.974605579409084e-11,376.0,7.63921589203053e-12,-121.67793935653734,6.793039334891164e-13,136.0,6.877426561695676e-13,-121.31571101077093,7.384112821886674e-13,136.0,2.9700930833555095e-13,-118.81099375482079,1.3147018716079952e-12,136.0,5.914045221072919e-13,-119.89851716809048,1.0234203950292e-12,136.0,4.084616676829086e-13,0.5650550565145507,1.2375766027713764,136.0,0.6992989172200659,-120.24461607319837,9.45009904927631e-13,136.0,2.4927498907764957e-13,136.0,-116.88433333706405,2.0488945304697895e-12,136.0,2.236958272370532e-12,-121.25254309324008,7.492331785722536e-13,1.0,,-117.15052851317601,1.9270683133770122e-12,1.0,,-118.47862256384894,1.4192856258245828e-12,1.0,,-118.93324665154981,1.2782031909717598e-12,1.0,,,1.0875540728099546,1.0,,-120.23280873558022,9.47583241330287e-13,1.0,,1.0,-120.91043165605063,8.106584138247629e-13,1.0,
sub-021,SD,-118.12383764526794,1.5401166857335253e-12,124.0,1.2878862313893492e-12,-121.76282745546237,6.661507442281425e-13,124.0,5.512387350676285e-13,-116.73323595229364,2.121440965407392e-12,124.0,1.6357428506365473e-12,-116.89605581043118,2.043371014450578e-12,124.0,1.376669207414876e-12,0.6843063820129557,1.8895059857825247,124.0,1.293001004922663,-117.01400831166103,1.9886148542680124e-12,124.0,6.058082881253161e-13,124.0,-114.29609925574871,3.718468798924983e-12,124.0,4.760182670958198e-12,-119.12581824158423,1.2227546352632502e-12,89.0,1.7814196617291219e-12,-117.18798715657124,1.9105165870736844e-12,89.0,1.6186081025373206e-12,-118.31942836223122,1.472284262921077e-12,89.0,8.267441488159939e-13,-118.0998217623562,1.5486581401830659e-12,89.0,7.071176481610756e-13,0.4802893514447579,1.2207593484277353,89.0,0.5863177157264823,-118.78280715861368,1.3232637496873747e-12,89.0,3.939671220110741e-13,89.0,-115.42713604973471,2.865845327280717e-12,89.0,4.907107867783458e-12,-120.81066519286074,8.295016274578053e-13,3.0,5.966203878387963e-13,-119.89200967888819,1.0249553754601546e-12,3.0,9.173884803348195e-13,-117.51308287029737,1.7727084621504588e-12,3.0,2.47037470876718e-13,-116.26325004631673,2.363927777261601e-12,3.0,6.984090803415245e-13,0.3924406577506157,2.1967180968347106,3.0,0.8620814948144946,-117.48679725280155,1.7834716403144382e-12,3.0,6.191774308925672e-13,3.0,-118.96957572799154,1.267553667052784e-12,3.0,7.18531960224304e-13
sub-022,RW,-115.35672680407147,2.9126896531790473e-12,3.0,1.322838503219248e-12,-125.7161906154498,2.679298924019599e-13,3.0,2.097759319925803e-13,-120.96108655492044,8.012554732257073e-13,3.0,9.235982293921221e-14,-120.0800908031776,9.815053720430695e-13,3.0,1.6533256101123454e-13,0.401143796010102,0.23244828314757174,3.0,0.09324518667784805,-117.02156469343225,1.985157443463073e-12,3.0,1.6613433931416268e-13,3.0,-105.8811239305348,2.5815697977252345e-11,3.0,1.2297507838907677e-11,-116.4381872711837,2.2705904380770556e-12,1.0,,-127.46206712297996,1.7916591399184441e-13,1.0,,-122.215241039041,6.002266377011908e-13,1.0,,-120.39611649507395,9.12604688749863e-13,1.0,,,0.19102923701397442,1.0,,-122.85121361861543,5.184330379761635e-13,1.0,,1.0,-113.46290154009465,4.504934080951892e-12,1.0,,-127.94202324892865,1.6039723551427913e-13,1.0,,-128.40236612636485,1.4424320336319248e-13,1.0,,-121.22310965304175,7.543297123656443e-13,1.0,,-121.85890213245361,6.515710975998538e-13,1.0,,,1.5281520156579351,1.0,,-119.14783011511844,1.216571756301254e-12,1.0,,1.0,-122.20090955056322,6.022113595704416e-13,1.0,
sub-022,SD,-114.67132405169951,3.4106670211053465e-12,379.0,3.2107021161013683e-12,-127.75350413541287,1.6752295636245038e-13,379.0,1.2887572700087468e-13,-118.75991628133002,1.33025802070523e-12,379.0,7.924822795651769e-13,-118.58035088354492,1.386421747350717e-12,379.0,7.980494850075639e-13,1.3335089324908997,1.2277547148375278,379.0,1.637221879143661,-118.46962948207988,1.422228093538212e-12,379.0,6.976697438028591e-13,379.0,-108.80815745982922,1.3157607441314489e-11,379.0,1.5318795546303575e-11,-116.67746066656767,2.1488646399474352e-12,397.0,1.6707648889806204e-12,-126.57150614583858,2.1999421681882132e-13,397.0,1.776919544711227e-13,-120.46516544210465,8.982063221772126e-13,397.0,4.595181848190811e-13,-120.4503448983654,9.012774968657471e-13,397.0,4.2435188876197473e-13,1.0715041502490206,0.5570328331271448,397.0,0.596862992520706,-120.53405441185848,8.840676397784066e-13,397.0,4.513847546266827e-13,397.0,-111.19354930951162,7.596829430482434e-12,397.0,8.197954187484203e-12,-119.9298647261139,1.0160583028358072e-12,55.0,1.1154237848298316e-12,-128.23735909858536,1.498376610167197e-13,55.0,1.1092564110618834e-13,-118.47326031498908,1.4210393792726068e-12,55.0,1.0829543102744603e-12,-119.1263416648046,1.2226072477542899e-12,55.0,8.730731668026697e-13,0.733129612592159,1.5607901031963625,55.0,1.1442614436940253,-118.49186105350205,1.4149651645548106e-12,55.0,9.273283985106061e-13,55.0,-114.74217196498319,3.3554754487546686e-12,55.0,6.862177198029269e-12
sub-023,RW,-110.14489675802182,9.671645142116205e-12,8.0,3.647204018921683e-12,-120.89882324233946,8.128287447090025e-13,8.0,1.9638106552814005e-13,-116.32016842149028,2.3331455268040097e-12,8.0,9.500665720280724e-13,-116.86564404770321,2.057731633994924e-12,8.0,1.0214579460454945e-12,0.7884244428447972,0.15207542100816396,8.0,0.1198999790787498,-116.28837666076608,2.350289204188297e-12,8.0,6.726058988054194e-13,8.0,-104.61419054387483,3.4560351856477176e-11,8.0,1.161646478902115e-11,-121.10233161956438,7.756084360135193e-13,1.0,,-117.46053391758224,1.7942909529130274e-12,1.0,,-119.9892902899275,1.0022470003549273e-12,1.0,,-120.72154474306642,8.467040726043885e-13,1.0,,,1.0753659903019526,1.0,,-119.86893222157597,1.0304174429362277e-12,1.0,,1.0,-117.57784735856009,1.7464656640175968e-12,1.0,,-120.02383949712937,9.943037467112673e-13,2.0,1.4357095850318538e-14,-120.88293819349789,8.15808059642603e-13,2.0,3.653703912357029e-13,-115.75029496727512,2.660322308276836e-12,2.0,1.3945812641109896e-12,-116.23686491101141,2.3783346571148114e-12,2.0,9.827817663590308e-13,0.20516225337164115,1.1470531122341232,2.0,0.23533200124290676,-116.8113726054009,2.083610130756767e-12,2.0,6.247224903578609e-14,2.0,-114.86412699844054,3.2625542637873266e-12,2.0,1.2867464713327104e-12
sub-023,SD,-116.80210156847048,2.0880633120243148e-12,349.0,2.6269195997186653e-12,-121.10103201324706,7.758406344667714e-13,349.0,6.306437953195081e-13,-113.99081348481303,3.989279628283879e-12,349.0,3.970712888008507e-12,-113.17590321000274,4.8127094373344585e-12,349.0,7.897977241933603e-12,0.7171581686350998,2.1376051151367554,349.0,1.5330009696364977,-115.62518077724242,2.7380836039498295e-12,349.0,2.2882489296376603e-12,349.0,-114.45454534090831,3.585242777687147e-12,349.0,8.789245268307407e-12,-115.29945017552618,2.9513608340066637e-12,316.0,3.7448046059766346e-12,-120.04012991767345,9.905802603405187e-13,316.0,7.558152372096529e-13,-116.0280923971396,2.4954686532741433e-12,316.0,1.9519748346380126e-12,-117.68951755178637,1.702125563348142e-12,316.0,1.9776979713263063e-12,0.9174525055467504,0.8982926452023376,316.0,0.824140838055103,-118.15870219904454,1.5278005639724931e-12,316.0,1.0693257152920575e-12,316.0,-111.74512749561664,6.690719727323151e-12,316.0,1.0603889203651006e-11,-116.84591733564241,2.067100622332898e-12,27.0,2.346310519765027e-12,-119.91893985527926,1.018618019437151e-12,27.0,3.7258024226207485e-13,-116.94719274436424,2.0194494017425774e-12,27.0,8.646515442014209e-13,-118.4936405772919,1.414385409680715e-12,27.0,9.145891248946697e-13,0.5603963072973914,1.0678649521190577,27.0,0.5984275758598258,-117.92897505757179,1.610803750563971e-12,27.0,5.123397605619851e-13,27.0,-114.83666481217472,3.2832514796986817e-12,27.0,8.392466877744042e-12
sub-024,RW,-122.98137500752298,5.031191775066493e-13,531.0,4.933052598011112e-13,-128.98067680799696,1.262318819254256e-13,531.0,1.074801422997734e-13,-117.91507070309272,1.615969869701353e-12,531.0,1.673861105591003e-12,-117.34997788089201,1.8405593321474124e-12,531.0,2.1258143280440916e-12,0.7306014253650265,3.6106613603839985,531.0,2.637954336406975,-117.33924538025953,1.845113987909946e-12,531.0,1.6907251810782674e-12,531.0,-119.95507758898903,1.0101754044812023e-12,531.0,1.3135769886471975e-12,-126.88048295273562,2.0487136480668211e-13,377.0,1.089469324799775e-13,-125.66486653109263,2.711176593892093e-13,377.0,1.4371744258444464e-13,-119.93735763282334,1.0143064204338763e-12,377.0,1.5938036820174954e-12,-120.14118849794264,9.677908672838068e-13,377.0,1.6456801682791432e-12,0.654571780404072,2.3507385912409324,377.0,1.5387271449331372,-119.47254692763443,1.1289114935097595e-12,377.0,9.116146031400903e-13,377.0,-121.7099726451503,6.743102317472396e-13,377.0,3.689391399617115e-13,-126.84295273808645,2.0665139063422935e-13,41.0,1.2513069466910135e-13,-122.15839743610447,6.081374023138959e-13,41.0,3.1740211053801715e-13,-118.92822372887511,1.2796826355014324e-12,41.0,1.0806085616972238e-12,-119.51882315365964,1.1169438905411969e-12,41.0,9.056357492213698e-13,0.4754351919591529,2.515282110159169,41.0,1.1958536328749476,-119.1533213446967,1.2150342116182333e-12,41.0,5.67358634796013e-13,41.0,-120.76771067837923,8.37748845559941e-13,41.0,4.523974593543894e-13
sub-024,SD,-121.03538179322285,7.876611200958899e-13,320.0,7.973454556229105e-13,-128.81569751420858,1.3112800725133705e-13,320.0,8.760533171922408e-14,-114.7598935510936,3.3418102704260483e-12,320.0,6.0324469763353834e-12,-114.60549753912275,3.462760050461415e-12,320.0,4.866777578895998e-12,0.5905471309519721,4.242478260996567,320.0,2.5053833651576345,-114.87431666748337,3.2549079224108584e-12,320.0,3.0337808546622566e-12,320.0,-119.78593910253183,1.0503022241660902e-12,320.0,7.77374747669755e-13,-120.08848823207785,9.796089580987815e-13,53.0,1.0872755834573259e-12,-128.69451099495484,1.3484484552839412e-13,53.0,7.936930066265377e-14,-116.93182967780089,2.026606594375902e-12,53.0,1.8162469212866498e-12,-116.31273303660285,2.33714381526177e-12,53.0,2.33759812027789e-12,0.47501188735946476,3.1171775247475226,53.0,1.4806963792648253,-115.44771180877214,2.8522987503650673e-12,53.0,2.0468762718263917e-12,53.0,-118.58604917238992,1.3846035535326665e-12,53.0,9.855824463897604e-13,-130.06666997635242,9.825454555869693e-14,1.0,,-135.77081013391637,2.6258016723721073e-14,1.0,,-122.21283767729865,6.005590146540717e-13,1.0,,-124.29281685311297,3.719282050642908e-13,1.0,,,3.9262534346447833,1.0,,-120.424971797066,9.065598085699685e-13,1.0,,1.0,-123.38529190200425,4.584167737029159e-13,1.0,
sub-025,RW,-119.26996181897734,1.18282991188214e-12,329.0,1.1655126345641575e-12,-123.29687804279062,4.67849452343782e-13,329.0,2.859145036333715e-13,-119.42420070816928,1.1415513769349163e-12,329.0,6.044830449854458e-13,-118.96697117001473,1.268314207611604e-12,329.0,8.170333418247548e-13,0.6144804696070018,1.6552596509211726,329.0,1.017124727619564,-119.31397113316906,1.1709019703899325e-12,329.0,6.012256503675209e-13,329.0,-117.72997409403054,1.6863410412205254e-12,329.0,3.1215162015788758e-12,-119.84453580619171,1.036223333929085e-12,602.0,9.822151003708492e-13,-120.41380391690393,9.088945982645394e-13,602.0,9.273781543136907e-13,-120.04795124183406,9.887975040590772e-13,602.0,4.761415123671586e-13,-119.62329882501395,1.0903895676136309e-12,602.0,5.362940058948592e-13,0.6494297696107153,1.1986494639924612,602.0,0.7784386452446316,-120.19320228358433,9.562664968715374e-13,602.0,5.018986360648111e-13,602.0,-117.43089661590548,1.8065790225986947e-12,602.0,3.5949806790389574e-12,-121.72407604949841,6.721232890574977e-13,30.0,3.937178146563291e-13,-123.72365974984587,4.240398480232555e-13,30.0,1.876370589099847e-13,-120.10003851682066,9.77006509442728e-13,30.0,5.393767544360903e-13,-120.0898700059648,9.792972595647911e-13,30.0,3.750430176536944e-13,0.40399515995775886,1.6831759933212571,30.0,0.679994954658881,-119.51188807814682,1.1187292734273673e-12,30.0,6.776854344117575e-13,30.0,-120.92551011347054,8.078479646724519e-13,30.0,3.6124531331131133e-13
sub-025,SD,-117.48432389921248,1.7844877622907644e-12,317.0,2.6318744158440823e-12,-123.07649478133534,4.922147796523932e-13,317.0,4.0823887870463106e-13,-116.35774214652719,2.3130450773893707e-12,317.0,1.7870302887385235e-12,-115.268786207842,2.972274642177934e-12,317.0,3.675130742530512e-12,0.4551175817271706,2.2540664176728344,317.0,1.025865257063687,-115.13147076839292,3.0677607741689047e-12,317.0,2.928179951663178e-12,317.0,-116.70216643694572,2.1366738086936644e-12,317.0,2.2645051400304392e-12,-118.60651292645161,1.378093668883361e-12,156.0,1.4308058999983999e-12,-122.36969303669764,5.79247607818285e-13,156.0,5.021429325004109e-13,-116.24190877099606,2.3755738246624715e-12,156.0,2.217727969260187e-12,-115.56853758040069,2.7740320900147818e-12,156.0,3.038869018440387e-12,0.435938017454011,2.2153650120285096,156.0,0.9657618312806899,-115.9139012499669,2.561959360533281e-12,156.0,1.8168167921008782e-12,156.0,-117.01885392057355,1.9863970615198354e-12,156.0,2.079441568021362e-12,-120.18283426251372,9.58552673789545e-13,30.0,8.319933698879058e-13,-121.02913653149534,7.887949305407371e-13,30.0,4.820047024829514e-13,-118.01865280387005,1.5778786813425228e-12,30.0,1.1354915956347223e-12,-118.13811925494612,1.5350596595898568e-12,30.0,9.455444392719852e-13,0.43839967750956865,1.707101419297429,30.0,0.7483927116961199,-117.88455517444197,1.6273659679906325e-12,30.0,7.106091960733242e-13,30.0,-117.88073644165785,1.6287977285394489e-12,30.0,1.3951907792010327e-12
sub-026,RW,-117.1169096973266,1.942045397695594e-12,234.0,1.1013214097884842e-12,-130.2131613847801,9.498823959647548e-14,234.0,2.789307001522394e-14,-120.32525027437549,9.27621974367869e-13,234.0,6.171606563250507e-13,-121.82774766783142,6.562635991240211e-13,234.0,3.8570141547023677e-13,1.106396277223684,0.35844782382302415,234.0,0.39658533785672506,-121.69703481308537,6.763226904914559e-13,234.0,3.1641644330606775e-13,234.0,-112.23998646310127,5.970149430769468e-12,234.0,3.590106234250038e-12,,,,,,,,,,,,,,,,,,,,,,,,,,,,,,-123.51748790215717,4.446664861725063e-13,44.0,2.710654701540942e-13,-130.8815695974339,8.140668550141148e-14,44.0,2.9162687696876576e-14,-119.79120523133331,1.049029160932754e-12,44.0,6.164196252166665e-13,-121.69993805612177,6.758705738983367e-13,44.0,4.0466707026267076e-13,0.5606200804826017,1.999203313675556,44.0,1.1207935226138743,-120.6064145700037,8.694560735660498e-13,44.0,3.1955639136175064e-13,44.0,-121.60865383433553,6.902317433370026e-13,44.0,3.055044584841291e-13
sub-026,SD,-122.79987187828213,5.246008982788634e-13,123.0,4.950266966406197e-13,-130.0886901012096,9.775650131246471e-14,123.0,6.332559320340256e-14,-117.97806785604823,1.5926952019002519e-12,123.0,1.030817764741916e-12,-118.14679938230071,1.5319941976646985e-12,123.0,1.3207335866192797e-12,0.5946553037541309,2.9390245552363954,123.0,1.747706539634948,-117.71529733573661,1.6920503359877533e-12,123.0,9.51321398006449e-13,123.0,-117.7975124466856,1.6603157138375598e-12,123.0,3.057710419121204e-12,-123.36712486006331,4.603393314175108e-13,143.0,3.6704450603456004e-13,-127.04662566482354,1.9717353976626975e-13,143.0,1.3785184060033394e-13,-116.70421420865625,2.1356664637763856e-12,143.0,2.4661043722535724e-12,-116.97599259975132,2.0061004388965207e-12,143.0,1.8278482953328955e-12,0.5405895289423331,3.223084995537805,143.0,1.742365999478884,-117.45315267271506,1.7973434905291008e-12,143.0,1.5161796059515537e-12,143.0,-119.29119755505724,1.1770592520826138e-12,143.0,2.1113753739913667e-12,-122.39000340720057,5.765439662929154e-13,5.0,5.515140541447362e-13,-129.44595920517696,1.1338469062156397e-13,5.0,5.81009848716541e-14,-115.33100242517988,2.9299947789391953e-12,5.0,1.6602410053722709e-12,-116.02211831703539,2.4989040447113635e-12,5.0,1.5624886973592071e-12,0.5191353950958558,4.256786626198928,5.0,2.2098486070305356,-115.73556195986089,2.669363266407517e-12,5.0,1.1726333469160806e-12,5.0,-120.78467221542448,8.344825007772732e-13,5.0,6.159618390209425e-13
sub-027,RW,-121.4793647350642,7.110955095259474e-13,61.0,5.939716833309842e-13,-127.07337654796783,1.9596139528410333e-13,61.0,1.1021012603015868e-13,-120.67463445310207,8.559017242631821e-13,61.0,7.41107133757341e-13,-123.03303725467332,4.971670677775094e-13,61.0,4.11175175989502e-13,1.208599580034593,1.2790934655330468,61.0,1.545911825268233,-122.18319571701974,6.04673559336266e-13,61.0,2.9498065951241826e-13,61.0,-116.51449471576059,2.2310397461508023e-12,61.0,2.5567163641450364e-12,-123.3042588994389,4.670546380580912e-13,487.0,4.455502459956161e-13,-125.56700834828094,2.7730107273594623e-13,487.0,2.1283999540874017e-13,-121.43494753198905,7.184077956382191e-13,487.0,4.1269944030269736e-13,-123.17857037227583,4.807756144954114e-13,487.0,2.8729347517045587e-13,0.6623188212974149,1.3161284351420237,487.0,0.8716966338392765,-121.85590009877768,6.520218013228223e-13,487.0,3.415662740355252e-13,487.0,-120.11961188064211,9.726121153211672e-13,487.0,1.3445134792600679e-12,-124.85439923604092,3.267872346258581e-13,8.0,2.2803421214520545e-13,-123.33801359429728,4.634368981269186e-13,8.0,5.520760144632987e-13,-120.54403523321264,8.820377260334334e-13,8.0,4.0473965570136645e-13,-122.14120800586196,6.10550068191242e-13,8.0,4.791261232796537e-13,0.3835263275709914,1.6203585447619755,8.0,0.6214501620208365,-121.1811064783119,7.616628306745521e-13,8.0,3.2250675148739676e-13,8.0,-121.78640593005647,6.625427132486329e-13,8.0,4.3117060781114414e-13
sub-027,SD,-124.15587604364278,3.8384973314344335e-13,140.0,2.615361760603521e-13,-128.13390149170414,1.5345530109604682e-13,140.0,1.0945365385043899e-13,-117.22028249924081,1.8963605039688583e-12,140.0,2.0139140014656866e-12,-118.08991149885509,1.5521966004379451e-12,140.0,2.404877821755226e-12,0.6945898937283904,2.2619157684282367,140.0,1.5711038332151395,-119.19797858683579,1.202602111336711e-12,140.0,1.0271937560582475e-12,140.0,-119.37255738473995,1.1552096102019532e-12,140.0,1.3536866876415904e-12,-125.66647983886153,2.7101688142109457e-13,18.0,1.4318993361932422e-13,-129.32460524352945,1.166039469181917e-13,18.0,3.373313233543089e-14,-119.61771507027542,1.0917926764441385e-12,18.0,4.138271217623452e-13,-119.84836148795986,1.0353107355789382e-12,18.0,4.94804439102438e-13,0.38323989056506885,2.3264490609096713,18.0,0.8915880835082296,-117.65975554374242,1.7138317410764327e-12,18.0,4.794156019532416e-13,18.0,-122.55318567465025,5.552745904600665e-13,18.0,3.52835763690107e-13,-125.40175613103403,2.8806450939864524e-13,4.0,2.219939586691168e-13,-128.36193640104196,1.4559435135883747e-13,4.0,4.5187247008286616e-14,-119.51414315499835,1.1181484080662573e-12,4.0,3.884459585975049e-13,-120.42902189388634,9.057145658763934e-13,4.0,3.9305312135202845e-13,0.6200135740127056,2.2344916131362216,4.0,1.3854151311620049,-121.35334471330205,7.320383219471779e-13,4.0,2.3797612252081086e-13,4.0,-118.43799068110506,1.4326286280026559e-12,4.0,2.092601247576311e-12
sub-028,RW,-114.50740521463555,3.5418670310961535e-12,140.0,1.9939844201968882e-12,-126.21421645961048,2.3887728258395443e-13,140.0,7.897333933503438e-14,-119.77656943130812,1.0525711207344041e-12,140.0,5.895347902963602e-13,-121.03992764921452,7.868368568974354e-13,140.0,4.650767240647273e-13,0.43811731240392415,0.17627685175075727,140.0,0.07722994052806685,-119.12166893952596,1.2239236403411283e-12,140.0,6.236283119750197e-13,140.0,-106.8856528978357,2.0484718614133227e-11,140.0,1.0642172985266361e-11,-125.49374121611646,2.8202270927795223e-13,36.0,2.337617521016925e-13,-126.37937535713299,2.2995524100122853e-13,36.0,6.491305935529583e-14,-122.86367899293886,5.169464982091186e-13,36.0,2.532666240312963e-13,-124.82212610982887,3.2922634502084867e-13,36.0,1.1083176097196346e-13,0.3132971837643439,1.3709486234722192,36.0,0.4295143428194502,-121.42447574760276,7.201426591841823e-13,36.0,2.5421630242376075e-13,36.0,-118.64683472275487,1.3653560063865697e-12,36.0,6.311384637561948e-13,,,,,,,,,,,,,,,,,,,,,,,,,,,,,
sub-028,SD,-121.36448502272926,7.30162370582963e-13,96.0,7.771770508516081e-13,-126.77402690449348,2.0996082133702619e-13,96.0,1.7598969988015874e-13,-116.72826189076844,2.123872340554452e-12,96.0,1.877086633801511e-12,-116.49865166994593,2.2391942452356625e-12,96.0,2.0310702237912753e-12,0.6283320935357102,3.2657893446983546,96.0,2.0520002560009325,-116.52965671271676,2.2232635941182584e-12,96.0,2.09474233695749e-12,96.0,-115.63749497445784,2.730330276051058e-12,96.0,4.881137312234498e-12,-123.17914762484419,4.807116858263274e-13,50.0,8.860506205488927e-13,-122.51245562012971,5.605087891809955e-13,50.0,1.31386985014425e-12,-116.4819642016554,2.2478156019711632e-12,50.0,3.307417330147377e-12,-117.02661306456477,1.982850918814971e-12,50.0,2.2930870468665007e-12,0.5535284345262852,3.874549392889338,50.0,2.144673259940804,-117.3867412451834,1.8250427424324328e-12,50.0,1.3825554296479233e-12,50.0,-117.01297176527132,1.989089593834872e-12,50.0,7.460200317316055e-12,-125.49617716604061,2.818644430937878e-13,2.0,6.805340231576352e-14,-114.46135968366507,3.5796213781119327e-12,2.0,1.2485142976454375e-13,-117.74986652066643,1.6786335719363429e-12,2.0,1.645394461535074e-12,-121.96508291949203,6.358286160528938e-13,2.0,2.4062208503005114e-13,0.1968883752062519,1.2789901958717587,2.0,0.25181830156991647,-120.16905746524877,9.615989519149004e-13,2.0,7.157232548759069e-13,2.0,-121.16708509695896,7.641265832992209e-13,2.0,1.0056012749068076e-13
sub-029,RW,-120.88087872413612,8.161951213270966e-13,390.0,9.23401300442441e-13,-127.00250191453557,1.9918927550428315e-13,390.0,9.024514692911102e-14,-124.01558061927851,3.964594474293981e-13,390.0,1.8070408614092008e-13,-125.17365695986547,3.0361050919225104e-13,390.0,1.324902015716123e-13,0.6611624049052983,0.46835519618460625,390.0,0.3096588478593072,-123.45148694996843,4.5147921851062145e-13,390.0,2.0182627045067125e-13,390.0,-114.0514667770399,3.933949766643369e-12,390.0,2.7712874718008303e-12,-124.2651063208622,3.7431033328571556e-13,345.0,3.5654487419098066e-13,-125.70837133883595,2.684131227782413e-13,345.0,9.941092414777738e-14,-123.05778954166085,4.943402991126519e-13,345.0,2.513532973839819e-13,-124.43356234647084,3.600609512374197e-13,345.0,1.7004867550497166e-13,0.596162209201142,0.8052410722695778,345.0,0.4800542965837281,-121.88866219761117,6.471199479098513e-13,345.0,4.0821895763263765e-13,345.0,-115.45980034345948,2.8443698331710656e-12,345.0,1.820032940970905e-12,-125.14628387233049,3.0553157902504633e-13,46.0,2.6894025879323627e-13,-125.89332512847204,2.5721289336077106e-13,46.0,1.0448128716887165e-13,-120.9188841175061,8.090817715486661e-13,46.0,4.652993861055794e-13,-122.99986316837882,5.009809799994132e-13,46.0,2.3911084445554847e-13,0.4193856010146232,1.2438601064427892,46.0,0.5216570183186224,-120.15438517549781,9.648538819523538e-13,46.0,4.513428537967759e-13,46.0,-115.93396045456502,2.5501524384405146e-12,46.0,1.8082897278159989e-12
sub-029,SD,-125.48569794170672,2.825459200520449e-13,33.0,1.3448420126177095e-13,-128.0525818035191,1.5635994951866987e-13,33.0,6.122555400709721e-14,-121.85388055852965,6.523251758919487e-13,33.0,2.6765671791282765e-13,-122.51295688530584,5.60444073042159e-13,33.0,2.5216466287072214e-13,0.6571090008732763,1.8565930898464873,33.0,1.2199840302972542,-121.50149451479106,7.074801600279386e-13,33.0,2.4739731997462116e-13,33.0,-120.16294984704851,9.629525422335095e-13,33.0,7.917487090891921e-13,-125.0529576294902,3.121730725266217e-13,38.0,3.460999109111797e-13,-127.79398158778437,1.659667895650911e-13,38.0,5.949131302170256e-14,-121.73957825164216,6.697276212339671e-13,38.0,4.5391526963067103e-13,-123.25012905200111,4.729151547237205e-13,38.0,2.443289535703399e-13,0.5374327474465378,1.7062401185542633,38.0,0.9169893147181243,-122.04398908824963,6.243766772452669e-13,38.0,4.658475747110588e-13,38.0,-119.65735119261367,1.081871685732903e-12,38.0,1.2654909891241643e-12,-123.96024616983375,4.0154599230189074e-13,1.0,,-125.93679898363446,2.546487668406638e-13,1.0,,-124.03419282529163,3.947630593976471e-13,1.0,,-121.62411882879654,6.877774466915078e-13,1.0,,,2.401117631921865,1.0,,-121.23034544844755,7.530735977687989e-13,1.0,,1.0,-124.02870558302865,3.9526243225355473e-13,1.0,
sub-030,RW,-124.20828900114371,3.7924240931084845e-13,407.0,2.6467095604876647e-13,-129.2708946960236,1.1805774147639176e-13,407.0,5.089617062789054e-14,-121.72918707780688,6.713324996492459e-13,407.0,3.566794466144767e-13,-122.77345347963775,5.278031581985845e-13,407.0,2.1101490360540814e-13,0.6684124041227352,1.253199793822518,407.0,0.8376542870350254,-121.87128643455976,6.497150977136106e-13,407.0,2.2033646358253673e-13,407.0,-118.54731045464037,1.397011342221618e-12,407.0,1.2080043557689698e-12,-124.62119152415136,3.448270145752262e-13,298.0,2.644778510209569e-13,-116.88968742392149,2.046369886797952e-12,298.0,1.2442920645107227e-12,-120.60339932027978,8.700600893523094e-13,298.0,5.434529581253655e-13,-121.48337453113297,7.104390604723579e-13,298.0,3.2627247344055134e-13,0.4162627093384367,1.2643015418190657,298.0,0.5262815852183672,-121.53327328841615,7.023205675519456e-13,298.0,2.518104685890427e-13,298.0,-121.99458474721945,6.315225363601589e-13,298.0,3.765466407564539e-13,-126.11498964764102,2.4440306611697006e-13,31.0,1.4218377281818289e-13,-123.40238301194809,4.566154055053921e-13,31.0,4.3440960331569455e-13,-120.08165608205223,9.811516028013312e-13,31.0,5.246907674773637e-13,-120.98089036384934,7.976090594667772e-13,31.0,4.190217047665302e-13,0.7077923119686171,2.3434714103205034,31.0,1.6586910475431051,-120.33946893689239,9.245892100037177e-13,31.0,4.1111867946966894e-13,31.0,-122.83931572260086,5.198558893135033e-13,31.0,2.80695840227819e-13
sub-030,SD,-124.42476379961526,3.6079160295042323e-13,255.0,2.5380562410291263e-13,-128.3058879325202,1.4748840047250632e-13,255.0,7.847815185552052e-14,-119.69591658031185,1.0723052220164514e-12,255.0,6.8562365658742e-13,-120.55952060165384,8.788975089642929e-13,255.0,5.601974258473002e-13,0.4846763180564026,2.4788248206728665,255.0,1.2014276871905476,-119.64032664769704,1.0861218683072474e-12,255.0,4.5392822125571884e-13,255.0,-120.97538079505334,7.986218503193618e-13,255.0,6.445275340462737e-13,-124.07847958823807,3.9075570374946576e-13,291.0,3.370848316375543e-13,-125.64686433663994,2.7224473980806975e-13,291.0,2.4256295209226633e-13,-120.54081131701558,8.826929007286277e-13,291.0,6.762311548644046e-13,-121.78019735443442,6.63490864312681e-13,291.0,3.607290850235193e-13,0.6627242823063556,1.797091737414822,291.0,1.1909763319169198,-121.19356996178831,7.594794902390755e-13,291.0,3.0453310726593783e-13,291.0,-120.50438647116971,8.901291646447718e-13,291.0,7.654660356828449e-13,-124.98342650831674,3.172148114459914e-13,27.0,1.8835603891656798e-13,-125.27827078247299,2.963791676692212e-13,27.0,1.5460111718180642e-13,-118.8481566320931,1.3034979818854321e-12,27.0,1.6016922938390674e-12,-120.47664634194058,8.958343960773127e-13,27.0,7.816920333706477e-13,0.7924602599484174,2.2971979558578237,27.0,1.8204380892520642,-120.19436184876325,9.560111487609894e-13,27.0,5.153643318531963e-13,27.0,-120.82759973040115,8.262725678742862e-13,27.0,8.790810817691374e-13
