sub,marker,delta_name,double_delta_value,double_delta_name
sub-001,central_alpha_mean_db,PVT_minus_CloseEye,,SD_minus_RW_of_PVT_minus_CloseEye
sub-001,central_alpha_mean_linear,PVT_minus_CloseEye,,SD_minus_RW_of_PVT_minus_CloseEye
sub-001,central_alpha_n_epochs_used,PVT_minus_CloseEye,,SD_minus_RW_of_PVT_minus_CloseEye
sub-001,central_alpha_sd_linear,PVT_minus_CloseEye,,SD_minus_RW_of_PVT_minus_CloseEye
sub-001,frontal_beta_mean_db,PVT_minus_CloseEye,,SD_minus_RW_of_PVT_minus_CloseEye
sub-001,frontal_beta_mean_linear,PVT_minus_CloseEye,,SD_minus_RW_of_PVT_minus_CloseEye
sub-001,frontal_beta_n_epochs_used,PVT_minus_CloseEye,,SD_minus_RW_of_PVT_minus_CloseEye
sub-001,frontal_beta_sd_linear,PVT_minus_CloseEye,,SD_minus_RW_of_PVT_minus_CloseEye
sub-001,frontal_theta_mean_db,PVT_minus_CloseEye,,SD_minus_RW_of_PVT_minus_CloseEye
sub-001,frontal_theta_mean_linear,PVT_minus_CloseEye,,SD_minus_RW_of_PVT_minus_CloseEye
sub-001,frontal_theta_n_epochs_used,PVT_minus_CloseEye,,SD_minus_RW_of_PVT_minus_CloseEye
sub-001,frontal_theta_sd_linear,PVT_minus_CloseEye,,SD_minus_RW_of_PVT_minus_CloseEye
sub-001,frontocentral_theta_mean_db,PVT_minus_CloseEye,,SD_minus_RW_of_PVT_minus_CloseEye
sub-001,frontocentral_theta_mean_linear,PVT_minus_CloseEye,,SD_minus_RW_of_PVT_minus_CloseEye
sub-001,frontocentral_theta_n_epochs_used,PVT_minus_CloseEye,,SD_minus_RW_of_PVT_minus_CloseEye
sub-001,frontocentral_theta_sd_linear,PVT_minus_CloseEye,,SD_minus_RW_of_PVT_minus_CloseEye
sub-001,global_theta_alpha_ratio_cv_linear,PVT_minus_CloseEye,,SD_minus_RW_of_PVT_minus_CloseEye
sub-001,global_theta_alpha_ratio_mean_linear,PVT_minus_CloseEye,,SD_minus_RW_of_PVT_minus_CloseEye
sub-001,global_theta_alpha_ratio_n_epochs_used,PVT_minus_CloseEye,,SD_minus_RW_of_PVT_minus_CloseEye
sub-001,global_theta_alpha_ratio_sd_linear,PVT_minus_CloseEye,,SD_minus_RW_of_PVT_minus_CloseEye
sub-001,global_theta_mean_db,PVT_minus_CloseEye,,SD_minus_RW_of_PVT_minus_CloseEye
sub-001,global_theta_mean_linear,PVT_minus_CloseEye,,SD_minus_RW_of_PVT_minus_CloseEye
sub-001,global_theta_n_epochs_used,PVT_minus_CloseEye,,SD_minus_RW_of_PVT_minus_CloseEye
sub-001,global_theta_sd_linear,PVT_minus_CloseEye,,SD_minus_RW_of_PVT_minus_CloseEye
sub-001,n_epochs_total,PVT_minus_CloseEye,,SD_minus_RW_of_PVT_minus_CloseEye
sub-001,posterior_alpha_mean_db,PVT_minus_CloseEye,,SD_minus_RW_of_PVT_minus_CloseEye
sub-001,posterior_alpha_mean_linear,PVT_minus_CloseEye,,SD_minus_RW_of_PVT_minus_CloseEye
sub-001,posterior_alpha_n_epochs_used,PVT_minus_CloseEye,,SD_minus_RW_of_PVT_minus_CloseEye
sub-001,posterior_alpha_sd_linear,PVT_minus_CloseEye,,SD_minus_RW_of_PVT_minus_CloseEye
sub-002,central_alpha_mean_db,PVT_minus_CloseEye,5.629405725449246,SD_minus_RW_of_PVT_minus_CloseEye
sub-002,central_alpha_mean_linear,PVT_minus_CloseEye,5.39814853305914e-13,SD_minus_RW_of_PVT_minus_CloseEye
sub-002,central_alpha_n_epochs_used,PVT_minus_CloseEye,93.0,SD_minus_RW_of_PVT_minus_CloseEye
sub-002,central_alpha_sd_linear,PVT_minus_CloseEye,6.150298981573443e-13,SD_minus_RW_of_PVT_minus_CloseEye
sub-002,frontal_beta_mean_db,PVT_minus_CloseEye,0.4608281838566626,SD_minus_RW_of_PVT_minus_CloseEye
sub-002,frontal_beta_mean_linear,PVT_minus_CloseEye,3.93944194557471e-14,SD_minus_RW_of_PVT_minus_CloseEye
sub-002,frontal_beta_n_epochs_used,PVT_minus_CloseEye,93.0,SD_minus_RW_of_PVT_minus_CloseEye
sub-002,frontal_beta_sd_linear,PVT_minus_CloseEye,2.1378273621545358e-14,SD_minus_RW_of_PVT_minus_CloseEye
sub-002,frontal_theta_mean_db,PVT_minus_CloseEye,0.6756054828367866,SD_minus_RW_of_PVT_minus_CloseEye
sub-002,frontal_theta_mean_linear,PVT_minus_CloseEye,7.758527538258777e-14,SD_minus_RW_of_PVT_minus_CloseEye
sub-002,frontal_theta_n_epochs_used,PVT_minus_CloseEye,93.0,SD_minus_RW_of_PVT_minus_CloseEye
sub-002,frontal_theta_sd_linear,PVT_minus_CloseEye,3.2688836087500924e-14,SD_minus_RW_of_PVT_minus_CloseEye
sub-002,frontocentral_theta_mean_db,PVT_minus_CloseEye,1.5271949469274375,SD_minus_RW_of_PVT_minus_CloseEye
sub-002,frontocentral_theta_mean_linear,PVT_minus_CloseEye,1.427840619410753e-13,SD_minus_RW_of_PVT_minus_CloseEye
sub-002,frontocentral_theta_n_epochs_used,PVT_minus_CloseEye,93.0,SD_minus_RW_of_PVT_minus_CloseEye
sub-002,frontocentral_theta_sd_linear,PVT_minus_CloseEye,8.106952716375537e-14,SD_minus_RW_of_PVT_minus_CloseEye
sub-002,global_theta_alpha_ratio_cv_linear,PVT_minus_CloseEye,0.5461885495138077,SD_minus_RW_of_PVT_minus_CloseEye
sub-002,global_theta_alpha_ratio_mean_linear,PVT_minus_CloseEye,-0.6918923628347069,SD_minus_RW_of_PVT_minus_CloseEye
sub-002,global_theta_alpha_ratio_n_epochs_used,PVT_minus_CloseEye,93.0,SD_minus_RW_of_PVT_minus_CloseEye
sub-002,global_theta_alpha_ratio_sd_linear,PVT_minus_CloseEye,0.41726525656593483,SD_minus_RW_of_PVT_minus_CloseEye
sub-002,global_theta_mean_db,PVT_minus_CloseEye,0.036719774466533295,SD_minus_RW_of_PVT_minus_CloseEye
sub-002,global_theta_mean_linear,PVT_minus_CloseEye,-2.324792090223247e-13,SD_minus_RW_of_PVT_minus_CloseEye
sub-002,global_theta_n_epochs_used,PVT_minus_CloseEye,93.0,SD_minus_RW_of_PVT_minus_CloseEye
sub-002,global_theta_sd_linear,PVT_minus_CloseEye,-5.0013542928823724e-14,SD_minus_RW_of_PVT_minus_CloseEye
sub-002,n_epochs_total,PVT_minus_CloseEye,93.0,SD_minus_RW_of_PVT_minus_CloseEye
sub-002,posterior_alpha_mean_db,PVT_minus_CloseEye,9.31617731650907,SD_minus_RW_of_PVT_minus_CloseEye
sub-002,posterior_alpha_mean_linear,PVT_minus_CloseEye,2.3062589245325897e-12,SD_minus_RW_of_PVT_minus_CloseEye
sub-002,posterior_alpha_n_epochs_used,PVT_minus_CloseEye,93.0,SD_minus_RW_of_PVT_minus_CloseEye
sub-002,posterior_alpha_sd_linear,PVT_minus_CloseEye,3.0221810678279662e-12,SD_minus_RW_of_PVT_minus_CloseEye
sub-003,central_alpha_mean_db,PVT_minus_CloseEye,,SD_minus_RW_of_PVT_minus_CloseEye
sub-003,central_alpha_mean_linear,PVT_minus_CloseEye,,SD_minus_RW_of_PVT_minus_CloseEye
sub-003,central_alpha_n_epochs_used,PVT_minus_CloseEye,,SD_minus_RW_of_PVT_minus_CloseEye
sub-003,central_alpha_sd_linear,PVT_minus_CloseEye,,SD_minus_RW_of_PVT_minus_CloseEye
sub-003,frontal_beta_mean_db,PVT_minus_CloseEye,,SD_minus_RW_of_PVT_minus_CloseEye
sub-003,frontal_beta_mean_linear,PVT_minus_CloseEye,,SD_minus_RW_of_PVT_minus_CloseEye
sub-003,frontal_beta_n_epochs_used,PVT_minus_CloseEye,,SD_minus_RW_of_PVT_minus_CloseEye
sub-003,frontal_beta_sd_linear,PVT_minus_CloseEye,,SD_minus_RW_of_PVT_minus_CloseEye
sub-003,frontal_theta_mean_db,PVT_minus_CloseEye,,SD_minus_RW_of_PVT_minus_CloseEye
sub-003,frontal_theta_mean_linear,PVT_minus_CloseEye,,SD_minus_RW_of_PVT_minus_CloseEye
sub-003,frontal_theta_n_epochs_used,PVT_minus_CloseEye,,SD_minus_RW_of_PVT_minus_CloseEye
sub-003,frontal_theta_sd_linear,PVT_minus_CloseEye,,SD_minus_RW_of_PVT_minus_CloseEye
sub-003,frontocentral_theta_mean_db,PVT_minus_CloseEye,,SD_minus_RW_of_PVT_minus_CloseEye
sub-003,frontocentral_theta_mean_linear,PVT_minus_CloseEye,,SD_minus_RW_of_PVT_minus_CloseEye
sub-003,frontocentral_theta_n_epochs_used,PVT_minus_CloseEye,,SD_minus_RW_of_PVT_minus_CloseEye
sub-003,frontocentral_theta_sd_linear,PVT_minus_CloseEye,,SD_minus_RW_of_PVT_minus_CloseEye
sub-003,global_theta_alpha_ratio_cv_linear,PVT_minus_CloseEye,,SD_minus_RW_of_PVT_minus_CloseEye
sub-003,global_theta_alpha_ratio_mean_linear,PVT_minus_CloseEye,,SD_minus_RW_of_PVT_minus_CloseEye
sub-003,global_theta_alpha_ratio_n_epochs_used,PVT_minus_CloseEye,,SD_minus_RW_of_PVT_minus_CloseEye
sub-003,global_theta_alpha_ratio_sd_linear,PVT_minus_CloseEye,,SD_minus_RW_of_PVT_minus_CloseEye
sub-003,global_theta_mean_db,PVT_minus_CloseEye,,SD_minus_RW_of_PVT_minus_CloseEye
sub-003,global_theta_mean_linear,PVT_minus_CloseEye,,SD_minus_RW_of_PVT_minus_CloseEye
sub-003,global_theta_n_epochs_used,PVT_minus_CloseEye,,SD_minus_RW_of_PVT_minus_CloseEye
sub-003,global_theta_sd_linear,PVT_minus_CloseEye,,SD_minus_RW_of_PVT_minus_CloseEye
sub-003,n_epochs_total,PVT_minus_CloseEye,,SD_minus_RW_of_PVT_minus_CloseEye
sub-003,posterior_alpha_mean_db,PVT_minus_CloseEye,,SD_minus_RW_of_PVT_minus_CloseEye
sub-003,posterior_alpha_mean_linear,PVT_minus_CloseEye,,SD_minus_RW_of_PVT_minus_CloseEye
sub-003,posterior_alpha_n_epochs_used,PVT_minus_CloseEye,,SD_minus_RW_of_PVT_minus_CloseEye
sub-003,posterior_alpha_sd_linear,PVT_minus_CloseEye,,SD_minus_RW_of_PVT_minus_CloseEye
sub-004,central_alpha_mean_db,PVT_minus_CloseEye,-0.4104273927835891,SD_minus_RW_of_PVT_minus_CloseEye
sub-004,central_alpha_mean_linear,PVT_minus_CloseEye,-5.567921899489726e-13,SD_minus_RW_of_PVT_minus_CloseEye
sub-004,central_alpha_n_epochs_used,PVT_minus_CloseEye,92.0,SD_minus_RW_of_PVT_minus_CloseEye
sub-004,central_alpha_sd_linear,PVT_minus_CloseEye,-1.0841137837476275e-12,SD_minus_RW_of_PVT_minus_CloseEye
sub-004,frontal_beta_mean_db,PVT_minus_CloseEye,-0.7770329054442158,SD_minus_RW_of_PVT_minus_CloseEye
sub-004,frontal_beta_mean_linear,PVT_minus_CloseEye,-5.184815360969055e-14,SD_minus_RW_of_PVT_minus_CloseEye
sub-004,frontal_beta_n_epochs_used,PVT_minus_CloseEye,92.0,SD_minus_RW_of_PVT_minus_CloseEye
sub-004,frontal_beta_sd_linear,PVT_minus_CloseEye,-3.252414379908072e-14,SD_minus_RW_of_PVT_minus_CloseEye
sub-004,frontal_theta_mean_db,PVT_minus_CloseEye,1.9831709252605378,SD_minus_RW_of_PVT_minus_CloseEye
sub-004,frontal_theta_mean_linear,PVT_minus_CloseEye,9.893944362082105e-13,SD_minus_RW_of_PVT_minus_CloseEye
sub-004,frontal_theta_n_epochs_used,PVT_minus_CloseEye,92.0,SD_minus_RW_of_PVT_minus_CloseEye
sub-004,frontal_theta_sd_linear,PVT_minus_CloseEye,6.497700947929805e-13,SD_minus_RW_of_PVT_minus_CloseEye
sub-004,frontocentral_theta_mean_db,PVT_minus_CloseEye,2.4926598009516,SD_minus_RW_of_PVT_minus_CloseEye
sub-004,frontocentral_theta_mean_linear,PVT_minus_CloseEye,8.57464133040819e-13,SD_minus_RW_of_PVT_minus_CloseEye
sub-004,frontocentral_theta_n_epochs_used,PVT_minus_CloseEye,92.0,SD_minus_RW_of_PVT_minus_CloseEye
sub-004,frontocentral_theta_sd_linear,PVT_minus_CloseEye,4.173987267232235e-13,SD_minus_RW_of_PVT_minus_CloseEye
sub-004,global_theta_alpha_ratio_cv_linear,PVT_minus_CloseEye,-0.12223276736292882,SD_minus_RW_of_PVT_minus_CloseEye
sub-004,global_theta_alpha_ratio_mean_linear,PVT_minus_CloseEye,0.3446963635917798,SD_minus_RW_of_PVT_minus_CloseEye
sub-004,global_theta_alpha_ratio_n_epochs_used,PVT_minus_CloseEye,92.0,SD_minus_RW_of_PVT_minus_CloseEye
sub-004,global_theta_alpha_ratio_sd_linear,PVT_minus_CloseEye,0.18150995445452348,SD_minus_RW_of_PVT_minus_CloseEye
sub-004,global_theta_mean_db,PVT_minus_CloseEye,2.0375220433800223,SD_minus_RW_of_PVT_minus_CloseEye
sub-004,global_theta_mean_linear,PVT_minus_CloseEye,9.904505683784247e-13,SD_minus_RW_of_PVT_minus_CloseEye
sub-004,global_theta_n_epochs_used,PVT_minus_CloseEye,92.0,SD_minus_RW_of_PVT_minus_CloseEye
sub-004,global_theta_sd_linear,PVT_minus_CloseEye,3.348034099636841e-13,SD_minus_RW_of_PVT_minus_CloseEye
sub-004,n_epochs_total,PVT_minus_CloseEye,92.0,SD_minus_RW_of_PVT_minus_CloseEye
sub-004,posterior_alpha_mean_db,PVT_minus_CloseEye,2.369890575726828,SD_minus_RW_of_PVT_minus_CloseEye
sub-004,posterior_alpha_mean_linear,PVT_minus_CloseEye,1.1002477268570338e-11,SD_minus_RW_of_PVT_minus_CloseEye
sub-004,posterior_alpha_n_epochs_used,PVT_minus_CloseEye,92.0,SD_minus_RW_of_PVT_minus_CloseEye
sub-004,posterior_alpha_sd_linear,PVT_minus_CloseEye,2.9592246924411196e-12,SD_minus_RW_of_PVT_minus_CloseEye
sub-005,central_alpha_mean_db,PVT_minus_CloseEye,8.288012716347296,SD_minus_RW_of_PVT_minus_CloseEye
sub-005,central_alpha_mean_linear,PVT_minus_CloseEye,3.795288081773755e-12,SD_minus_RW_of_PVT_minus_CloseEye
sub-005,central_alpha_n_epochs_used,PVT_minus_CloseEye,28.0,SD_minus_RW_of_PVT_minus_CloseEye
sub-005,central_alpha_sd_linear,PVT_minus_CloseEye,1.9988169037702173e-12,SD_minus_RW_of_PVT_minus_CloseEye
sub-005,frontal_beta_mean_db,PVT_minus_CloseEye,-1.0321134656381616,SD_minus_RW_of_PVT_minus_CloseEye
sub-005,frontal_beta_mean_linear,PVT_minus_CloseEye,-6.819603204097958e-14,SD_minus_RW_of_PVT_minus_CloseEye
sub-005,frontal_beta_n_epochs_used,PVT_minus_CloseEye,28.0,SD_minus_RW_of_PVT_minus_CloseEye
sub-005,frontal_beta_sd_linear,PVT_minus_CloseEye,-2.364338991490306e-14,SD_minus_RW_of_PVT_minus_CloseEye
sub-005,frontal_theta_mean_db,PVT_minus_CloseEye,-3.389370692173557,SD_minus_RW_of_PVT_minus_CloseEye
sub-005,frontal_theta_mean_linear,PVT_minus_CloseEye,-2.266059871047888e-12,SD_minus_RW_of_PVT_minus_CloseEye
sub-005,frontal_theta_n_epochs_used,PVT_minus_CloseEye,28.0,SD_minus_RW_of_PVT_minus_CloseEye
sub-005,frontal_theta_sd_linear,PVT_minus_CloseEye,-5.792901721079365e-12,SD_minus_RW_of_PVT_minus_CloseEye
sub-005,frontocentral_theta_mean_db,PVT_minus_CloseEye,-0.7591884682104393,SD_minus_RW_of_PVT_minus_CloseEye
sub-005,frontocentral_theta_mean_linear,PVT_minus_CloseEye,-5.94012908470147e-13,SD_minus_RW_of_PVT_minus_CloseEye
sub-005,frontocentral_theta_n_epochs_used,PVT_minus_CloseEye,28.0,SD_minus_RW_of_PVT_minus_CloseEye
sub-005,frontocentral_theta_sd_linear,PVT_minus_CloseEye,-2.9889047165241325e-12,SD_minus_RW_of_PVT_minus_CloseEye
sub-005,global_theta_alpha_ratio_cv_linear,PVT_minus_CloseEye,-0.3105495489254616,SD_minus_RW_of_PVT_minus_CloseEye
sub-005,global_theta_alpha_ratio_mean_linear,PVT_minus_CloseEye,-2.0006279190951908,SD_minus_RW_of_PVT_minus_CloseEye
sub-005,global_theta_alpha_ratio_n_epochs_used,PVT_minus_CloseEye,28.0,SD_minus_RW_of_PVT_minus_CloseEye
sub-005,global_theta_alpha_ratio_sd_linear,PVT_minus_CloseEye,-0.9004365295422829,SD_minus_RW_of_PVT_minus_CloseEye
sub-005,global_theta_mean_db,PVT_minus_CloseEye,-1.7494172060259672,SD_minus_RW_of_PVT_minus_CloseEye
sub-005,global_theta_mean_linear,PVT_minus_CloseEye,-1.1457083595194043e-12,SD_minus_RW_of_PVT_minus_CloseEye
sub-005,global_theta_n_epochs_used,PVT_minus_CloseEye,28.0,SD_minus_RW_of_PVT_minus_CloseEye
sub-005,global_theta_sd_linear,PVT_minus_CloseEye,-2.7481669873966564e-12,SD_minus_RW_of_PVT_minus_CloseEye
sub-005,n_epochs_total,PVT_minus_CloseEye,28.0,SD_minus_RW_of_PVT_minus_CloseEye
sub-005,posterior_alpha_mean_db,PVT_minus_CloseEye,8.546372739075721,SD_minus_RW_of_PVT_minus_CloseEye
sub-005,posterior_alpha_mean_linear,PVT_minus_CloseEye,8.70926502431868e-12,SD_minus_RW_of_PVT_minus_CloseEye
sub-005,posterior_alpha_n_epochs_used,PVT_minus_CloseEye,28.0,SD_minus_RW_of_PVT_minus_CloseEye
sub-005,posterior_alpha_sd_linear,PVT_minus_CloseEye,3.3726542331523417e-12,SD_minus_RW_of_PVT_minus_CloseEye
sub-006,central_alpha_mean_db,PVT_minus_CloseEye,2.115443858327424,SD_minus_RW_of_PVT_minus_CloseEye
sub-006,central_alpha_mean_linear,PVT_minus_CloseEye,3.33772448225956e-14,SD_minus_RW_of_PVT_minus_CloseEye
sub-006,central_alpha_n_epochs_used,PVT_minus_CloseEye,116.0,SD_minus_RW_of_PVT_minus_CloseEye
sub-006,central_alpha_sd_linear,PVT_minus_CloseEye,8.900674316766705e-14,SD_minus_RW_of_PVT_minus_CloseEye
sub-006,frontal_beta_mean_db,PVT_minus_CloseEye,-0.9310505137768388,SD_minus_RW_of_PVT_minus_CloseEye
sub-006,frontal_beta_mean_linear,PVT_minus_CloseEye,-5.734349889087768e-14,SD_minus_RW_of_PVT_minus_CloseEye
sub-006,frontal_beta_n_epochs_used,PVT_minus_CloseEye,116.0,SD_minus_RW_of_PVT_minus_CloseEye
sub-006,frontal_beta_sd_linear,PVT_minus_CloseEye,-7.152872052166502e-14,SD_minus_RW_of_PVT_minus_CloseEye
sub-006,frontal_theta_mean_db,PVT_minus_CloseEye,1.292463606720574,SD_minus_RW_of_PVT_minus_CloseEye
sub-006,frontal_theta_mean_linear,PVT_minus_CloseEye,1.902097995437034e-13,SD_minus_RW_of_PVT_minus_CloseEye
sub-006,frontal_theta_n_epochs_used,PVT_minus_CloseEye,116.0,SD_minus_RW_of_PVT_minus_CloseEye
sub-006,frontal_theta_sd_linear,PVT_minus_CloseEye,1.893358506575835e-13,SD_minus_RW_of_PVT_minus_CloseEye
sub-006,frontocentral_theta_mean_db,PVT_minus_CloseEye,1.1596632768200408,SD_minus_RW_of_PVT_minus_CloseEye
sub-006,frontocentral_theta_mean_linear,PVT_minus_CloseEye,1.3444180112045785e-13,SD_minus_RW_of_PVT_minus_CloseEye
sub-006,frontocentral_theta_n_epochs_used,PVT_minus_CloseEye,116.0,SD_minus_RW_of_PVT_minus_CloseEye
sub-006,frontocentral_theta_sd_linear,PVT_minus_CloseEye,1.4729357414830219e-13,SD_minus_RW_of_PVT_minus_CloseEye
sub-006,global_theta_alpha_ratio_cv_linear,PVT_minus_CloseEye,-0.29733488884279213,SD_minus_RW_of_PVT_minus_CloseEye
sub-006,global_theta_alpha_ratio_mean_linear,PVT_minus_CloseEye,0.15125083345442714,SD_minus_RW_of_PVT_minus_CloseEye
sub-006,global_theta_alpha_ratio_n_epochs_used,PVT_minus_CloseEye,116.0,SD_minus_RW_of_PVT_minus_CloseEye
sub-006,global_theta_alpha_ratio_sd_linear,PVT_minus_CloseEye,0.09896148506012559,SD_minus_RW_of_PVT_minus_CloseEye
sub-006,global_theta_mean_db,PVT_minus_CloseEye,2.1138085629859518,SD_minus_RW_of_PVT_minus_CloseEye
sub-006,global_theta_mean_linear,PVT_minus_CloseEye,3.3814288131738105e-13,SD_minus_RW_of_PVT_minus_CloseEye
sub-006,global_theta_n_epochs_used,PVT_minus_CloseEye,116.0,SD_minus_RW_of_PVT_minus_CloseEye
sub-006,global_theta_sd_linear,PVT_minus_CloseEye,4.2403465063845734e-13,SD_minus_RW_of_PVT_minus_CloseEye
sub-006,n_epochs_total,PVT_minus_CloseEye,116.0,SD_minus_RW_of_PVT_minus_CloseEye
sub-006,posterior_alpha_mean_db,PVT_minus_CloseEye,1.2598135035820377,SD_minus_RW_of_PVT_minus_CloseEye
sub-006,posterior_alpha_mean_linear,PVT_minus_CloseEye,5.232047372466169e-13,SD_minus_RW_of_PVT_minus_CloseEye
sub-006,posterior_alpha_n_epochs_used,PVT_minus_CloseEye,116.0,SD_minus_RW_of_PVT_minus_CloseEye
sub-006,posterior_alpha_sd_linear,PVT_minus_CloseEye,-4.1829803723705716e-13,SD_minus_RW_of_PVT_minus_CloseEye
sub-008,central_alpha_mean_db,PVT_minus_CloseEye,,SD_minus_RW_of_PVT_minus_CloseEye
sub-008,central_alpha_mean_linear,PVT_minus_CloseEye,,SD_minus_RW_of_PVT_minus_CloseEye
sub-008,central_alpha_n_epochs_used,PVT_minus_CloseEye,,SD_minus_RW_of_PVT_minus_CloseEye
sub-008,central_alpha_sd_linear,PVT_minus_CloseEye,,SD_minus_RW_of_PVT_minus_CloseEye
sub-008,frontal_beta_mean_db,PVT_minus_CloseEye,,SD_minus_RW_of_PVT_minus_CloseEye
sub-008,frontal_beta_mean_linear,PVT_minus_CloseEye,,SD_minus_RW_of_PVT_minus_CloseEye
sub-008,frontal_beta_n_epochs_used,PVT_minus_CloseEye,,SD_minus_RW_of_PVT_minus_CloseEye
sub-008,frontal_beta_sd_linear,PVT_minus_CloseEye,,SD_minus_RW_of_PVT_minus_CloseEye
sub-008,frontal_theta_mean_db,PVT_minus_CloseEye,,SD_minus_RW_of_PVT_minus_CloseEye
sub-008,frontal_theta_mean_linear,PVT_minus_CloseEye,,SD_minus_RW_of_PVT_minus_CloseEye
sub-008,frontal_theta_n_epochs_used,PVT_minus_CloseEye,,SD_minus_RW_of_PVT_minus_CloseEye
sub-008,frontal_theta_sd_linear,PVT_minus_CloseEye,,SD_minus_RW_of_PVT_minus_CloseEye
sub-008,frontocentral_theta_mean_db,PVT_minus_CloseEye,,SD_minus_RW_of_PVT_minus_CloseEye
sub-008,frontocentral_theta_mean_linear,PVT_minus_CloseEye,,SD_minus_RW_of_PVT_minus_CloseEye
sub-008,frontocentral_theta_n_epochs_used,PVT_minus_CloseEye,,SD_minus_RW_of_PVT_minus_CloseEye
sub-008,frontocentral_theta_sd_linear,PVT_minus_CloseEye,,SD_minus_RW_of_PVT_minus_CloseEye
sub-008,global_theta_alpha_ratio_cv_linear,PVT_minus_CloseEye,,SD_minus_RW_of_PVT_minus_CloseEye
sub-008,global_theta_alpha_ratio_mean_linear,PVT_minus_CloseEye,,SD_minus_RW_of_PVT_minus_CloseEye
sub-008,global_theta_alpha_ratio_n_epochs_used,PVT_minus_CloseEye,,SD_minus_RW_of_PVT_minus_CloseEye
sub-008,global_theta_alpha_ratio_sd_linear,PVT_minus_CloseEye,,SD_minus_RW_of_PVT_minus_CloseEye
sub-008,global_theta_mean_db,PVT_minus_CloseEye,,SD_minus_RW_of_PVT_minus_CloseEye
sub-008,global_theta_mean_linear,PVT_minus_CloseEye,,SD_minus_RW_of_PVT_minus_CloseEye
sub-008,global_theta_n_epochs_used,PVT_minus_CloseEye,,SD_minus_RW_of_PVT_minus_CloseEye
sub-008,global_theta_sd_linear,PVT_minus_CloseEye,,SD_minus_RW_of_PVT_minus_CloseEye
sub-008,n_epochs_total,PVT_minus_CloseEye,,SD_minus_RW_of_PVT_minus_CloseEye
sub-008,posterior_alpha_mean_db,PVT_minus_CloseEye,,SD_minus_RW_of_PVT_minus_CloseEye
sub-008,posterior_alpha_mean_linear,PVT_minus_CloseEye,,SD_minus_RW_of_PVT_minus_CloseEye
sub-008,posterior_alpha_n_epochs_used,PVT_minus_CloseEye,,SD_minus_RW_of_PVT_minus_CloseEye
sub-008,posterior_alpha_sd_linear,PVT_minus_CloseEye,,SD_minus_RW_of_PVT_minus_CloseEye
sub-009,central_alpha_mean_db,PVT_minus_CloseEye,,SD_minus_RW_of_PVT_minus_CloseEye
sub-009,central_alpha_mean_linear,PVT_minus_CloseEye,,SD_minus_RW_of_PVT_minus_CloseEye
sub-009,central_alpha_n_epochs_used,PVT_minus_CloseEye,,SD_minus_RW_of_PVT_minus_CloseEye
sub-009,central_alpha_sd_linear,PVT_minus_CloseEye,,SD_minus_RW_of_PVT_minus_CloseEye
sub-009,frontal_beta_mean_db,PVT_minus_CloseEye,,SD_minus_RW_of_PVT_minus_CloseEye
sub-009,frontal_beta_mean_linear,PVT_minus_CloseEye,,SD_minus_RW_of_PVT_minus_CloseEye
sub-009,frontal_beta_n_epochs_used,PVT_minus_CloseEye,,SD_minus_RW_of_PVT_minus_CloseEye
sub-009,frontal_beta_sd_linear,PVT_minus_CloseEye,,SD_minus_RW_of_PVT_minus_CloseEye
sub-009,frontal_theta_mean_db,PVT_minus_CloseEye,,SD_minus_RW_of_PVT_minus_CloseEye
sub-009,frontal_theta_mean_linear,PVT_minus_CloseEye,,SD_minus_RW_of_PVT_minus_CloseEye
sub-009,frontal_theta_n_epochs_used,PVT_minus_CloseEye,,SD_minus_RW_of_PVT_minus_CloseEye
sub-009,frontal_theta_sd_linear,PVT_minus_CloseEye,,SD_minus_RW_of_PVT_minus_CloseEye
sub-009,frontocentral_theta_mean_db,PVT_minus_CloseEye,,SD_minus_RW_of_PVT_minus_CloseEye
sub-009,frontocentral_theta_mean_linear,PVT_minus_CloseEye,,SD_minus_RW_of_PVT_minus_CloseEye
sub-009,frontocentral_theta_n_epochs_used,PVT_minus_CloseEye,,SD_minus_RW_of_PVT_minus_CloseEye
sub-009,frontocentral_theta_sd_linear,PVT_minus_CloseEye,,SD_minus_RW_of_PVT_minus_CloseEye
sub-009,global_theta_alpha_ratio_cv_linear,PVT_minus_CloseEye,,SD_minus_RW_of_PVT_minus_CloseEye
sub-009,global_theta_alpha_ratio_mean_linear,PVT_minus_CloseEye,,SD_minus_RW_of_PVT_minus_CloseEye
sub-009,global_theta_alpha_ratio_n_epochs_used,PVT_minus_CloseEye,,SD_minus_RW_of_PVT_minus_CloseEye
sub-009,global_theta_alpha_ratio_sd_linear,PVT_minus_CloseEye,,SD_minus_RW_of_PVT_minus_CloseEye
sub-009,global_theta_mean_db,PVT_minus_CloseEye,,SD_minus_RW_of_PVT_minus_CloseEye
sub-009,global_theta_mean_linear,PVT_minus_CloseEye,,SD_minus_RW_of_PVT_minus_CloseEye
sub-009,global_theta_n_epochs_used,PVT_minus_CloseEye,,SD_minus_RW_of_PVT_minus_CloseEye
sub-009,global_theta_sd_linear,PVT_minus_CloseEye,,SD_minus_RW_of_PVT_minus_CloseEye
sub-009,n_epochs_total,PVT_minus_CloseEye,,SD_minus_RW_of_PVT_minus_CloseEye
sub-009,posterior_alpha_mean_db,PVT_minus_CloseEye,,SD_minus_RW_of_PVT_minus_CloseEye
sub-009,posterior_alpha_mean_linear,PVT_minus_CloseEye,,SD_minus_RW_of_PVT_minus_CloseEye
sub-009,posterior_alpha_n_epochs_used,PVT_minus_CloseEye,,SD_minus_RW_of_PVT_minus_CloseEye
sub-009,posterior_alpha_sd_linear,PVT_minus_CloseEye,,SD_minus_RW_of_PVT_minus_CloseEye
sub-011,central_alpha_mean_db,PVT_minus_CloseEye,10.73121192481544,SD_minus_RW_of_PVT_minus_CloseEye
sub-011,central_alpha_mean_linear,PVT_minus_CloseEye,1.81704569629844e-12,SD_minus_RW_of_PVT_minus_CloseEye
sub-011,central_alpha_n_epochs_used,PVT_minus_CloseEye,-229.0,SD_minus_RW_of_PVT_minus_CloseEye
sub-011,central_alpha_sd_linear,PVT_minus_CloseEye,,SD_minus_RW_of_PVT_minus_CloseEye
sub-011,frontal_beta_mean_db,PVT_minus_CloseEye,1.7220911117300943,SD_minus_RW_of_PVT_minus_CloseEye
sub-011,frontal_beta_mean_linear,PVT_minus_CloseEye,5.4853674408136433e-14,SD_minus_RW_of_PVT_minus_CloseEye
sub-011,frontal_beta_n_epochs_used,PVT_minus_CloseEye,-229.0,SD_minus_RW_of_PVT_minus_CloseEye
sub-011,frontal_beta_sd_linear,PVT_minus_CloseEye,,SD_minus_RW_of_PVT_minus_CloseEye
sub-011,frontal_theta_mean_db,PVT_minus_CloseEye,0.5205422179796386,SD_minus_RW_of_PVT_minus_CloseEye
sub-011,frontal_theta_mean_linear,PVT_minus_CloseEye,-1.2924969107159514e-14,SD_minus_RW_of_PVT_minus_CloseEye
sub-011,frontal_theta_n_epochs_used,PVT_minus_CloseEye,-229.0,SD_minus_RW_of_PVT_minus_CloseEye
sub-011,frontal_theta_sd_linear,PVT_minus_CloseEye,,SD_minus_RW_of_PVT_minus_CloseEye
sub-011,frontocentral_theta_mean_db,PVT_minus_CloseEye,1.2415714269731808,SD_minus_RW_of_PVT_minus_CloseEye
sub-011,frontocentral_theta_mean_linear,PVT_minus_CloseEye,4.405191677342769e-14,SD_minus_RW_of_PVT_minus_CloseEye
sub-011,frontocentral_theta_n_epochs_used,PVT_minus_CloseEye,-229.0,SD_minus_RW_of_PVT_minus_CloseEye
sub-011,frontocentral_theta_sd_linear,PVT_minus_CloseEye,,SD_minus_RW_of_PVT_minus_CloseEye
sub-011,global_theta_alpha_ratio_cv_linear,PVT_minus_CloseEye,,SD_minus_RW_of_PVT_minus_CloseEye
sub-011,global_theta_alpha_ratio_mean_linear,PVT_minus_CloseEye,-0.8080071450210385,SD_minus_RW_of_PVT_minus_CloseEye
sub-011,global_theta_alpha_ratio_n_epochs_used,PVT_minus_CloseEye,-229.0,SD_minus_RW_of_PVT_minus_CloseEye
sub-011,global_theta_alpha_ratio_sd_linear,PVT_minus_CloseEye,,SD_minus_RW_of_PVT_minus_CloseEye
sub-011,global_theta_mean_db,PVT_minus_CloseEye,2.500813370237438,SD_minus_RW_of_PVT_minus_CloseEye
sub-011,global_theta_mean_linear,PVT_minus_CloseEye,3.028645034120811e-13,SD_minus_RW_of_PVT_minus_CloseEye
sub-011,global_theta_n_epochs_used,PVT_minus_CloseEye,-229.0,SD_minus_RW_of_PVT_minus_CloseEye
sub-011,global_theta_sd_linear,PVT_minus_CloseEye,,SD_minus_RW_of_PVT_minus_CloseEye
sub-011,n_epochs_total,PVT_minus_CloseEye,-229.0,SD_minus_RW_of_PVT_minus_CloseEye
sub-011,posterior_alpha_mean_db,PVT_minus_CloseEye,8.685620632079335,SD_minus_RW_of_PVT_minus_CloseEye
sub-011,posterior_alpha_mean_linear,PVT_minus_CloseEye,1.3960632733662834e-11,SD_minus_RW_of_PVT_minus_CloseEye
sub-011,posterior_alpha_n_epochs_used,PVT_minus_CloseEye,-229.0,SD_minus_RW_of_PVT_minus_CloseEye
sub-011,posterior_alpha_sd_linear,PVT_minus_CloseEye,,SD_minus_RW_of_PVT_minus_CloseEye
sub-012,central_alpha_mean_db,PVT_minus_CloseEye,,SD_minus_RW_of_PVT_minus_CloseEye
sub-012,central_alpha_mean_linear,PVT_minus_CloseEye,,SD_minus_RW_of_PVT_minus_CloseEye
sub-012,central_alpha_n_epochs_used,PVT_minus_CloseEye,,SD_minus_RW_of_PVT_minus_CloseEye
sub-012,central_alpha_sd_linear,PVT_minus_CloseEye,,SD_minus_RW_of_PVT_minus_CloseEye
sub-012,frontal_beta_mean_db,PVT_minus_CloseEye,,SD_minus_RW_of_PVT_minus_CloseEye
sub-012,frontal_beta_mean_linear,PVT_minus_CloseEye,,SD_minus_RW_of_PVT_minus_CloseEye
sub-012,frontal_beta_n_epochs_used,PVT_minus_CloseEye,,SD_minus_RW_of_PVT_minus_CloseEye
sub-012,frontal_beta_sd_linear,PVT_minus_CloseEye,,SD_minus_RW_of_PVT_minus_CloseEye
sub-012,frontal_theta_mean_db,PVT_minus_CloseEye,,SD_minus_RW_of_PVT_minus_CloseEye
sub-012,frontal_theta_mean_linear,PVT_minus_CloseEye,,SD_minus_RW_of_PVT_minus_CloseEye
sub-012,frontal_theta_n_epochs_used,PVT_minus_CloseEye,,SD_minus_RW_of_PVT_minus_CloseEye
sub-012,frontal_theta_sd_linear,PVT_minus_CloseEye,,SD_minus_RW_of_PVT_minus_CloseEye
sub-012,frontocentral_theta_mean_db,PVT_minus_CloseEye,,SD_minus_RW_of_PVT_minus_CloseEye
sub-012,frontocentral_theta_mean_linear,PVT_minus_CloseEye,,SD_minus_RW_of_PVT_minus_CloseEye
sub-012,frontocentral_theta_n_epochs_used,PVT_minus_CloseEye,,SD_minus_RW_of_PVT_minus_CloseEye
sub-012,frontocentral_theta_sd_linear,PVT_minus_CloseEye,,SD_minus_RW_of_PVT_minus_CloseEye
sub-012,global_theta_alpha_ratio_cv_linear,PVT_minus_CloseEye,,SD_minus_RW_of_PVT_minus_CloseEye
sub-012,global_theta_alpha_ratio_mean_linear,PVT_minus_CloseEye,,SD_minus_RW_of_PVT_minus_CloseEye
sub-012,global_theta_alpha_ratio_n_epochs_used,PVT_minus_CloseEye,,SD_minus_RW_of_PVT_minus_CloseEye
sub-012,global_theta_alpha_ratio_sd_linear,PVT_minus_CloseEye,,SD_minus_RW_of_PVT_minus_CloseEye
sub-012,global_theta_mean_db,PVT_minus_CloseEye,,SD_minus_RW_of_PVT_minus_CloseEye
sub-012,global_theta_mean_linear,PVT_minus_CloseEye,,SD_minus_RW_of_PVT_minus_CloseEye
sub-012,global_theta_n_epochs_used,PVT_minus_CloseEye,,SD_minus_RW_of_PVT_minus_CloseEye
sub-012,global_theta_sd_linear,PVT_minus_CloseEye,,SD_minus_RW_of_PVT_minus_CloseEye
sub-012,n_epochs_total,PVT_minus_CloseEye,,SD_minus_RW_of_PVT_minus_CloseEye
sub-012,posterior_alpha_mean_db,PVT_minus_CloseEye,,SD_minus_RW_of_PVT_minus_CloseEye
sub-012,posterior_alpha_mean_linear,PVT_minus_CloseEye,,SD_minus_RW_of_PVT_minus_CloseEye
sub-012,posterior_alpha_n_epochs_used,PVT_minus_CloseEye,,SD_minus_RW_of_PVT_minus_CloseEye
sub-012,posterior_alpha_sd_linear,PVT_minus_CloseEye,,SD_minus_RW_of_PVT_minus_CloseEye
sub-013,central_alpha_mean_db,PVT_minus_CloseEye,0.9523514244303612,SD_minus_RW_of_PVT_minus_CloseEye
sub-013,central_alpha_mean_linear,PVT_minus_CloseEye,4.466030581624826e-14,SD_minus_RW_of_PVT_minus_CloseEye
sub-013,central_alpha_n_epochs_used,PVT_minus_CloseEye,44.0,SD_minus_RW_of_PVT_minus_CloseEye
sub-013,central_alpha_sd_linear,PVT_minus_CloseEye,2.185914913584712e-13,SD_minus_RW_of_PVT_minus_CloseEye
sub-013,frontal_beta_mean_db,PVT_minus_CloseEye,0.4921111864208285,SD_minus_RW_of_PVT_minus_CloseEye
sub-013,frontal_beta_mean_linear,PVT_minus_CloseEye,4.1665978961987846e-14,SD_minus_RW_of_PVT_minus_CloseEye
sub-013,frontal_beta_n_epochs_used,PVT_minus_CloseEye,44.0,SD_minus_RW_of_PVT_minus_CloseEye
sub-013,frontal_beta_sd_linear,PVT_minus_CloseEye,5.858053903355304e-14,SD_minus_RW_of_PVT_minus_CloseEye
sub-013,frontal_theta_mean_db,PVT_minus_CloseEye,-4.702693357843671,SD_minus_RW_of_PVT_minus_CloseEye
sub-013,frontal_theta_mean_linear,PVT_minus_CloseEye,-8.418287432531748e-13,SD_minus_RW_of_PVT_minus_CloseEye
sub-013,frontal_theta_n_epochs_used,PVT_minus_CloseEye,44.0,SD_minus_RW_of_PVT_minus_CloseEye
sub-013,frontal_theta_sd_linear,PVT_minus_CloseEye,-1.1273624936828115e-12,SD_minus_RW_of_PVT_minus_CloseEye
sub-013,frontocentral_theta_mean_db,PVT_minus_CloseEye,-4.2743705851148235,SD_minus_RW_of_PVT_minus_CloseEye
sub-013,frontocentral_theta_mean_linear,PVT_minus_CloseEye,-6.279858804085428e-13,SD_minus_RW_of_PVT_minus_CloseEye
sub-013,frontocentral_theta_n_epochs_used,PVT_minus_CloseEye,44.0,SD_minus_RW_of_PVT_minus_CloseEye
sub-013,frontocentral_theta_sd_linear,PVT_minus_CloseEye,-9.044412647348582e-13,SD_minus_RW_of_PVT_minus_CloseEye
sub-013,global_theta_alpha_ratio_cv_linear,PVT_minus_CloseEye,0.26391512438754294,SD_minus_RW_of_PVT_minus_CloseEye
sub-013,global_theta_alpha_ratio_mean_linear,PVT_minus_CloseEye,-0.8210324023372981,SD_minus_RW_of_PVT_minus_CloseEye
sub-013,global_theta_alpha_ratio_n_epochs_used,PVT_minus_CloseEye,44.0,SD_minus_RW_of_PVT_minus_CloseEye
sub-013,global_theta_alpha_ratio_sd_linear,PVT_minus_CloseEye,0.13425519161294175,SD_minus_RW_of_PVT_minus_CloseEye
sub-013,global_theta_mean_db,PVT_minus_CloseEye,-3.2306291671409184,SD_minus_RW_of_PVT_minus_CloseEye
sub-013,global_theta_mean_linear,PVT_minus_CloseEye,-5.132964566017887e-13,SD_minus_RW_of_PVT_minus_CloseEye
sub-013,global_theta_n_epochs_used,PVT_minus_CloseEye,44.0,SD_minus_RW_of_PVT_minus_CloseEye
sub-013,global_theta_sd_linear,PVT_minus_CloseEye,-3.365115173952022e-13,SD_minus_RW_of_PVT_minus_CloseEye
sub-013,n_epochs_total,PVT_minus_CloseEye,44.0,SD_minus_RW_of_PVT_minus_CloseEye
sub-013,posterior_alpha_mean_db,PVT_minus_CloseEye,-1.0476644876772383,SD_minus_RW_of_PVT_minus_CloseEye
sub-013,posterior_alpha_mean_linear,PVT_minus_CloseEye,-2.370114902453822e-13,SD_minus_RW_of_PVT_minus_CloseEye
sub-013,posterior_alpha_n_epochs_used,PVT_minus_CloseEye,44.0,SD_minus_RW_of_PVT_minus_CloseEye
sub-013,posterior_alpha_sd_linear,PVT_minus_CloseEye,-3.272317152516157e-14,SD_minus_RW_of_PVT_minus_CloseEye
sub-014,central_alpha_mean_db,PVT_minus_CloseEye,,SD_minus_RW_of_PVT_minus_CloseEye
sub-014,central_alpha_mean_linear,PVT_minus_CloseEye,,SD_minus_RW_of_PVT_minus_CloseEye
sub-014,central_alpha_n_epochs_used,PVT_minus_CloseEye,,SD_minus_RW_of_PVT_minus_CloseEye
sub-014,central_alpha_sd_linear,PVT_minus_CloseEye,,SD_minus_RW_of_PVT_minus_CloseEye
sub-014,frontal_beta_mean_db,PVT_minus_CloseEye,,SD_minus_RW_of_PVT_minus_CloseEye
sub-014,frontal_beta_mean_linear,PVT_minus_CloseEye,,SD_minus_RW_of_PVT_minus_CloseEye
sub-014,frontal_beta_n_epochs_used,PVT_minus_CloseEye,,SD_minus_RW_of_PVT_minus_CloseEye
sub-014,frontal_beta_sd_linear,PVT_minus_CloseEye,,SD_minus_RW_of_PVT_minus_CloseEye
sub-014,frontal_theta_mean_db,PVT_minus_CloseEye,,SD_minus_RW_of_PVT_minus_CloseEye
sub-014,frontal_theta_mean_linear,PVT_minus_CloseEye,,SD_minus_RW_of_PVT_minus_CloseEye
sub-014,frontal_theta_n_epochs_used,PVT_minus_CloseEye,,SD_minus_RW_of_PVT_minus_CloseEye
sub-014,frontal_theta_sd_linear,PVT_minus_CloseEye,,SD_minus_RW_of_PVT_minus_CloseEye
sub-014,frontocentral_theta_mean_db,PVT_minus_CloseEye,,SD_minus_RW_of_PVT_minus_CloseEye
sub-014,frontocentral_theta_mean_linear,PVT_minus_CloseEye,,SD_minus_RW_of_PVT_minus_CloseEye
sub-014,frontocentral_theta_n_epochs_used,PVT_minus_CloseEye,,SD_minus_RW_of_PVT_minus_CloseEye
sub-014,frontocentral_theta_sd_linear,PVT_minus_CloseEye,,SD_minus_RW_of_PVT_minus_CloseEye
sub-014,global_theta_alpha_ratio_cv_linear,PVT_minus_CloseEye,,SD_minus_RW_of_PVT_minus_CloseEye
sub-014,global_theta_alpha_ratio_mean_linear,PVT_minus_CloseEye,,SD_minus_RW_of_PVT_minus_CloseEye
sub-014,global_theta_alpha_ratio_n_epochs_used,PVT_minus_CloseEye,,SD_minus_RW_of_PVT_minus_CloseEye
sub-014,global_theta_alpha_ratio_sd_linear,PVT_minus_CloseEye,,SD_minus_RW_of_PVT_minus_CloseEye
sub-014,global_theta_mean_db,PVT_minus_CloseEye,,SD_minus_RW_of_PVT_minus_CloseEye
sub-014,global_theta_mean_linear,PVT_minus_CloseEye,,SD_minus_RW_of_PVT_minus_CloseEye
sub-014,global_theta_n_epochs_used,PVT_minus_CloseEye,,SD_minus_RW_of_PVT_minus_CloseEye
sub-014,global_theta_sd_linear,PVT_minus_CloseEye,,SD_minus_RW_of_PVT_minus_CloseEye
sub-014,n_epochs_total,PVT_minus_CloseEye,,SD_minus_RW_of_PVT_minus_CloseEye
sub-014,posterior_alpha_mean_db,PVT_minus_CloseEye,,SD_minus_RW_of_PVT_minus_CloseEye
sub-014,posterior_alpha_mean_linear,PVT_minus_CloseEye,,SD_minus_RW_of_PVT_minus_CloseEye
sub-014,posterior_alpha_n_epochs_used,PVT_minus_CloseEye,,SD_minus_RW_of_PVT_minus_CloseEye
sub-014,posterior_alpha_sd_linear,PVT_minus_CloseEye,,SD_minus_RW_of_PVT_minus_CloseEye
sub-015,central_alpha_mean_db,PVT_minus_CloseEye,5.520734683371273,SD_minus_RW_of_PVT_minus_CloseEye
sub-015,central_alpha_mean_linear,PVT_minus_CloseEye,1.3727004023090058e-12,SD_minus_RW_of_PVT_minus_CloseEye
sub-015,central_alpha_n_epochs_used,PVT_minus_CloseEye,61.0,SD_minus_RW_of_PVT_minus_CloseEye
sub-015,central_alpha_sd_linear,PVT_minus_CloseEye,9.43769298372502e-13,SD_minus_RW_of_PVT_minus_CloseEye
sub-015,frontal_beta_mean_db,PVT_minus_CloseEye,1.2213223475498296,SD_minus_RW_of_PVT_minus_CloseEye
sub-015,frontal_beta_mean_linear,PVT_minus_CloseEye,8.845771534782659e-14,SD_minus_RW_of_PVT_minus_CloseEye
sub-015,frontal_beta_n_epochs_used,PVT_minus_CloseEye,61.0,SD_minus_RW_of_PVT_minus_CloseEye
sub-015,frontal_beta_sd_linear,PVT_minus_CloseEye,6.26791048366673e-14,SD_minus_RW_of_PVT_minus_CloseEye
sub-015,frontal_theta_mean_db,PVT_minus_CloseEye,-0.023551278958223065,SD_minus_RW_of_PVT_minus_CloseEye
sub-015,frontal_theta_mean_linear,PVT_minus_CloseEye,3.553514099340204e-13,SD_minus_RW_of_PVT_minus_CloseEye
sub-015,frontal_theta_n_epochs_used,PVT_minus_CloseEye,61.0,SD_minus_RW_of_PVT_minus_CloseEye
sub-015,frontal_theta_sd_linear,PVT_minus_CloseEye,3.2355313950252373e-12,SD_minus_RW_of_PVT_minus_CloseEye
sub-015,frontocentral_theta_mean_db,PVT_minus_CloseEye,-0.10028446909429078,SD_minus_RW_of_PVT_minus_CloseEye
sub-015,frontocentral_theta_mean_linear,PVT_minus_CloseEye,3.335656127158247e-14,SD_minus_RW_of_PVT_minus_CloseEye
sub-015,frontocentral_theta_n_epochs_used,PVT_minus_CloseEye,61.0,SD_minus_RW_of_PVT_minus_CloseEye
sub-015,frontocentral_theta_sd_linear,PVT_minus_CloseEye,1.1694123698318302e-12,SD_minus_RW_of_PVT_minus_CloseEye
sub-015,global_theta_alpha_ratio_cv_linear,PVT_minus_CloseEye,1.118587887311161,SD_minus_RW_of_PVT_minus_CloseEye
sub-015,global_theta_alpha_ratio_mean_linear,PVT_minus_CloseEye,-1.2801784515482761,SD_minus_RW_of_PVT_minus_CloseEye
sub-015,global_theta_alpha_ratio_n_epochs_used,PVT_minus_CloseEye,61.0,SD_minus_RW_of_PVT_minus_CloseEye
sub-015,global_theta_alpha_ratio_sd_linear,PVT_minus_CloseEye,0.23410362343346824,SD_minus_RW_of_PVT_minus_CloseEye
sub-015,global_theta_mean_db,PVT_minus_CloseEye,-0.9560394692068996,SD_minus_RW_of_PVT_minus_CloseEye
sub-015,global_theta_mean_linear,PVT_minus_CloseEye,-1.0937851387502251e-13,SD_minus_RW_of_PVT_minus_CloseEye
sub-015,global_theta_n_epochs_used,PVT_minus_CloseEye,61.0,SD_minus_RW_of_PVT_minus_CloseEye
sub-015,global_theta_sd_linear,PVT_minus_CloseEye,8.219369806000943e-13,SD_minus_RW_of_PVT_minus_CloseEye
sub-015,n_epochs_total,PVT_minus_CloseEye,61.0,SD_minus_RW_of_PVT_minus_CloseEye
sub-015,posterior_alpha_mean_db,PVT_minus_CloseEye,12.78611323779586,SD_minus_RW_of_PVT_minus_CloseEye
sub-015,posterior_alpha_mean_linear,PVT_minus_CloseEye,1.587750832867742e-11,SD_minus_RW_of_PVT_minus_CloseEye
sub-015,posterior_alpha_n_epochs_used,PVT_minus_CloseEye,61.0,SD_minus_RW_of_PVT_minus_CloseEye
sub-015,posterior_alpha_sd_linear,PVT_minus_CloseEye,1.571626847395269e-11,SD_minus_RW_of_PVT_minus_CloseEye
sub-016,central_alpha_mean_db,PVT_minus_CloseEye,7.017935910001782,SD_minus_RW_of_PVT_minus_CloseEye
sub-016,central_alpha_mean_linear,PVT_minus_CloseEye,1.5588828866475576e-12,SD_minus_RW_of_PVT_minus_CloseEye
sub-016,central_alpha_n_epochs_used,PVT_minus_CloseEye,123.0,SD_minus_RW_of_PVT_minus_CloseEye
sub-016,central_alpha_sd_linear,PVT_minus_CloseEye,,SD_minus_RW_of_PVT_minus_CloseEye
sub-016,frontal_beta_mean_db,PVT_minus_CloseEye,0.5893079687651266,SD_minus_RW_of_PVT_minus_CloseEye
sub-016,frontal_beta_mean_linear,PVT_minus_CloseEye,3.2608266168592244e-14,SD_minus_RW_of_PVT_minus_CloseEye
sub-016,frontal_beta_n_epochs_used,PVT_minus_CloseEye,123.0,SD_minus_RW_of_PVT_minus_CloseEye
sub-016,frontal_beta_sd_linear,PVT_minus_CloseEye,,SD_minus_RW_of_PVT_minus_CloseEye
sub-016,frontal_theta_mean_db,PVT_minus_CloseEye,-0.5085520308123961,SD_minus_RW_of_PVT_minus_CloseEye
sub-016,frontal_theta_mean_linear,PVT_minus_CloseEye,-9.179435862585704e-14,SD_minus_RW_of_PVT_minus_CloseEye
sub-016,frontal_theta_n_epochs_used,PVT_minus_CloseEye,123.0,SD_minus_RW_of_PVT_minus_CloseEye
sub-016,frontal_theta_sd_linear,PVT_minus_CloseEye,,SD_minus_RW_of_PVT_minus_CloseEye
sub-016,frontocentral_theta_mean_db,PVT_minus_CloseEye,0.537328927465154,SD_minus_RW_of_PVT_minus_CloseEye
sub-016,frontocentral_theta_mean_linear,PVT_minus_CloseEye,1.1858750737159146e-13,SD_minus_RW_of_PVT_minus_CloseEye
sub-016,frontocentral_theta_n_epochs_used,PVT_minus_CloseEye,123.0,SD_minus_RW_of_PVT_minus_CloseEye
sub-016,frontocentral_theta_sd_linear,PVT_minus_CloseEye,,SD_minus_RW_of_PVT_minus_CloseEye
sub-016,global_theta_alpha_ratio_cv_linear,PVT_minus_CloseEye,,SD_minus_RW_of_PVT_minus_CloseEye
sub-016,global_theta_alpha_ratio_mean_linear,PVT_minus_CloseEye,-1.6978907978918156,SD_minus_RW_of_PVT_minus_CloseEye
sub-016,global_theta_alpha_ratio_n_epochs_used,PVT_minus_CloseEye,123.0,SD_minus_RW_of_PVT_minus_CloseEye
sub-016,global_theta_alpha_ratio_sd_linear,PVT_minus_CloseEye,,SD_minus_RW_of_PVT_minus_CloseEye
sub-016,global_theta_mean_db,PVT_minus_CloseEye,-0.7506539497975808,SD_minus_RW_of_PVT_minus_CloseEye
sub-016,global_theta_mean_linear,PVT_minus_CloseEye,-9.52810630829116e-14,SD_minus_RW_of_PVT_minus_CloseEye
sub-016,global_theta_n_epochs_used,PVT_minus_CloseEye,123.0,SD_minus_RW_of_PVT_minus_CloseEye
sub-016,global_theta_sd_linear,PVT_minus_CloseEye,,SD_minus_RW_of_PVT_minus_CloseEye
sub-016,n_epochs_total,PVT_minus_CloseEye,123.0,SD_minus_RW_of_PVT_minus_CloseEye
sub-016,posterior_alpha_mean_db,PVT_minus_CloseEye,11.832680080946773,SD_minus_RW_of_PVT_minus_CloseEye
sub-016,posterior_alpha_mean_linear,PVT_minus_CloseEye,4.059850804023256e-12,SD_minus_RW_of_PVT_minus_CloseEye
sub-016,posterior_alpha_n_epochs_used,PVT_minus_CloseEye,123.0,SD_minus_RW_of_PVT_minus_CloseEye
sub-016,posterior_alpha_sd_linear,PVT_minus_CloseEye,,SD_minus_RW_of_PVT_minus_CloseEye
sub-017,central_alpha_mean_db,PVT_minus_CloseEye,8.63806128152855,SD_minus_RW_of_PVT_minus_CloseEye
sub-017,central_alpha_mean_linear,PVT_minus_CloseEye,7.081831004023545e-12,SD_minus_RW_of_PVT_minus_CloseEye
sub-017,central_alpha_n_epochs_used,PVT_minus_CloseEye,306.0,SD_minus_RW_of_PVT_minus_CloseEye
sub-017,central_alpha_sd_linear,PVT_minus_CloseEye,,SD_minus_RW_of_PVT_minus_CloseEye
sub-017,frontal_beta_mean_db,PVT_minus_CloseEye,-0.3995127590580836,SD_minus_RW_of_PVT_minus_CloseEye
sub-017,frontal_beta_mean_linear,PVT_minus_CloseEye,-1.545766067173307e-14,SD_minus_RW_of_PVT_minus_CloseEye
sub-017,frontal_beta_n_epochs_used,PVT_minus_CloseEye,306.0,SD_minus_RW_of_PVT_minus_CloseEye
sub-017,frontal_beta_sd_linear,PVT_minus_CloseEye,,SD_minus_RW_of_PVT_minus_CloseEye
sub-017,frontal_theta_mean_db,PVT_minus_CloseEye,8.077957381476438,SD_minus_RW_of_PVT_minus_CloseEye
sub-017,frontal_theta_mean_linear,PVT_minus_CloseEye,7.7618296444069e-12,SD_minus_RW_of_PVT_minus_CloseEye
sub-017,frontal_theta_n_epochs_used,PVT_minus_CloseEye,306.0,SD_minus_RW_of_PVT_minus_CloseEye
sub-017,frontal_theta_sd_linear,PVT_minus_CloseEye,,SD_minus_RW_of_PVT_minus_CloseEye
sub-017,frontocentral_theta_mean_db,PVT_minus_CloseEye,5.841102308209827,SD_minus_RW_of_PVT_minus_CloseEye
sub-017,frontocentral_theta_mean_linear,PVT_minus_CloseEye,3.4583957721109116e-12,SD_minus_RW_of_PVT_minus_CloseEye
sub-017,frontocentral_theta_n_epochs_used,PVT_minus_CloseEye,306.0,SD_minus_RW_of_PVT_minus_CloseEye
sub-017,frontocentral_theta_sd_linear,PVT_minus_CloseEye,,SD_minus_RW_of_PVT_minus_CloseEye
sub-017,global_theta_alpha_ratio_cv_linear,PVT_minus_CloseEye,,SD_minus_RW_of_PVT_minus_CloseEye
sub-017,global_theta_alpha_ratio_mean_linear,PVT_minus_CloseEye,-2.721743633226837,SD_minus_RW_of_PVT_minus_CloseEye
sub-017,global_theta_alpha_ratio_n_epochs_used,PVT_minus_CloseEye,306.0,SD_minus_RW_of_PVT_minus_CloseEye
sub-017,global_theta_alpha_ratio_sd_linear,PVT_minus_CloseEye,,SD_minus_RW_of_PVT_minus_CloseEye
sub-017,global_theta_mean_db,PVT_minus_CloseEye,8.563431204363269,SD_minus_RW_of_PVT_minus_CloseEye
sub-017,global_theta_mean_linear,PVT_minus_CloseEye,7.329771108552294e-12,SD_minus_RW_of_PVT_minus_CloseEye
sub-017,global_theta_n_epochs_used,PVT_minus_CloseEye,306.0,SD_minus_RW_of_PVT_minus_CloseEye
sub-017,global_theta_sd_linear,PVT_minus_CloseEye,,SD_minus_RW_of_PVT_minus_CloseEye
sub-017,n_epochs_total,PVT_minus_CloseEye,306.0,SD_minus_RW_of_PVT_minus_CloseEye
sub-017,posterior_alpha_mean_db,PVT_minus_CloseEye,16.595964018354906,SD_minus_RW_of_PVT_minus_CloseEye
sub-017,posterior_alpha_mean_linear,PVT_minus_CloseEye,3.700081321854943e-11,SD_minus_RW_of_PVT_minus_CloseEye
sub-017,posterior_alpha_n_epochs_used,PVT_minus_CloseEye,306.0,SD_minus_RW_of_PVT_minus_CloseEye
sub-017,posterior_alpha_sd_linear,PVT_minus_CloseEye,,SD_minus_RW_of_PVT_minus_CloseEye
sub-018,central_alpha_mean_db,PVT_minus_CloseEye,2.085322379463065,SD_minus_RW_of_PVT_minus_CloseEye
sub-018,central_alpha_mean_linear,PVT_minus_CloseEye,5.678545511718741e-13,SD_minus_RW_of_PVT_minus_CloseEye
sub-018,central_alpha_n_epochs_used,PVT_minus_CloseEye,88.0,SD_minus_RW_of_PVT_minus_CloseEye
sub-018,central_alpha_sd_linear,PVT_minus_CloseEye,2.8601269989842117e-13,SD_minus_RW_of_PVT_minus_CloseEye
sub-018,frontal_beta_mean_db,PVT_minus_CloseEye,4.883858512596191,SD_minus_RW_of_PVT_minus_CloseEye
sub-018,frontal_beta_mean_linear,PVT_minus_CloseEye,3.729470460747041e-13,SD_minus_RW_of_PVT_minus_CloseEye
sub-018,frontal_beta_n_epochs_used,PVT_minus_CloseEye,88.0,SD_minus_RW_of_PVT_minus_CloseEye
sub-018,frontal_beta_sd_linear,PVT_minus_CloseEye,2.5087168107897766e-13,SD_minus_RW_of_PVT_minus_CloseEye
sub-018,frontal_theta_mean_db,PVT_minus_CloseEye,-5.5370441348177195,SD_minus_RW_of_PVT_minus_CloseEye
sub-018,frontal_theta_mean_linear,PVT_minus_CloseEye,-7.900226303036032e-13,SD_minus_RW_of_PVT_minus_CloseEye
sub-018,frontal_theta_n_epochs_used,PVT_minus_CloseEye,88.0,SD_minus_RW_of_PVT_minus_CloseEye
sub-018,frontal_theta_sd_linear,PVT_minus_CloseEye,-8.555319245367079e-13,SD_minus_RW_of_PVT_minus_CloseEye
sub-018,frontocentral_theta_mean_db,PVT_minus_CloseEye,-6.4852042123823,SD_minus_RW_of_PVT_minus_CloseEye
sub-018,frontocentral_theta_mean_linear,PVT_minus_CloseEye,-7.939932397132641e-13,SD_minus_RW_of_PVT_minus_CloseEye
sub-018,frontocentral_theta_n_epochs_used,PVT_minus_CloseEye,88.0,SD_minus_RW_of_PVT_minus_CloseEye
sub-018,frontocentral_theta_sd_linear,PVT_minus_CloseEye,-7.704690067491265e-13,SD_minus_RW_of_PVT_minus_CloseEye
sub-018,global_theta_alpha_ratio_cv_linear,PVT_minus_CloseEye,0.20201021529268715,SD_minus_RW_of_PVT_minus_CloseEye
sub-018,global_theta_alpha_ratio_mean_linear,PVT_minus_CloseEye,-2.3345330893444327,SD_minus_RW_of_PVT_minus_CloseEye
sub-018,global_theta_alpha_ratio_n_epochs_used,PVT_minus_CloseEye,88.0,SD_minus_RW_of_PVT_minus_CloseEye
sub-018,global_theta_alpha_ratio_sd_linear,PVT_minus_CloseEye,-1.3883945967606384,SD_minus_RW_of_PVT_minus_CloseEye
sub-018,global_theta_mean_db,PVT_minus_CloseEye,-5.61646804526417,SD_minus_RW_of_PVT_minus_CloseEye
sub-018,global_theta_mean_linear,PVT_minus_CloseEye,-9.98166423673182e-13,SD_minus_RW_of_PVT_minus_CloseEye
sub-018,global_theta_n_epochs_used,PVT_minus_CloseEye,88.0,SD_minus_RW_of_PVT_minus_CloseEye
sub-018,global_theta_sd_linear,PVT_minus_CloseEye,-1.0513550469892916e-12,SD_minus_RW_of_PVT_minus_CloseEye
sub-018,n_epochs_total,PVT_minus_CloseEye,88.0,SD_minus_RW_of_PVT_minus_CloseEye
sub-018,posterior_alpha_mean_db,PVT_minus_CloseEye,6.788466848120962,SD_minus_RW_of_PVT_minus_CloseEye
sub-018,posterior_alpha_mean_linear,PVT_minus_CloseEye,3.217693799195853e-12,SD_minus_RW_of_PVT_minus_CloseEye
sub-018,posterior_alpha_n_epochs_used,PVT_minus_CloseEye,88.0,SD_minus_RW_of_PVT_minus_CloseEye
sub-018,posterior_alpha_sd_linear,PVT_minus_CloseEye,1.838163886920169e-12,SD_minus_RW_of_PVT_minus_CloseEye
sub-019,central_alpha_mean_db,PVT_minus_CloseEye,5.148474824548899,SD_minus_RW_of_PVT_minus_CloseEye
sub-019,central_alpha_mean_linear,PVT_minus_CloseEye,1.9737704712220612e-12,SD_minus_RW_of_PVT_minus_CloseEye
sub-019,central_alpha_n_epochs_used,PVT_minus_CloseEye,210.0,SD_minus_RW_of_PVT_minus_CloseEye
sub-019,central_alpha_sd_linear,PVT_minus_CloseEye,1.959493567457243e-12,SD_minus_RW_of_PVT_minus_CloseEye
sub-019,frontal_beta_mean_db,PVT_minus_CloseEye,1.2039357539384241,SD_minus_RW_of_PVT_minus_CloseEye
sub-019,frontal_beta_mean_linear,PVT_minus_CloseEye,3.9593655102353746e-14,SD_minus_RW_of_PVT_minus_CloseEye
sub-019,frontal_beta_n_epochs_used,PVT_minus_CloseEye,210.0,SD_minus_RW_of_PVT_minus_CloseEye
sub-019,frontal_beta_sd_linear,PVT_minus_CloseEye,-9.491499837382144e-15,SD_minus_RW_of_PVT_minus_CloseEye
sub-019,frontal_theta_mean_db,PVT_minus_CloseEye,3.378591509161865,SD_minus_RW_of_PVT_minus_CloseEye
sub-019,frontal_theta_mean_linear,PVT_minus_CloseEye,2.4109675817012204e-12,SD_minus_RW_of_PVT_minus_CloseEye
sub-019,frontal_theta_n_epochs_used,PVT_minus_CloseEye,210.0,SD_minus_RW_of_PVT_minus_CloseEye
sub-019,frontal_theta_sd_linear,PVT_minus_CloseEye,4.9388581197593475e-12,SD_minus_RW_of_PVT_minus_CloseEye
sub-019,frontocentral_theta_mean_db,PVT_minus_CloseEye,2.7025830942219216,SD_minus_RW_of_PVT_minus_CloseEye
sub-019,frontocentral_theta_mean_linear,PVT_minus_CloseEye,9.135278982711691e-13,SD_minus_RW_of_PVT_minus_CloseEye
sub-019,frontocentral_theta_n_epochs_used,PVT_minus_CloseEye,210.0,SD_minus_RW_of_PVT_minus_CloseEye
sub-019,frontocentral_theta_sd_linear,PVT_minus_CloseEye,2.108525707127563e-12,SD_minus_RW_of_PVT_minus_CloseEye
sub-019,global_theta_alpha_ratio_cv_linear,PVT_minus_CloseEye,0.11331968406754178,SD_minus_RW_of_PVT_minus_CloseEye
sub-019,global_theta_alpha_ratio_mean_linear,PVT_minus_CloseEye,-1.4326226611150261,SD_minus_RW_of_PVT_minus_CloseEye
sub-019,global_theta_alpha_ratio_n_epochs_used,PVT_minus_CloseEye,210.0,SD_minus_RW_of_PVT_minus_CloseEye
sub-019,global_theta_alpha_ratio_sd_linear,PVT_minus_CloseEye,-0.7489485361888597,SD_minus_RW_of_PVT_minus_CloseEye
sub-019,global_theta_mean_db,PVT_minus_CloseEye,2.6075090326525157,SD_minus_RW_of_PVT_minus_CloseEye
sub-019,global_theta_mean_linear,PVT_minus_CloseEye,1.4154081620483966e-12,SD_minus_RW_of_PVT_minus_CloseEye
sub-019,global_theta_n_epochs_used,PVT_minus_CloseEye,210.0,SD_minus_RW_of_PVT_minus_CloseEye
sub-019,global_theta_sd_linear,PVT_minus_CloseEye,1.972323633091299e-12,SD_minus_RW_of_PVT_minus_CloseEye
sub-019,n_epochs_total,PVT_minus_CloseEye,210.0,SD_minus_RW_of_PVT_minus_CloseEye
sub-019,posterior_alpha_mean_db,PVT_minus_CloseEye,11.032191979371092,SD_minus_RW_of_PVT_minus_CloseEye
sub-019,posterior_alpha_mean_linear,PVT_minus_CloseEye,1.924164459430773e-11,SD_minus_RW_of_PVT_minus_CloseEye
sub-019,posterior_alpha_n_epochs_used,PVT_minus_CloseEye,210.0,SD_minus_RW_of_PVT_minus_CloseEye
sub-019,posterior_alpha_sd_linear,PVT_minus_CloseEye,2.0159516157782143e-11,SD_minus_RW_of_PVT_minus_CloseEye
sub-020,central_alpha_mean_db,PVT_minus_CloseEye,7.055408076114702,SD_minus_RW_of_PVT_minus_CloseEye
sub-020,central_alpha_mean_linear,PVT_minus_CloseEye,2.2690590602023692e-12,SD_minus_RW_of_PVT_minus_CloseEye
sub-020,central_alpha_n_epochs_used,PVT_minus_CloseEye,17.0,SD_minus_RW_of_PVT_minus_CloseEye
sub-020,central_alpha_sd_linear,PVT_minus_CloseEye,1.119625796199787e-12,SD_minus_RW_of_PVT_minus_CloseEye
sub-020,frontal_beta_mean_db,PVT_minus_CloseEye,1.4671410333832995,SD_minus_RW_of_PVT_minus_CloseEye
sub-020,frontal_beta_mean_linear,PVT_minus_CloseEye,1.6808402566356145e-13,SD_minus_RW_of_PVT_minus_CloseEye
sub-020,frontal_beta_n_epochs_used,PVT_minus_CloseEye,17.0,SD_minus_RW_of_PVT_minus_CloseEye
sub-020,frontal_beta_sd_linear,PVT_minus_CloseEye,-1.1985139500707647e-13,SD_minus_RW_of_PVT_minus_CloseEye
sub-020,frontal_theta_mean_db,PVT_minus_CloseEye,-4.267944195448948,SD_minus_RW_of_PVT_minus_CloseEye
sub-020,frontal_theta_mean_linear,PVT_minus_CloseEye,-3.1365221449012907e-12,SD_minus_RW_of_PVT_minus_CloseEye
sub-020,frontal_theta_n_epochs_used,PVT_minus_CloseEye,17.0,SD_minus_RW_of_PVT_minus_CloseEye
sub-020,frontal_theta_sd_linear,PVT_minus_CloseEye,-4.923096662899162e-12,SD_minus_RW_of_PVT_minus_CloseEye
sub-020,frontocentral_theta_mean_db,PVT_minus_CloseEye,-4.484733435682514,SD_minus_RW_of_PVT_minus_CloseEye
sub-020,frontocentral_theta_mean_linear,PVT_minus_CloseEye,-3.533504221763545e-12,SD_minus_RW_of_PVT_minus_CloseEye
sub-020,frontocentral_theta_n_epochs_used,PVT_minus_CloseEye,17.0,SD_minus_RW_of_PVT_minus_CloseEye
sub-020,frontocentral_theta_sd_linear,PVT_minus_CloseEye,-7.046745527089228e-12,SD_minus_RW_of_PVT_minus_CloseEye
sub-020,global_theta_alpha_ratio_cv_linear,PVT_minus_CloseEye,0.2952662405146938,SD_minus_RW_of_PVT_minus_CloseEye
sub-020,global_theta_alpha_ratio_mean_linear,PVT_minus_CloseEye,-3.428325848531026,SD_minus_RW_of_PVT_minus_CloseEye
sub-020,global_theta_alpha_ratio_n_epochs_used,PVT_minus_CloseEye,17.0,SD_minus_RW_of_PVT_minus_CloseEye
sub-020,global_theta_alpha_ratio_sd_linear,PVT_minus_CloseEye,-1.7780231374850524,SD_minus_RW_of_PVT_minus_CloseEye
sub-020,global_theta_mean_db,PVT_minus_CloseEye,-1.4295420382760113,SD_minus_RW_of_PVT_minus_CloseEye
sub-020,global_theta_mean_linear,PVT_minus_CloseEye,-1.1925020246961074e-12,SD_minus_RW_of_PVT_minus_CloseEye
sub-020,global_theta_n_epochs_used,PVT_minus_CloseEye,17.0,SD_minus_RW_of_PVT_minus_CloseEye
sub-020,global_theta_sd_linear,PVT_minus_CloseEye,-2.1063797410236222e-12,SD_minus_RW_of_PVT_minus_CloseEye
sub-020,n_epochs_total,PVT_minus_CloseEye,17.0,SD_minus_RW_of_PVT_minus_CloseEye
sub-020,posterior_alpha_mean_db,PVT_minus_CloseEye,14.655613476638493,SD_minus_RW_of_PVT_minus_CloseEye
sub-020,posterior_alpha_mean_linear,PVT_minus_CloseEye,1.367314114840649e-11,SD_minus_RW_of_PVT_minus_CloseEye
sub-020,posterior_alpha_n_epochs_used,PVT_minus_CloseEye,17.0,SD_minus_RW_of_PVT_minus_CloseEye
sub-020,posterior_alpha_sd_linear,PVT_minus_CloseEye,9.520919648008882e-12,SD_minus_RW_of_PVT_minus_CloseEye
sub-021,central_alpha_mean_db,PVT_minus_CloseEye,5.809039202596708,SD_minus_RW_of_PVT_minus_CloseEye
sub-021,central_alpha_mean_linear,PVT_minus_CloseEye,3.840619224834385e-12,SD_minus_RW_of_PVT_minus_CloseEye
sub-021,central_alpha_n_epochs_used,PVT_minus_CloseEye,254.0,SD_minus_RW_of_PVT_minus_CloseEye
sub-021,central_alpha_sd_linear,PVT_minus_CloseEye,,SD_minus_RW_of_PVT_minus_CloseEye
sub-021,frontal_beta_mean_db,PVT_minus_CloseEye,-5.655853708956954,SD_minus_RW_of_PVT_minus_CloseEye
sub-021,frontal_beta_mean_linear,PVT_minus_CloseEye,-1.2278579969133033e-12,SD_minus_RW_of_PVT_minus_CloseEye
sub-021,frontal_beta_n_epochs_used,PVT_minus_CloseEye,254.0,SD_minus_RW_of_PVT_minus_CloseEye
sub-021,frontal_beta_sd_linear,PVT_minus_CloseEye,,SD_minus_RW_of_PVT_minus_CloseEye
sub-021,frontal_theta_mean_db,PVT_minus_CloseEye,0.044041945287006,SD_minus_RW_of_PVT_minus_CloseEye
sub-021,frontal_theta_mean_linear,PVT_minus_CloseEye,-5.220324333228871e-14,SD_minus_RW_of_PVT_minus_CloseEye
sub-021,frontal_theta_n_epochs_used,PVT_minus_CloseEye,254.0,SD_minus_RW_of_PVT_minus_CloseEye
sub-021,frontal_theta_sd_linear,PVT_minus_CloseEye,,SD_minus_RW_of_PVT_minus_CloseEye
sub-021,frontocentral_theta_mean_db,PVT_minus_CloseEye,1.347951271278177,SD_minus_RW_of_PVT_minus_CloseEye
sub-021,frontocentral_theta_mean_linear,PVT_minus_CloseEye,5.493974677362819e-13,SD_minus_RW_of_PVT_minus_CloseEye
sub-021,frontocentral_theta_n_epochs_used,PVT_minus_CloseEye,254.0,SD_minus_RW_of_PVT_minus_CloseEye
sub-021,frontocentral_theta_sd_linear,PVT_minus_CloseEye,,SD_minus_RW_of_PVT_minus_CloseEye
sub-021,global_theta_alpha_ratio_cv_linear,PVT_minus_CloseEye,,SD_minus_RW_of_PVT_minus_CloseEye
sub-021,global_theta_alpha_ratio_mean_linear,PVT_minus_CloseEye,-0.5689774224073688,SD_minus_RW_of_PVT_minus_CloseEye
sub-021,global_theta_alpha_ratio_n_epochs_used,PVT_minus_CloseEye,254.0,SD_minus_RW_of_PVT_minus_CloseEye
sub-021,global_theta_alpha_ratio_sd_linear,PVT_minus_CloseEye,,SD_minus_RW_of_PVT_minus_CloseEye
sub-021,global_theta_mean_db,PVT_minus_CloseEye,1.8461766843303309,SD_minus_RW_of_PVT_minus_CloseEye
sub-021,global_theta_mean_linear,PVT_minus_CloseEye,4.637003178249571e-13,SD_minus_RW_of_PVT_minus_CloseEye
sub-021,global_theta_n_epochs_used,PVT_minus_CloseEye,254.0,SD_minus_RW_of_PVT_minus_CloseEye
sub-021,global_theta_sd_linear,PVT_minus_CloseEye,,SD_minus_RW_of_PVT_minus_CloseEye
sub-021,n_epochs_total,PVT_minus_CloseEye,254.0,SD_minus_RW_of_PVT_minus_CloseEye
sub-021,posterior_alpha_mean_db,PVT_minus_CloseEye,9.191807618135599,SD_minus_RW_of_PVT_minus_CloseEye
sub-021,posterior_alpha_mean_linear,PVT_minus_CloseEye,1.6484482248393876e-11,SD_minus_RW_of_PVT_minus_CloseEye
sub-021,posterior_alpha_n_epochs_used,PVT_minus_CloseEye,254.0,SD_minus_RW_of_PVT_minus_CloseEye
sub-021,posterior_alpha_sd_linear,PVT_minus_CloseEye,,SD_minus_RW_of_PVT_minus_CloseEye
sub-022,central_alpha_mean_db,PVT_minus_CloseEye,7.326755770442787,SD_minus_RW_of_PVT_minus_CloseEye
sub-022,central_alpha_mean_linear,PVT_minus_CloseEye,3.5768369939522905e-13,SD_minus_RW_of_PVT_minus_CloseEye
sub-022,central_alpha_n_epochs_used,PVT_minus_CloseEye,-322.0,SD_minus_RW_of_PVT_minus_CloseEye
sub-022,central_alpha_sd_linear,PVT_minus_CloseEye,,SD_minus_RW_of_PVT_minus_CloseEye
sub-022,frontal_beta_mean_db,PVT_minus_CloseEye,2.202320547742559,SD_minus_RW_of_PVT_minus_CloseEye
sub-022,frontal_beta_mean_linear,PVT_minus_CloseEye,1.0600139369303672e-13,SD_minus_RW_of_PVT_minus_CloseEye
sub-022,frontal_beta_n_epochs_used,PVT_minus_CloseEye,-322.0,SD_minus_RW_of_PVT_minus_CloseEye
sub-022,frontal_beta_sd_linear,PVT_minus_CloseEye,,SD_minus_RW_of_PVT_minus_CloseEye
sub-022,frontal_theta_mean_db,PVT_minus_CloseEye,0.5486790644622488,SD_minus_RW_of_PVT_minus_CloseEye
sub-022,frontal_theta_mean_linear,PVT_minus_CloseEye,1.377071194274397e-13,SD_minus_RW_of_PVT_minus_CloseEye
sub-022,frontal_theta_n_epochs_used,PVT_minus_CloseEye,-322.0,SD_minus_RW_of_PVT_minus_CloseEye
sub-022,frontal_theta_sd_linear,PVT_minus_CloseEye,,SD_minus_RW_of_PVT_minus_CloseEye
sub-022,frontocentral_theta_mean_db,PVT_minus_CloseEye,1.2328205480163348,SD_minus_RW_of_PVT_minus_CloseEye
sub-022,frontocentral_theta_mean_linear,PVT_minus_CloseEye,1.661197748467885e-13,SD_minus_RW_of_PVT_minus_CloseEye
sub-022,frontocentral_theta_n_epochs_used,PVT_minus_CloseEye,-322.0,SD_minus_RW_of_PVT_minus_CloseEye
sub-022,frontocentral_theta_sd_linear,PVT_minus_CloseEye,,SD_minus_RW_of_PVT_minus_CloseEye
sub-022,global_theta_alpha_ratio_cv_linear,PVT_minus_CloseEye,,SD_minus_RW_of_PVT_minus_CloseEye
sub-022,global_theta_alpha_ratio_mean_linear,PVT_minus_CloseEye,-0.9626683441515287,SD_minus_RW_of_PVT_minus_CloseEye
sub-022,global_theta_alpha_ratio_n_epochs_used,PVT_minus_CloseEye,-322.0,SD_minus_RW_of_PVT_minus_CloseEye
sub-022,global_theta_alpha_ratio_sd_linear,PVT_minus_CloseEye,,SD_minus_RW_of_PVT_minus_CloseEye
sub-022,global_theta_mean_db,PVT_minus_CloseEye,2.104033850264017,SD_minus_RW_of_PVT_minus_CloseEye
sub-022,global_theta_mean_linear,PVT_minus_CloseEye,7.613227581784173e-13,SD_minus_RW_of_PVT_minus_CloseEye
sub-022,global_theta_n_epochs_used,PVT_minus_CloseEye,-322.0,SD_minus_RW_of_PVT_minus_CloseEye
sub-022,global_theta_sd_linear,PVT_minus_CloseEye,,SD_minus_RW_of_PVT_minus_CloseEye
sub-022,n_epochs_total,PVT_minus_CloseEye,-322.0,SD_minus_RW_of_PVT_minus_CloseEye
sub-022,posterior_alpha_mean_db,PVT_minus_CloseEye,10.385771114874458,SD_minus_RW_of_PVT_minus_CloseEye
sub-022,posterior_alpha_mean_linear,PVT_minus_CloseEye,1.5411354625122084e-11,SD_minus_RW_of_PVT_minus_CloseEye
sub-022,posterior_alpha_n_epochs_used,PVT_minus_CloseEye,-322.0,SD_minus_RW_of_PVT_minus_CloseEye
sub-022,posterior_alpha_sd_linear,PVT_minus_CloseEye,,SD_minus_RW_of_PVT_minus_CloseEye
sub-023,central_alpha_mean_db,PVT_minus_CloseEye,9.835126971935622,SD_minus_RW_of_PVT_minus_CloseEye
sub-023,central_alpha_mean_linear,PVT_minus_CloseEye,8.65637870571352e-12,SD_minus_RW_of_PVT_minus_CloseEye
sub-023,central_alpha_n_epochs_used,PVT_minus_CloseEye,-316.0,SD_minus_RW_of_PVT_minus_CloseEye
sub-023,central_alpha_sd_linear,PVT_minus_CloseEye,3.352237843117726e-12,SD_minus_RW_of_PVT_minus_CloseEye
sub-023,frontal_beta_mean_db,PVT_minus_CloseEye,1.1662071091262334,SD_minus_RW_of_PVT_minus_CloseEye
sub-023,frontal_beta_mean_linear,PVT_minus_CloseEye,2.3979807003677915e-13,SD_minus_RW_of_PVT_minus_CloseEye
sub-023,frontal_beta_n_epochs_used,PVT_minus_CloseEye,-316.0,SD_minus_RW_of_PVT_minus_CloseEye
sub-023,frontal_beta_sd_linear,PVT_minus_CloseEye,-4.270528787649961e-13,SD_minus_RW_of_PVT_minus_CloseEye
sub-023,frontal_theta_mean_db,PVT_minus_CloseEye,-3.526252713766368,SD_minus_RW_of_PVT_minus_CloseEye
sub-023,frontal_theta_mean_linear,PVT_minus_CloseEye,-2.2970070080141277e-12,SD_minus_RW_of_PVT_minus_CloseEye
sub-023,frontal_theta_n_epochs_used,PVT_minus_CloseEye,-316.0,SD_minus_RW_of_PVT_minus_CloseEye
sub-023,frontal_theta_sd_linear,PVT_minus_CloseEye,-3.550576035890003e-12,SD_minus_RW_of_PVT_minus_CloseEye
sub-023,frontocentral_theta_mean_db,PVT_minus_CloseEye,-5.946516503980959,SD_minus_RW_of_PVT_minus_CloseEye
sub-023,frontocentral_theta_mean_linear,PVT_minus_CloseEye,-3.718927050773631e-12,SD_minus_RW_of_PVT_minus_CloseEye
sub-023,frontocentral_theta_n_epochs_used,PVT_minus_CloseEye,-316.0,SD_minus_RW_of_PVT_minus_CloseEye
sub-023,frontocentral_theta_sd_linear,PVT_minus_CloseEye,-6.94471193735247e-12,SD_minus_RW_of_PVT_minus_CloseEye
sub-023,global_theta_alpha_ratio_cv_linear,PVT_minus_CloseEye,0.4265003281354476,SD_minus_RW_of_PVT_minus_CloseEye
sub-023,global_theta_alpha_ratio_mean_linear,PVT_minus_CloseEye,-2.064717854243657,SD_minus_RW_of_PVT_minus_CloseEye
sub-023,global_theta_alpha_ratio_n_epochs_used,PVT_minus_CloseEye,-316.0,SD_minus_RW_of_PVT_minus_CloseEye
sub-023,global_theta_alpha_ratio_sd_linear,PVT_minus_CloseEye,-1.050005415940829,SD_minus_RW_of_PVT_minus_CloseEye
sub-023,global_theta_mean_db,PVT_minus_CloseEye,-1.7807983356945414,SD_minus_RW_of_PVT_minus_CloseEye
sub-023,global_theta_mean_linear,PVT_minus_CloseEye,-8.606007799543284e-13,SD_minus_RW_of_PVT_minus_CloseEye
sub-023,global_theta_n_epochs_used,PVT_minus_CloseEye,-316.0,SD_minus_RW_of_PVT_minus_CloseEye
sub-023,global_theta_sd_linear,PVT_minus_CloseEye,-1.165775519306042e-12,SD_minus_RW_of_PVT_minus_CloseEye
sub-023,n_epochs_total,PVT_minus_CloseEye,-316.0,SD_minus_RW_of_PVT_minus_CloseEye
sub-023,posterior_alpha_mean_db,PVT_minus_CloseEye,9.867816983299306,SD_minus_RW_of_PVT_minus_CloseEye
sub-023,posterior_alpha_mean_linear,PVT_minus_CloseEye,3.099580629470139e-11,SD_minus_RW_of_PVT_minus_CloseEye
sub-023,posterior_alpha_n_epochs_used,PVT_minus_CloseEye,-316.0,SD_minus_RW_of_PVT_minus_CloseEye
sub-023,posterior_alpha_sd_linear,PVT_minus_CloseEye,9.932939927125075e-12,SD_minus_RW_of_PVT_minus_CloseEye
sub-024,central_alpha_mean_db,PVT_minus_CloseEye,-5.169710452566093,SD_minus_RW_of_PVT_minus_CloseEye
sub-024,central_alpha_mean_linear,PVT_minus_CloseEye,-3.9293878766477307e-13,SD_minus_RW_of_PVT_minus_CloseEye
sub-024,central_alpha_n_epochs_used,PVT_minus_CloseEye,171.0,SD_minus_RW_of_PVT_minus_CloseEye
sub-024,central_alpha_sd_linear,PVT_minus_CloseEye,,SD_minus_RW_of_PVT_minus_CloseEye
sub-024,frontal_beta_mean_db,PVT_minus_CloseEye,-13.777391991600282,SD_minus_RW_of_PVT_minus_CloseEye
sub-024,frontal_beta_mean_linear,PVT_minus_CloseEye,-5.867755109160862e-13,SD_minus_RW_of_PVT_minus_CloseEye
sub-024,frontal_beta_n_epochs_used,PVT_minus_CloseEye,171.0,SD_minus_RW_of_PVT_minus_CloseEye
sub-024,frontal_beta_sd_linear,PVT_minus_CloseEye,,SD_minus_RW_of_PVT_minus_CloseEye
sub-024,frontal_theta_mean_db,PVT_minus_CloseEye,-6.439791100422667,SD_minus_RW_of_PVT_minus_CloseEye
sub-024,frontal_theta_mean_linear,PVT_minus_CloseEye,-2.4049640215720563e-12,SD_minus_RW_of_PVT_minus_CloseEye
sub-024,frontal_theta_n_epochs_used,PVT_minus_CloseEye,171.0,SD_minus_RW_of_PVT_minus_CloseEye
sub-024,frontal_theta_sd_linear,PVT_minus_CloseEye,,SD_minus_RW_of_PVT_minus_CloseEye
sub-024,frontocentral_theta_mean_db,PVT_minus_CloseEye,-7.518474041222589,SD_minus_RW_of_PVT_minus_CloseEye
sub-024,frontocentral_theta_mean_linear,PVT_minus_CloseEye,-2.3672164037909086e-12,SD_minus_RW_of_PVT_minus_CloseEye
sub-024,frontocentral_theta_n_epochs_used,PVT_minus_CloseEye,171.0,SD_minus_RW_of_PVT_minus_CloseEye
sub-024,frontocentral_theta_sd_linear,PVT_minus_CloseEye,,SD_minus_RW_of_PVT_minus_CloseEye
sub-024,global_theta_alpha_ratio_cv_linear,PVT_minus_CloseEye,,SD_minus_RW_of_PVT_minus_CloseEye
sub-024,global_theta_alpha_ratio_mean_linear,PVT_minus_CloseEye,0.7791544238730461,SD_minus_RW_of_PVT_minus_CloseEye
sub-024,global_theta_alpha_ratio_n_epochs_used,PVT_minus_CloseEye,171.0,SD_minus_RW_of_PVT_minus_CloseEye
sub-024,global_theta_alpha_ratio_sd_linear,PVT_minus_CloseEye,,SD_minus_RW_of_PVT_minus_CloseEye
sub-024,global_theta_mean_db,PVT_minus_CloseEye,-3.736579165145443,SD_minus_RW_of_PVT_minus_CloseEye
sub-024,global_theta_mean_linear,PVT_minus_CloseEye,-1.7182683375491774e-12,SD_minus_RW_of_PVT_minus_CloseEye
sub-024,global_theta_n_epochs_used,PVT_minus_CloseEye,171.0,SD_minus_RW_of_PVT_minus_CloseEye
sub-024,global_theta_sd_linear,PVT_minus_CloseEye,,SD_minus_RW_of_PVT_minus_CloseEye
sub-024,n_epochs_total,PVT_minus_CloseEye,171.0,SD_minus_RW_of_PVT_minus_CloseEye
sub-024,posterior_alpha_mean_db,PVT_minus_CloseEye,-2.786719710082224,SD_minus_RW_of_PVT_minus_CloseEye
sub-024,posterior_alpha_mean_linear,PVT_minus_CloseEye,-4.1945889154191303e-13,SD_minus_RW_of_PVT_minus_CloseEye
sub-024,posterior_alpha_n_epochs_used,PVT_minus_CloseEye,171.0,SD_minus_RW_of_PVT_minus_CloseEye
sub-024,posterior_alpha_sd_linear,PVT_minus_CloseEye,,SD_minus_RW_of_PVT_minus_CloseEye
sub-025,central_alpha_mean_db,PVT_minus_CloseEye,-0.24439613278016736,SD_minus_RW_of_PVT_minus_CloseEye
sub-025,central_alpha_mean_linear,PVT_minus_CloseEye,-3.152284656765771e-13,SD_minus_RW_of_PVT_minus_CloseEye
sub-025,central_alpha_n_epochs_used,PVT_minus_CloseEye,12.0,SD_minus_RW_of_PVT_minus_CloseEye
sub-025,central_alpha_sd_linear,PVT_minus_CloseEye,-1.0280862260483482e-12,SD_minus_RW_of_PVT_minus_CloseEye
sub-025,frontal_beta_mean_db,PVT_minus_CloseEye,2.474139956895243,SD_minus_RW_of_PVT_minus_CloseEye
sub-025,frontal_beta_mean_linear,PVT_minus_CloseEye,3.403897552088704e-13,SD_minus_RW_of_PVT_minus_CloseEye
sub-025,frontal_beta_n_epochs_used,PVT_minus_CloseEye,12.0,SD_minus_RW_of_PVT_minus_CloseEye
sub-025,frontal_beta_sd_linear,PVT_minus_CloseEye,1.7204326850170714e-13,SD_minus_RW_of_PVT_minus_CloseEye
sub-025,frontal_theta_mean_db,PVT_minus_CloseEye,-0.9850728486914875,SD_minus_RW_of_PVT_minus_CloseEye
sub-025,frontal_theta_mean_linear,PVT_minus_CloseEye,-5.706215285546596e-13,SD_minus_RW_of_PVT_minus_CloseEye
sub-025,frontal_theta_n_epochs_used,PVT_minus_CloseEye,12.0,SD_minus_RW_of_PVT_minus_CloseEye
sub-025,frontal_theta_sd_linear,PVT_minus_CloseEye,-5.864324025544456e-13,SD_minus_RW_of_PVT_minus_CloseEye
sub-025,frontocentral_theta_mean_db,PVT_minus_CloseEye,-1.7464342111540532,SD_minus_RW_of_PVT_minus_CloseEye
sub-025,frontocentral_theta_mean_linear,PVT_minus_CloseEye,-1.1481980345412642e-12,SD_minus_RW_of_PVT_minus_CloseEye
sub-025,frontocentral_theta_n_epochs_used,PVT_minus_CloseEye,12.0,SD_minus_RW_of_PVT_minus_CloseEye
sub-025,frontocentral_theta_sd_linear,PVT_minus_CloseEye,-2.2875959790874667e-12,SD_minus_RW_of_PVT_minus_CloseEye
sub-025,global_theta_alpha_ratio_cv_linear,PVT_minus_CloseEye,0.19376740543164095,SD_minus_RW_of_PVT_minus_CloseEye
sub-025,global_theta_alpha_ratio_mean_linear,PVT_minus_CloseEye,-0.57488134077549,SD_minus_RW_of_PVT_minus_CloseEye
sub-025,global_theta_alpha_ratio_n_epochs_used,PVT_minus_CloseEye,12.0,SD_minus_RW_of_PVT_minus_CloseEye
sub-025,global_theta_alpha_ratio_sd_linear,PVT_minus_CloseEye,0.05965722759311587,SD_minus_RW_of_PVT_minus_CloseEye
sub-025,global_theta_mean_db,PVT_minus_CloseEye,-2.5551674610712922,SD_minus_RW_of_PVT_minus_CloseEye
sub-025,global_theta_mean_linear,PVT_minus_CloseEye,-1.388222109215707e-12,SD_minus_RW_of_PVT_minus_CloseEye
sub-025,global_theta_n_epochs_used,PVT_minus_CloseEye,12.0,SD_minus_RW_of_PVT_minus_CloseEye
sub-025,global_theta_sd_linear,PVT_minus_CloseEye,-2.2940305396340904e-12,SD_minus_RW_of_PVT_minus_CloseEye
sub-025,n_epochs_total,PVT_minus_CloseEye,12.0,SD_minus_RW_of_PVT_minus_CloseEye
sub-025,posterior_alpha_mean_db,PVT_minus_CloseEye,2.0169660147278705,SD_minus_RW_of_PVT_minus_CloseEye
sub-025,posterior_alpha_mean_linear,PVT_minus_CloseEye,3.7061699639385793e-13,SD_minus_RW_of_PVT_minus_CloseEye
sub-025,posterior_alpha_n_epochs_used,PVT_minus_CloseEye,12.0,SD_minus_RW_of_PVT_minus_CloseEye
sub-025,posterior_alpha_sd_linear,PVT_minus_CloseEye,1.8909565274381575e-12,SD_minus_RW_of_PVT_minus_CloseEye
sub-026,central_alpha_mean_db,PVT_minus_CloseEye,6.810446675912132,SD_minus_RW_of_PVT_minus_CloseEye
sub-026,central_alpha_mean_linear,PVT_minus_CloseEye,1.5493219795371394e-12,SD_minus_RW_of_PVT_minus_CloseEye
sub-026,central_alpha_n_epochs_used,PVT_minus_CloseEye,72.0,SD_minus_RW_of_PVT_minus_CloseEye
sub-026,central_alpha_sd_linear,PVT_minus_CloseEye,8.867432971385065e-13,SD_minus_RW_of_PVT_minus_CloseEye
sub-026,frontal_beta_mean_db,PVT_minus_CloseEye,1.311139108686433,SD_minus_RW_of_PVT_minus_CloseEye
sub-026,frontal_beta_mean_linear,PVT_minus_CloseEye,2.9209743404163265e-14,SD_minus_RW_of_PVT_minus_CloseEye
sub-026,frontal_beta_n_epochs_used,PVT_minus_CloseEye,72.0,SD_minus_RW_of_PVT_minus_CloseEye
sub-026,frontal_beta_sd_linear,PVT_minus_CloseEye,-6.494226013401089e-15,SD_minus_RW_of_PVT_minus_CloseEye
sub-026,frontal_theta_mean_db,PVT_minus_CloseEye,2.113020387826168,SD_minus_RW_of_PVT_minus_CloseEye
sub-026,frontal_theta_mean_linear,PVT_minus_CloseEye,1.2158923904740584e-12,SD_minus_RW_of_PVT_minus_CloseEye
sub-026,frontal_theta_n_epochs_used,PVT_minus_CloseEye,72.0,SD_minus_RW_of_PVT_minus_CloseEye
sub-026,frontal_theta_sd_linear,PVT_minus_CloseEye,6.30164271738739e-13,SD_minus_RW_of_PVT_minus_CloseEye
sub-026,frontocentral_theta_mean_db,PVT_minus_CloseEye,1.99687145355567,SD_minus_RW_of_PVT_minus_CloseEye
sub-026,frontocentral_theta_mean_linear,PVT_minus_CloseEye,9.473028722723494e-13,SD_minus_RW_of_PVT_minus_CloseEye
sub-026,frontocentral_theta_n_epochs_used,PVT_minus_CloseEye,72.0,SD_minus_RW_of_PVT_minus_CloseEye
sub-026,frontocentral_theta_sd_linear,PVT_minus_CloseEye,2.2278945594749347e-13,SD_minus_RW_of_PVT_minus_CloseEye
sub-026,global_theta_alpha_ratio_cv_linear,PVT_minus_CloseEye,0.4702562880828072,SD_minus_RW_of_PVT_minus_CloseEye
sub-026,global_theta_alpha_ratio_mean_linear,PVT_minus_CloseEye,-0.322993418889999,SD_minus_RW_of_PVT_minus_CloseEye
sub-026,global_theta_alpha_ratio_n_epochs_used,PVT_minus_CloseEye,72.0,SD_minus_RW_of_PVT_minus_CloseEye
sub-026,global_theta_alpha_ratio_sd_linear,PVT_minus_CloseEye,-0.2620661173615617,SD_minus_RW_of_PVT_minus_CloseEye
sub-026,global_theta_mean_db,PVT_minus_CloseEye,0.8891151327940463,SD_minus_RW_of_PVT_minus_CloseEye
sub-026,global_theta_mean_linear,PVT_minus_CloseEye,7.841795473451697e-13,SD_minus_RW_of_PVT_minus_CloseEye
sub-026,global_theta_n_epochs_used,PVT_minus_CloseEye,72.0,SD_minus_RW_of_PVT_minus_CloseEye
sub-026,global_theta_sd_linear,PVT_minus_CloseEye,2.1817200085394878e-13,SD_minus_RW_of_PVT_minus_CloseEye
sub-026,n_epochs_total,PVT_minus_CloseEye,72.0,SD_minus_RW_of_PVT_minus_CloseEye
sub-026,posterior_alpha_mean_db,PVT_minus_CloseEye,6.381507602495375,SD_minus_RW_of_PVT_minus_CloseEye
sub-026,posterior_alpha_mean_linear,PVT_minus_CloseEye,4.4540844743721785e-12,SD_minus_RW_of_PVT_minus_CloseEye
sub-026,posterior_alpha_n_epochs_used,PVT_minus_CloseEye,72.0,SD_minus_RW_of_PVT_minus_CloseEye
sub-026,posterior_alpha_sd_linear,PVT_minus_CloseEye,8.428531956656471e-13,SD_minus_RW_of_PVT_minus_CloseEye
sub-027,central_alpha_mean_db,PVT_minus_CloseEye,2.129154413585468,SD_minus_RW_of_PVT_minus_CloseEye
sub-027,central_alpha_mean_linear,PVT_minus_CloseEye,2.885230511552912e-13,SD_minus_RW_of_PVT_minus_CloseEye
sub-027,central_alpha_n_epochs_used,PVT_minus_CloseEye,-83.0,SD_minus_RW_of_PVT_minus_CloseEye
sub-027,central_alpha_sd_linear,PVT_minus_CloseEye,3.263952537945434e-13,SD_minus_RW_of_PVT_minus_CloseEye
sub-027,frontal_beta_mean_db,PVT_minus_CloseEye,-3.9633978630083675,SD_minus_RW_of_PVT_minus_CloseEye
sub-027,frontal_beta_mean_linear,PVT_minus_CloseEye,-2.753364525800246e-13,SD_minus_RW_of_PVT_minus_CloseEye
sub-027,frontal_beta_n_epochs_used,PVT_minus_CloseEye,-83.0,SD_minus_RW_of_PVT_minus_CloseEye
sub-027,frontal_beta_sd_linear,PVT_minus_CloseEye,-5.061322952752924e-13,SD_minus_RW_of_PVT_minus_CloseEye
sub-027,frontal_theta_mean_db,PVT_minus_CloseEye,-2.424459875646974,SD_minus_RW_of_PVT_minus_CloseEye
sub-027,frontal_theta_mean_linear,PVT_minus_CloseEye,-8.043480976728523e-13,SD_minus_RW_of_PVT_minus_CloseEye
sub-027,frontal_theta_n_epochs_used,PVT_minus_CloseEye,-83.0,SD_minus_RW_of_PVT_minus_CloseEye
sub-027,frontal_theta_sd_linear,PVT_minus_CloseEye,-1.289100564812207e-12,SD_minus_RW_of_PVT_minus_CloseEye
sub-027,frontocentral_theta_mean_db,PVT_minus_CloseEye,-3.2309396438426177,SD_minus_RW_of_PVT_minus_CloseEye
sub-027,frontocentral_theta_mean_linear,PVT_minus_CloseEye,-7.598650349752844e-13,SD_minus_RW_of_PVT_minus_CloseEye
sub-027,frontocentral_theta_n_epochs_used,PVT_minus_CloseEye,-83.0,SD_minus_RW_of_PVT_minus_CloseEye
sub-027,frontocentral_theta_sd_linear,PVT_minus_CloseEye,-2.0797756476933493e-12,SD_minus_RW_of_PVT_minus_CloseEye
sub-027,global_theta_alpha_ratio_cv_linear,PVT_minus_CloseEye,0.7504969327479167,SD_minus_RW_of_PVT_minus_CloseEye
sub-027,global_theta_alpha_ratio_mean_linear,PVT_minus_CloseEye,-0.3686892345209438,SD_minus_RW_of_PVT_minus_CloseEye
sub-027,global_theta_alpha_ratio_n_epochs_used,PVT_minus_CloseEye,-83.0,SD_minus_RW_of_PVT_minus_CloseEye
sub-027,global_theta_alpha_ratio_sd_linear,PVT_minus_CloseEye,0.7387729611942618,SD_minus_RW_of_PVT_minus_CloseEye
sub-027,global_theta_mean_db,PVT_minus_CloseEye,-3.1574553651741013,SD_minus_RW_of_PVT_minus_CloseEye
sub-027,global_theta_mean_linear,PVT_minus_CloseEye,-6.275530607278192e-13,SD_minus_RW_of_PVT_minus_CloseEye
sub-027,global_theta_n_epochs_used,PVT_minus_CloseEye,-83.0,SD_minus_RW_of_PVT_minus_CloseEye
sub-027,global_theta_sd_linear,PVT_minus_CloseEye,-8.167437255124152e-13,SD_minus_RW_of_PVT_minus_CloseEye
sub-027,n_epochs_total,PVT_minus_CloseEye,-83.0,SD_minus_RW_of_PVT_minus_CloseEye
sub-027,posterior_alpha_mean_db,PVT_minus_CloseEye,6.206477917930769,SD_minus_RW_of_PVT_minus_CloseEye
sub-027,posterior_alpha_mean_linear,PVT_minus_CloseEye,1.845916050702872e-12,SD_minus_RW_of_PVT_minus_CloseEye
sub-027,posterior_alpha_n_epochs_used,PVT_minus_CloseEye,-83.0,SD_minus_RW_of_PVT_minus_CloseEye
sub-027,posterior_alpha_sd_linear,PVT_minus_CloseEye,2.8644603162686125e-12,SD_minus_RW_of_PVT_minus_CloseEye
sub-028,central_alpha_mean_db,PVT_minus_CloseEye,,SD_minus_RW_of_PVT_minus_CloseEye
sub-028,central_alpha_mean_linear,PVT_minus_CloseEye,,SD_minus_RW_of_PVT_minus_CloseEye
sub-028,central_alpha_n_epochs_used,PVT_minus_CloseEye,,SD_minus_RW_of_PVT_minus_CloseEye
sub-028,central_alpha_sd_linear,PVT_minus_CloseEye,,SD_minus_RW_of_PVT_minus_CloseEye
sub-028,frontal_beta_mean_db,PVT_minus_CloseEye,,SD_minus_RW_of_PVT_minus_CloseEye
sub-028,frontal_beta_mean_linear,PVT_minus_CloseEye,,SD_minus_RW_of_PVT_minus_CloseEye
sub-028,frontal_beta_n_epochs_used,PVT_minus_CloseEye,,SD_minus_RW_of_PVT_minus_CloseEye
sub-028,frontal_beta_sd_linear,PVT_minus_CloseEye,,SD_minus_RW_of_PVT_minus_CloseEye
sub-028,frontal_theta_mean_db,PVT_minus_CloseEye,,SD_minus_RW_of_PVT_minus_CloseEye
sub-028,frontal_theta_mean_linear,PVT_minus_CloseEye,,SD_minus_RW_of_PVT_minus_CloseEye
sub-028,frontal_theta_n_epochs_used,PVT_minus_CloseEye,,SD_minus_RW_of_PVT_minus_CloseEye
sub-028,frontal_theta_sd_linear,PVT_minus_CloseEye,,SD_minus_RW_of_PVT_minus_CloseEye
sub-028,frontocentral_theta_mean_db,PVT_minus_CloseEye,,SD_minus_RW_of_PVT_minus_CloseEye
sub-028,frontocentral_theta_mean_linear,PVT_minus_CloseEye,,SD_minus_RW_of_PVT_minus_CloseEye
sub-028,frontocentral_theta_n_epochs_used,PVT_minus_CloseEye,,SD_minus_RW_of_PVT_minus_CloseEye
sub-028,frontocentral_theta_sd_linear,PVT_minus_CloseEye,,SD_minus_RW_of_PVT_minus_CloseEye
sub-028,global_theta_alpha_ratio_cv_linear,PVT_minus_CloseEye,,SD_minus_RW_of_PVT_minus_CloseEye
sub-028,global_theta_alpha_ratio_mean_linear,PVT_minus_CloseEye,,SD_minus_RW_of_PVT_minus_CloseEye
sub-028,global_theta_alpha_ratio_n_epochs_used,PVT_minus_CloseEye,,SD_minus_RW_of_PVT_minus_CloseEye
sub-028,global_theta_alpha_ratio_sd_linear,PVT_minus_CloseEye,,SD_minus_RW_of_PVT_minus_CloseEye
sub-028,global_theta_mean_db,PVT_minus_CloseEye,,SD_minus_RW_of_PVT_minus_CloseEye
sub-028,global_theta_mean_linear,PVT_minus_CloseEye,,SD_minus_RW_of_PVT_minus_CloseEye
sub-028,global_theta_n_epochs_used,PVT_minus_CloseEye,,SD_minus_RW_of_PVT_minus_CloseEye
sub-028,global_theta_sd_linear,PVT_minus_CloseEye,,SD_minus_RW_of_PVT_minus_CloseEye
sub-028,n_epochs_total,PVT_minus_CloseEye,,SD_minus_RW_of_PVT_minus_CloseEye
sub-028,posterior_alpha_mean_db,PVT_minus_CloseEye,,SD_minus_RW_of_PVT_minus_CloseEye
sub-028,posterior_alpha_mean_linear,PVT_minus_CloseEye,,SD_minus_RW_of_PVT_minus_CloseEye
sub-028,posterior_alpha_n_epochs_used,PVT_minus_CloseEye,,SD_minus_RW_of_PVT_minus_CloseEye
sub-028,posterior_alpha_sd_linear,PVT_minus_CloseEye,,SD_minus_RW_of_PVT_minus_CloseEye
sub-029,central_alpha_mean_db,PVT_minus_CloseEye,5.790856920067327,SD_minus_RW_of_PVT_minus_CloseEye
sub-029,central_alpha_mean_linear,PVT_minus_CloseEye,6.296636145518961e-13,SD_minus_RW_of_PVT_minus_CloseEye
sub-029,central_alpha_n_epochs_used,PVT_minus_CloseEye,312.0,SD_minus_RW_of_PVT_minus_CloseEye
sub-029,central_alpha_sd_linear,PVT_minus_CloseEye,,SD_minus_RW_of_PVT_minus_CloseEye
sub-029,frontal_beta_mean_db,PVT_minus_CloseEye,1.0066060338211145,SD_minus_RW_of_PVT_minus_CloseEye
sub-029,frontal_beta_mean_linear,PVT_minus_CloseEye,4.026519946550604e-14,SD_minus_RW_of_PVT_minus_CloseEye
sub-029,frontal_beta_n_epochs_used,PVT_minus_CloseEye,312.0,SD_minus_RW_of_PVT_minus_CloseEye
sub-029,frontal_beta_sd_linear,PVT_minus_CloseEye,,SD_minus_RW_of_PVT_minus_CloseEye
sub-029,frontal_theta_mean_db,PVT_minus_CloseEye,-5.277008768534387,SD_minus_RW_of_PVT_minus_CloseEye
sub-029,frontal_theta_mean_linear,PVT_minus_CloseEye,-6.701844406135696e-13,SD_minus_RW_of_PVT_minus_CloseEye
sub-029,frontal_theta_n_epochs_used,PVT_minus_CloseEye,312.0,SD_minus_RW_of_PVT_minus_CloseEye
sub-029,frontal_theta_sd_linear,PVT_minus_CloseEye,,SD_minus_RW_of_PVT_minus_CloseEye
sub-029,frontocentral_theta_mean_db,PVT_minus_CloseEye,-1.2849557349773448,SD_minus_RW_of_PVT_minus_CloseEye
sub-029,frontocentral_theta_mean_linear,PVT_minus_CloseEye,-7.003709715781334e-14,SD_minus_RW_of_PVT_minus_CloseEye
sub-029,frontocentral_theta_n_epochs_used,PVT_minus_CloseEye,312.0,SD_minus_RW_of_PVT_minus_CloseEye
sub-029,frontocentral_theta_sd_linear,PVT_minus_CloseEye,,SD_minus_RW_of_PVT_minus_CloseEye
sub-029,global_theta_alpha_ratio_cv_linear,PVT_minus_CloseEye,,SD_minus_RW_of_PVT_minus_CloseEye
sub-029,global_theta_alpha_ratio_mean_linear,PVT_minus_CloseEye,-0.23098036818280554,SD_minus_RW_of_PVT_minus_CloseEye
sub-029,global_theta_alpha_ratio_n_epochs_used,PVT_minus_CloseEye,312.0,SD_minus_RW_of_PVT_minus_CloseEye
sub-029,global_theta_alpha_ratio_sd_linear,PVT_minus_CloseEye,,SD_minus_RW_of_PVT_minus_CloseEye
sub-029,global_theta_mean_db,PVT_minus_CloseEye,-3.0259527081271074,SD_minus_RW_of_PVT_minus_CloseEye
sub-029,global_theta_mean_linear,PVT_minus_CloseEye,-4.677812257008719e-13,SD_minus_RW_of_PVT_minus_CloseEye
sub-029,global_theta_n_epochs_used,PVT_minus_CloseEye,312.0,SD_minus_RW_of_PVT_minus_CloseEye
sub-029,global_theta_sd_linear,PVT_minus_CloseEye,,SD_minus_RW_of_PVT_minus_CloseEye
sub-029,n_epochs_total,PVT_minus_CloseEye,312.0,SD_minus_RW_of_PVT_minus_CloseEye
sub-029,posterior_alpha_mean_db,PVT_minus_CloseEye,-1.9832620584550256,SD_minus_RW_of_PVT_minus_CloseEye
sub-029,posterior_alpha_mean_linear,PVT_minus_CloseEye,8.161072182228998e-13,SD_minus_RW_of_PVT_minus_CloseEye
sub-029,posterior_alpha_n_epochs_used,PVT_minus_CloseEye,312.0,SD_minus_RW_of_PVT_minus_CloseEye
sub-029,posterior_alpha_sd_linear,PVT_minus_CloseEye,,SD_minus_RW_of_PVT_minus_CloseEye
sub-030,central_alpha_mean_db,PVT_minus_CloseEye,1.3480379377958371,SD_minus_RW_of_PVT_minus_CloseEye
sub-030,central_alpha_mean_linear,PVT_minus_CloseEye,9.126255168944654e-14,SD_minus_RW_of_PVT_minus_CloseEye
sub-030,central_alpha_n_epochs_used,PVT_minus_CloseEye,148.0,SD_minus_RW_of_PVT_minus_CloseEye
sub-030,central_alpha_sd_linear,PVT_minus_CloseEye,5.703759804423893e-14,SD_minus_RW_of_PVT_minus_CloseEye
sub-030,frontal_beta_mean_db,PVT_minus_CloseEye,-2.840894534028294,SD_minus_RW_of_PVT_minus_CloseEye
sub-030,frontal_beta_mean_linear,PVT_minus_CloseEye,-1.896668968322855e-13,SD_minus_RW_of_PVT_minus_CloseEye
sub-030,frontal_beta_n_epochs_used,PVT_minus_CloseEye,148.0,SD_minus_RW_of_PVT_minus_CloseEye
sub-030,frontal_beta_sd_linear,PVT_minus_CloseEye,-3.073904673615181e-13,SD_minus_RW_of_PVT_minus_CloseEye
sub-030,frontal_theta_mean_db,PVT_minus_CloseEye,-0.7997710475358986,SD_minus_RW_of_PVT_minus_CloseEye
sub-030,frontal_theta_mean_linear,PVT_minus_CloseEye,-7.862634328310456e-14,SD_minus_RW_of_PVT_minus_CloseEye
sub-030,frontal_theta_n_epochs_used,PVT_minus_CloseEye,148.0,SD_minus_RW_of_PVT_minus_CloseEye
sub-030,frontal_theta_sd_linear,PVT_minus_CloseEye,7.480573163887604e-13,SD_minus_RW_of_PVT_minus_CloseEye
sub-030,frontocentral_theta_mean_db,PVT_minus_CloseEye,-1.7096888560751466,SD_minus_RW_of_PVT_minus_CloseEye
sub-030,frontocentral_theta_mean_linear,PVT_minus_CloseEye,-2.528690141551729e-13,SD_minus_RW_of_PVT_minus_CloseEye
sub-030,frontocentral_theta_n_epochs_used,PVT_minus_CloseEye,148.0,SD_minus_RW_of_PVT_minus_CloseEye
sub-030,frontocentral_theta_sd_linear,PVT_minus_CloseEye,1.3487806362225369e-14,SD_minus_RW_of_PVT_minus_CloseEye
sub-030,global_theta_alpha_ratio_cv_linear,PVT_minus_CloseEye,0.26840403404613283,SD_minus_RW_of_PVT_minus_CloseEye
sub-030,global_theta_alpha_ratio_mean_linear,PVT_minus_CloseEye,-1.2718984813130283,SD_minus_RW_of_PVT_minus_CloseEye
sub-030,global_theta_alpha_ratio_n_epochs_used,PVT_minus_CloseEye,148.0,SD_minus_RW_of_PVT_minus_CloseEye
sub-030,global_theta_alpha_ratio_sd_linear,PVT_minus_CloseEye,-0.20202635844656314,SD_minus_RW_of_PVT_minus_CloseEye
sub-030,global_theta_mean_db,PVT_minus_CloseEye,-2.0858526987335892,SD_minus_RW_of_PVT_minus_CloseEye
sub-030,global_theta_mean_linear,PVT_minus_CloseEye,-4.0498483183636515e-13,SD_minus_RW_of_PVT_minus_CloseEye
sub-030,global_theta_n_epochs_used,PVT_minus_CloseEye,148.0,SD_minus_RW_of_PVT_minus_CloseEye
sub-030,global_theta_sd_linear,PVT_minus_CloseEye,-1.2934610528965472e-13,SD_minus_RW_of_PVT_minus_CloseEye
sub-030,n_epochs_total,PVT_minus_CloseEye,148.0,SD_minus_RW_of_PVT_minus_CloseEye
sub-030,posterior_alpha_mean_db,PVT_minus_CloseEye,4.439786332612684,SD_minus_RW_of_PVT_minus_CloseEye
sub-030,posterior_alpha_mean_linear,PVT_minus_CloseEye,9.048061704630389e-13,SD_minus_RW_of_PVT_minus_CloseEye
sub-030,posterior_alpha_n_epochs_used,PVT_minus_CloseEye,148.0,SD_minus_RW_of_PVT_minus_CloseEye
sub-030,posterior_alpha_sd_linear,PVT_minus_CloseEye,1.1618620632640144e-12,SD_minus_RW_of_PVT_minus_CloseEye
