roi_id,roi_name,tvs_value,pls1_score
1,ROI_001,-0.0063608367927372,-2.437413420865057
2,ROI_002,0.0006973480340093,-10.616351440006259
3,ROI_003,0.0044477558694779,-11.880480726141277
4,ROI_004,0.0220364537090063,-8.63253441829852
5,ROI_005,-0.0066475844942033,-3.732974898898491
6,ROI_006,-0.0222246199846267,-29.95276581452864
7,ROI_007,-0.030045311897993,-3.24786423659531
8,ROI_008,0.0134254293516278,7.935794928047344
9,ROI_009,-0.0004483727389015,4.275155605698978
10,ROI_010,-0.027412885800004,-4.691395532912072
11,ROI_011,0.0218426529318094,0.640966736383744
12,ROI_012,0.0433361642062664,-20.670432076754583
13,ROI_013,0.0210105255246162,4.13490805101669
14,ROI_014,0.0239268448203802,-20.06618860265802
15,ROI_015,0.0421713702380657,-19.528523272277084
16,ROI_016,0.0670321881771087,-3.539030597641032
17,ROI_017,0.0426301248371601,-13.526897706529786
18,ROI_018,0.0378021411597728,-15.154883412508202
19,ROI_019,-0.076383575797081,-35.8722564963494
20,ROI_020,-0.0294072572141885,-17.8917597926784
21,ROI_021,0.0384253188967704,-14.780722675402536
22,ROI_022,0.0643382370471954,-46.54779534248343
23,ROI_023,0.0503201894462108,-19.197064287504375
24,ROI_024,0.0435424484312534,-19.39825894268735
25,ROI_025,0.0174788646399974,-8.216241242488964
26,ROI_026,0.0511884987354278,0.871378388083071
27,ROI_027,-0.0548997074365615,-11.85432519749123
28,ROI_028,-0.0150335868820548,-29.628598231786256
29,ROI_029,0.0066181663423776,-13.410083299819123
30,ROI_030,0.0246058367192745,-19.086116132015096
31,ROI_031,0.0001561419776408,-24.211987761126185
32,ROI_032,0.0121509926393628,-44.977742901707146
33,ROI_033,-0.0516975633800029,-23.19577178216014
34,ROI_034,0.0168893486261367,-37.129651306856886
35,ROI_035,0.0117003424093127,-14.891782637776203
36,ROI_036,-0.0063831191509962,-6.306416261812914
37,ROI_037,-0.0263974647969007,-12.569342327227409
38,ROI_038,-0.0087162777781486,0.4986215558718424
39,ROI_039,-0.0326344594359397,-11.837926681462651
40,ROI_040,-0.0201600678265094,-39.46177923079299
41,ROI_041,-0.0089512756094336,-26.006348646268464
42,ROI_042,-0.0345070250332355,-26.730035309060003
43,ROI_043,-0.0347694940865039,-16.87150514405754
44,ROI_044,-0.0058871204964816,-9.670254954378253
45,ROI_045,-0.0188632979989051,-15.6945701843241
46,ROI_046,0.0081967655569314,-10.454589179739466
47,ROI_047,-0.0100952424108982,-13.80584199945979
48,ROI_048,-0.0186548307538032,-24.475053116737616
49,ROI_049,-0.0163860451430082,0.5259841178471713
50,ROI_050,-0.0357711873948574,-3.1711160773711553
51,ROI_051,-0.041002083569765,-7.803591075242886
52,ROI_052,-0.0161098390817642,-14.342904704702365
53,ROI_053,0.1071228981018066,-5.710577311474557
54,ROI_054,0.1273960471153259,12.503303975300867
55,ROI_055,0.0182482786476612,-0.04839381456929054
56,ROI_056,0.024551335722208,-13.25249871430767
57,ROI_057,0.0099068181589245,-23.344231856647568
58,ROI_058,0.0222646240144968,-6.7046665330148745
59,ROI_059,-0.04826670140028,0.19480369107864998
60,ROI_060,-0.0362473912537097,-42.14515277682638
61,ROI_061,-0.0035124300047755,-29.111020204124237
62,ROI_062,-0.032460793852806,-23.51599100238225
63,ROI_063,0.007933659479022,-10.55374221426459
64,ROI_064,0.0214925203472375,-2.88237258109536
65,ROI_065,-0.10616085678339,-32.2927896791382
66,ROI_066,-0.0605411306023597,-27.366811818482628
67,ROI_067,-0.0793335661292076,-6.431554814452631
68,ROI_068,-0.0493905022740364,-19.34032523061309
69,ROI_069,0.0393307134509086,20.430991020495675
70,ROI_070,0.0351430401206016,15.233427639762404
71,ROI_071,-0.0123318005353212,-32.599332132149996
72,ROI_072,-0.0157497711479663,-22.7252904074601
73,ROI_073,0.0220224242657423,-26.294798756292455
74,ROI_074,0.0384455397725105,-37.539197171011615
75,ROI_075,0.059463195502758,-35.30160876622176
76,ROI_076,0.0765429660677909,-25.281498840901264
77,ROI_077,0.0082045663148164,15.694754630433502
78,ROI_078,0.0520744584500789,-28.141601733868853
79,ROI_079,0.0651376992464065,-14.61166132549085
80,ROI_080,0.0364909842610359,-2.5961094476436726
81,ROI_081,-0.007548211608082,-19.162959518502806
82,ROI_082,-0.0045778788626194,-3.9725083123336185
83,ROI_083,0.0153020424768328,5.419409289583252
84,ROI_084,0.0251176431775093,-10.910914084803762
85,ROI_085,0.0407185554504394,-31.555241860189025
86,ROI_086,0.0893578082323074,-38.17918348799538
87,ROI_087,0.077837236225605,-10.01850181589356
88,ROI_088,0.0845462828874588,-3.4265865512853177
89,ROI_089,-0.0140663832426071,-6.668864553044378
90,ROI_090,0.007411434315145,-24.0279008895064
91,ROI_091,-0.0031057314481586,-30.017275991481412
92,ROI_092,0.0344322025775909,-17.6876491808744
93,ROI_093,0.007270832080394,-3.5063478473056726
94,ROI_094,0.0011244447669014,3.2623162297030732
95,ROI_095,-0.0109439017251133,10.103517358054889
96,ROI_096,-0.0129208089783787,7.583284040752853
97,ROI_097,-0.0357760302722454,-27.098220093258078
98,ROI_098,-0.0194398295134305,-15.687860029716864
99,ROI_099,-0.0641962811350822,-18.58371300026983
100,ROI_100,-0.0194580294191837,-12.333633028883547
101,ROI_101,-0.0281561128795146,0.8218674077613246
102,ROI_102,0.0009499643929302,-10.23284818092836
103,ROI_103,-0.0131873022764921,4.7322918029471515
104,ROI_104,0.0007326727500185,4.420928402180515
105,ROI_105,-0.0366800054907798,-33.249909041578356
106,ROI_106,-0.0400547236204147,-17.173589200695684
107,ROI_107,-0.0253030713647604,-26.647319836852237
108,ROI_108,0.0266274753957986,-29.358676075979176
109,ROI_109,-0.0160172190517187,45.03284772435478
110,ROI_110,-0.0362984649837017,40.99916040347169
111,ROI_111,0.0105436667799949,27.626709435167015
112,ROI_112,-0.0048926761373877,27.31352082766414
113,ROI_113,-0.0515267513692378,-14.242000820229268
114,ROI_114,-0.0409464389085769,-0.8771320110678387
115,ROI_115,-0.0277611464262008,58.22719143295057
116,ROI_116,-0.0260666906833648,44.40170759044154
117,ROI_117,-0.0109840473160147,56.53143032017329
118,ROI_118,0.0112835681065917,22.897337665177353
119,ROI_119,-0.0654366835951805,-26.009514197234786
120,ROI_120,-0.0176340248435735,-6.99513147161642
121,ROI_121,0.0157422460615634,-34.242525916844166
122,ROI_122,0.0468124449253082,-22.104977016141717
123,ROI_123,0.0871305242180824,-22.998983573463327
124,ROI_124,0.0754332244396209,-24.634413153857817
125,ROI_125,-0.1085901856422424,-42.41529747509027
126,ROI_126,-0.0751045495271682,-43.92879532306135
127,ROI_127,-0.0151356644928455,-55.31114637645194
128,ROI_128,0.0096322819590568,-46.17228809302019
129,ROI_129,-0.0611871778964996,-44.07476727462082
130,ROI_130,-0.0537404827773571,-35.91058337294785
131,ROI_131,-0.0798031985759735,-36.26316108678332
132,ROI_132,-0.0065842289477586,-29.320089621802556
133,ROI_133,0.0123383374884724,-47.75439102531542
134,ROI_134,-0.0918896943330764,-22.698218728261455
135,ROI_135,-0.0643371120095253,-46.87611508866122
136,ROI_136,-0.0075610787607729,-50.05763080968574
137,ROI_137,0.0102030355483293,-41.645353907791126
138,ROI_138,0.0552289150655269,-44.778678804409
139,ROI_139,-0.02504956535995,-24.516159156239258
140,ROI_140,0.0398561060428619,-30.576091211402865
141,ROI_141,0.0433595441281795,-28.346127346423383
142,ROI_142,0.1237355470657348,-14.9439115778982
143,ROI_143,-0.0006492945831269,-30.353776975962237
144,ROI_144,0.0656728446483612,-30.390322281697312
145,ROI_145,-0.0327032692730426,-28.17158338078482
146,ROI_146,-0.0106824589893221,-28.433494960457523
147,ROI_147,0.0705664455890655,-36.61899232074799
148,ROI_148,0.1506874412298202,-56.622861319808266
149,ROI_149,-0.0988524854183197,-53.054919699462616
150,ROI_150,-0.065142348408699,-41.97456300835857
151,ROI_151,-0.0727276355028152,-52.01974665596188
152,ROI_152,-0.0566345788538456,-44.73458593048571
153,ROI_153,0.0201814696192741,-44.01723043945665
154,ROI_154,0.0398729369044303,-5.609214229305824
155,ROI_155,0.1097047552466392,-38.051298832201525
156,ROI_156,0.0707675516605377,-32.33544174421998
157,ROI_157,-0.004438211210072,-27.88421382002896
158,ROI_158,-0.0120416367426514,-23.76577793666398
159,ROI_159,0.0254846028983592,-35.962049281458455
160,ROI_160,0.0080031212419271,-45.2965081646305
161,ROI_161,-0.0806091353297233,-33.89402264405421
162,ROI_162,-0.0420046001672744,-15.764932946489859
163,ROI_163,-0.0041574127972126,-27.723598593593675
164,ROI_164,-0.0362654961645603,-35.210166866435465
165,ROI_165,-0.0144663779065012,18.849767411883136
166,ROI_166,0.0295668989419937,26.92741655199305
167,ROI_167,-0.0077152922749519,3.6473029769808476
168,ROI_168,-0.0076770083978772,0.7986166877437034
169,ROI_169,0.0058996081352233,24.01522655890181
170,ROI_170,0.0399251766502857,-8.142051388357714
171,ROI_171,-0.0078186495229601,-18.350623582431776
172,ROI_172,0.0092028379440307,-11.004642297654259
173,ROI_173,-0.0045460313558578,3.915786955642262
174,ROI_174,-0.0101878670975565,0.2210018366650112
175,ROI_175,-0.0015841873828321,-26.113333857123976
176,ROI_176,0.0329520739614963,-27.838916483906562
177,ROI_177,-0.0205673519521951,49.56358898804055
178,ROI_178,-0.0092295780777931,7.621813812697417
179,ROI_179,-0.0159092750400304,41.79278290204148
180,ROI_180,0.0137146105989813,-2.2170540996120325
181,ROI_181,-0.0323401317000389,-14.150872880103549
182,ROI_182,-0.0160250309854745,3.576895117704851
183,ROI_183,-0.0264842957258224,11.687555394965742
184,ROI_184,-0.0410973690450191,-5.146534261263272
185,ROI_185,-0.0188192501664161,-10.372043653161793
186,ROI_186,0.0101793501526117,-8.372877687188632
187,ROI_187,-0.0420894473791122,10.418623203091274
188,ROI_188,-0.0528145208954811,5.70552030319566
189,ROI_189,-0.041075762361288,-74.86591720059268
190,ROI_190,0.0279952269047498,-82.13707636826034
191,ROI_191,-0.0831871554255485,-82.8144768256988
192,ROI_192,-0.0449297875165939,-75.35658610471873
193,ROI_193,-0.1003569886088371,-84.55261121617293
194,ROI_194,-0.0077673904597759,-77.28181629549034
195,ROI_195,-0.1183666139841079,-59.29925236186734
196,ROI_196,-0.0379726476967334,-62.83600703190892
197,ROI_197,-0.1293191015720367,-61.888285835081064
198,ROI_198,-0.0668259263038635,-41.754525902490165
199,ROI_199,-0.0831702649593353,-58.87118905726101
200,ROI_200,0.0043429411016404,-57.07675106664269
201,ROI_201,-0.1298230290412902,-37.54117398152925
202,ROI_202,-0.0507132820785045,-45.99010490280233
203,ROI_203,-0.0366994179785251,-80.5195068940445
204,ROI_204,0.0171823874115943,-72.10340563063671
205,ROI_205,-0.0981489717960357,-82.14975830214296
206,ROI_206,0.0168180596083402,-75.38895906043277
207,ROI_207,-0.0951138660311698,-56.73162665127342
208,ROI_208,-0.0013800864107906,-51.73750155439934
209,ROI_209,-0.0716926455497741,-42.3772152298615
210,ROI_210,0.0360254123806953,-54.24032945620441
211,ROI_211,0.0053667626343667,91.08609992681488
212,ROI_212,0.0096298372372984,76.90587497311972
213,ROI_213,0.0002382496313657,92.20370526091871
214,ROI_214,0.0148212434723973,68.38285095464475
215,ROI_215,-0.0046079936437308,79.77901576334307
216,ROI_216,0.0030956761911511,117.35072093339741
217,ROI_217,-0.01472092512995,58.90912829337578
218,ROI_218,-0.0041359523311257,68.16217365191632
219,ROI_219,0.0241997204720974,86.87076432908594
220,ROI_220,0.0376544035971164,79.13980227834905
221,ROI_221,-0.0142576210200786,119.39700626536822
222,ROI_222,-0.0087196389213204,118.40866755288532
223,ROI_223,0.0055868322961032,117.41630242814612
224,ROI_224,0.0110566541552543,73.89918382126079
225,ROI_225,0.0136574506759643,104.64413948592168
226,ROI_226,0.007282034959644,66.53143347834902
227,ROI_227,0.032672431319952,94.62513288117256
228,ROI_228,0.0182556211948394,100.58371427082811
229,ROI_229,-0.0164843574166297,103.09825890595678
230,ROI_230,-0.0092459432780742,64.9955025991633
231,ROI_231,0.0343309491872787,153.632019207856
232,ROI_232,0.0461733378469944,166.13989205354758
233,ROI_233,0.0045174625702202,141.6657956177397
234,ROI_234,0.0038789922837167,136.3276693712776
235,ROI_235,0.0066953524947166,137.97995362105158
236,ROI_236,0.0161438602954149,128.20640809330186
237,ROI_237,0.1005616337060928,133.55934627778748
238,ROI_238,0.0949281975626945,145.22820133335486
239,ROI_239,0.0145438471809029,141.22166575862943
240,ROI_240,0.0379669778048992,150.42093223871657
241,ROI_241,0.0393555536866188,122.3705809163975
242,ROI_242,0.0703652128577232,186.5610106178536
243,ROI_243,0.0528368987143039,153.21716795374476
244,ROI_244,0.0720090717077255,170.2859153202625
245,ROI_245,0.0146375419571995,149.67171800912485
246,ROI_246,0.0086388671770691,149.3326489696875
