sub,state,condition,file,duration_sec,ecg_good,n_rpeaks,mean_hr_bpm,hr_cv,rmssd_ms,sdnn_ms,mean_rr_ms,rr_cv,abnormal_rr_ratio,n_rr_total,n_rr_valid
sub-001,RW,OpenEye,ECG/sub-001_run-01/OpenEye/ecg.csv,348.90625,True,517,89.2308039390419,0.0643304176525908,38.684365482959,44.7773593248197,672.413531553398,0.0665919961803502,0.00193798449612403,516,515
sub-001,SD,OpenEye,ECG/sub-001_run-02/OpenEye/ecg.csv,358.84375,True,423,70.8235287675134,0.0945518321038365,68.3419009341512,80.3283852811081,847.176087440618,0.0948189950967409,0.00236966824644547,422,421
sub-002,RW,OpenEye,ECG/sub-002_run-01/OpenEye/ecg.csv,359.96875,True,374,62.5585058321573,0.138562758968773,88.2284474234888,92.2689672807795,959.102190851206,0.0962034787960296,0,373,373
sub-002,SD,OpenEye,ECG/sub-002_run-02/OpenEye/ecg.csv,392.21875,True,502,76.8675083906025,0.066229362107049,42.7148258887708,56.7056921291123,780.563872255489,0.0726470877588243,0,501,501
sub-003,RW,OpenEye,ECG/sub-003_run-01/OpenEye/ecg.csv,364.65625,True,393,77.6027974858608,0.217331112771926,297.905912659327,203.278433558764,773.168003523739,0.262916251878396,0.14030612244898,392,337
sub-003,SD,OpenEye,ECG/sub-003_run-02/OpenEye/ecg.csv,454.078125,True,482,63.7158117391333,0.0913919965847118,69.4667399079414,82.5022599218395,941.681481602297,0.0876116410205495,0.00415800415800416,481,479
sub-004,RW,OpenEye,ECG/sub-004_run-01/OpenEye/ecg.csv,455.40625,False,298,61.5200190457518,0.346869505507925,461.729577100458,288.559074197283,975.292285839161,0.295869329007356,0.518518518518519,297,143
sub-004,SD,OpenEye,ECG/sub-004_run-02/OpenEye/ecg.csv,377.03125,False,549,83.5986658252952,0.287357717399247,300.654923423245,216.052356542098,717.714803312629,0.301028145922173,0.118613138686131,548,483
sub-005,RW,OpenEye,ECG/sub-005_run-01/OpenEye/ecg.csv,510.34375,False,570,66.6764471222349,0.357254380995495,426.336492704514,273.99992788394,899.867983217593,0.304489028384162,0.0509666080843585,569,540
sub-005,SD,OpenEye,ECG/sub-005_run-02/OpenEye/ecg.csv,400.09375,True,388,58.391281071497,0.188879983008519,112.860747884525,118.530094637293,1027.55067021964,0.115352067856622,0,387,387
sub-006,RW,OpenEye,ECG/sub-006_run-01/OpenEye/ecg.csv,398.96875,True,481,72.396214479739,0.152188573171547,115.498292194783,103.691492669667,828.772615131579,0.125114525717292,0.0104166666666666,480,475
sub-006,SD,OpenEye,ECG/sub-006_run-02/OpenEye/ecg.csv,362.21875,True,453,75.0910948454111,0.109433294481615,75.2679629650951,85.6763638033216,799.029500415743,0.107225532672753,0.00221238938053092,452,451
sub-007,RW,OpenEye,ECG/sub-007_run-01/OpenEye/ecg.csv,345.375,True,313,54.3620598124226,0.197490811262385,138.209982663821,129.052388706766,1103.7109375,0.116925894563554,0.0224358974358975,312,305
sub-007,SD,OpenEye,ECG/sub-007_run-02/OpenEye/ecg.csv,332.703125,False,370,69.0137273278571,0.384284072474974,359.098316456264,309.333018792271,869.392254601227,0.355803743540545,0.116531165311653,369,326
sub-008,RW,OpenEye,ECG/sub-008_run-01/OpenEye/ecg.csv,341.1875,True,366,64.7474566162719,0.159896834043329,62.0646592197486,129.367329178179,926.67732657967,0.139603425558786,0.00273972602739725,365,364
sub-008,SD,OpenEye,ECG/sub-008_run-02/OpenEye/ecg.csv,390.984375,True,383,59.5321221492076,0.224199867405589,131.716603012356,141.818835986424,1007.85925033245,0.140712937783371,0.0157068062827225,382,376
sub-009,RW,OpenEye,ECG/sub-009_run-01/OpenEye/ecg.csv,481.25,True,626,78.0025921306825,0.0893986327136971,71.0701472305895,65.7361876750826,769.205206661316,0.0854598839240912,0.00319999999999998,625,623
sub-009,SD,OpenEye,ECG/sub-009_run-02/OpenEye/ecg.csv,333.921875,True,425,76.5665982823586,0.0779582608951419,41.0051797391538,50.8903147874452,783.631522700472,0.0649416381465515,0,424,424
sub-010,RW,OpenEye,ECG/sub-010_run-01/OpenEye/ecg.csv,415.765625,False,277,65.1973161988954,0.341211319719267,437.748697745976,284.29527697351,920.283280019685,0.308921484444908,0.539855072463768,276,127
sub-010,SD,OpenEye,ECG/sub-010_run-02/OpenEye/ecg.csv,419.78125,True,455,65.6585225091276,0.225096692027855,143.613413683656,133.286954449476,913.818918049199,0.145857074981566,0.0374449339207048,454,437
sub-011,RW,OpenEye,ECG/sub-011_run-01/OpenEye/ecg.csv,524.5,True,581,66.7561658950892,0.0857812546564536,33.4201693642447,63.6114549575231,898.793380289292,0.0707742806662068,0.00172413793103443,580,579
sub-011,SD,OpenEye,ECG/sub-011_run-02/OpenEye/ecg.csv,431.5,True,371,62.860734776852,0.355545343569203,280.669199441123,227.867106856951,954.490910947713,0.23873156280839,0.172972972972973,370,306
sub-012,RW,OpenEye,ECG/sub-012_run-01/OpenEye/ecg.csv,386.75,True,495,77.2164283547428,0.0697889789955782,33.9213855632372,50.7225526215015,777.036717165314,0.0652769058411306,0.00202429149797567,494,493
sub-012,SD,OpenEye,ECG/sub-012_run-02/OpenEye/ecg.csv,346.328125,False,309,64.8183976109651,0.352967251848448,455.086851042135,289.325183580961,925.663117439516,0.312559913136937,0.194805194805195,308,248
sub-013,RW,OpenEye,ECG/sub-013_run-01/OpenEye/ecg.csv,494.25,True,627,76.2158939679519,0.159446041100503,124.226755119699,104.760980267798,787.237371055825,0.13307419606782,0.012779552715655,626,618
sub-013,SD,OpenEye,ECG/sub-013_run-02/OpenEye/ecg.csv,460.125,True,500,65.5576511040119,0.176593047799539,74.2911415326333,125.971735336907,915.224981212425,0.137640184569731,0,499,499
sub-014,RW,OpenEye,ECG/sub-014_run-01/OpenEye/ecg.csv,405.296875,True,467,69.9022786801315,0.11382808016631,105.127814557098,80.5581103634092,858.341117527174,0.0938532580094636,0.0128755364806867,466,460
sub-014,SD,OpenEye,ECG/sub-014_run-02/OpenEye/ecg.csv,393.71875,True,397,61.5754022411038,0.233667754648761,141.943095805175,163.697416488948,974.415071866925,0.167995571102274,0.0227272727272727,396,387
sub-015,RW,OpenEye,ECG/sub-015_run-01/OpenEye/ecg.csv,412.25,True,550,80.4944907282988,0.104584757626532,84.8895009043899,71.1535325993833,745.392628205128,0.0954577895017795,0.00546448087431695,549,546
sub-015,SD,OpenEye,ECG/sub-015_run-02/OpenEye/ecg.csv,462.125,True,479,67.9693560045702,0.347082609328715,270.54954834383,222.56024656916,882.75075014637,0.252121277192069,0.106694560669456,478,427
sub-016,RW,OpenEye,ECG/sub-016_run-01/OpenEye/ecg.csv,398.421875,True,423,64.1693464360941,0.153951884562629,110.540005558008,108.936252150191,935.025885915072,0.116506135061255,0.00947867298578198,422,418
sub-016,SD,OpenEye,ECG/sub-016_run-02/OpenEye/ecg.csv,398.421875,True,423,64.1693464360941,0.153951884562629,110.540005558008,108.936252150191,935.025885915072,0.116506135061255,0.00947867298578198,422,418
sub-017,RW,OpenEye,ECG/sub-017_run-01/OpenEye/ecg.csv,398.421875,True,423,64.1693464360941,0.153951884562629,110.540005558008,108.936252150191,935.025885915072,0.116506135061255,0.00947867298578198,422,418
sub-017,SD,OpenEye,ECG/sub-017_run-02/OpenEye/ecg.csv,415.625,True,419,61.2957216184019,0.21677362332078,164.166154002706,152.381883924639,978.861140970516,0.155672625612205,0.0263157894736842,418,407
sub-018,RW,OpenEye,ECG/sub-018_run-01/OpenEye/ecg.csv,470,True,547,70.8802864118277,0.0865880919794075,53.9868041586396,64.8236408655005,846.497708141144,0.0765786371800688,0.0073260073260073,546,542
sub-018,SD,OpenEye,ECG/sub-018_run-02/OpenEye/ecg.csv,373.375,False,250,59.9629533730356,0.294889452349224,181.406659353902,189.373128997741,1000.6178252551,0.189256201736623,0.21285140562249,249,196
sub-019,RW,OpenEye,ECG/sub-019_run-01/OpenEye/ecg.csv,410.25,True,524,77.5776632488123,0.103853511535994,78.7239420488833,66.7248729097096,773.418500729572,0.0862726620151542,0.017208413001912,523,514
sub-019,SD,OpenEye,ECG/sub-019_run-02/OpenEye/ecg.csv,411.71875,True,374,54.784102689262,0.178426346747229,121.382594873317,153.197603462719,1095.2082274729,0.139879887330841,0.0107238605898123,373,369
sub-020,RW,OpenEye,ECG/sub-020_run-01/OpenEye/ecg.csv,388.65625,True,408,63.2979914121166,0.146134077512742,100.816378560029,113.432731254974,947.89737654321,0.119667734147171,0.00491400491400496,407,405
sub-020,SD,OpenEye,ECG/sub-020_run-02/OpenEye/ecg.csv,364.5,False,313,68.551880068813,0.377230876082884,418.04545210401,303.122111525845,875.249518171806,0.346326510592084,0.272435897435897,312,227
sub-021,RW,OpenEye,ECG/sub-021_run-01/OpenEye/ecg.csv,462.625,True,601,76.0047199848449,0.346212142332639,269.754849816303,250.014773439694,789.424656941882,0.316705047455973,0.0966666666666667,600,542
sub-021,SD,OpenEye,ECG/sub-021_run-02/OpenEye/ecg.csv,436.09375,True,537,74.7883005477659,0.0975118377903621,99.5716594946251,83.4952955310655,802.264519457547,0.104074520941698,0.0111940298507462,536,530
sub-022,RW,OpenEye,ECG/sub-022_run-01/OpenEye/ecg.csv,468.375,True,459,70.1814484779618,0.318463986420432,296.684578211392,224.821383613027,854.926783376963,0.262971505846363,0.165938864628821,458,382
sub-022,SD,OpenEye,ECG/sub-022_run-02/OpenEye/ecg.csv,439.28125,True,493,67.4812937457918,0.125693421883241,84.7598662725732,80.0782031610773,889.135294679226,0.0900630125024642,0.00203252032520329,492,491
sub-023,RW,OpenEye,ECG/sub-023_run-01/OpenEye/ecg.csv,455.75,True,649,87.8471960438355,0.0896388561552334,81.8830422826862,69.8617618280819,683.004156103744,0.102285998121321,0.0108024691358025,648,641
sub-023,SD,OpenEye,ECG/sub-023_run-02/OpenEye/ecg.csv,374.21875,True,338,54.490213728661,0.197768294705857,102.620626723685,131.150397497452,1101.11515250749,0.119106886503917,0.00890207715133529,337,334
sub-024,RW,OpenEye,ECG/sub-024_run-01/OpenEye/ecg.csv,440.03125,True,459,62.6544474393531,0.166541882707031,91.2520046199085,104.204715536117,957.633535242291,0.108814814541507,0.00873362445414849,458,454
sub-024,SD,OpenEye,ECG/sub-024_run-02/OpenEye/ecg.csv,469.125,True,462,60.6779939336644,0.382112438088847,242.884332807055,255.945700774521,988.826362084323,0.258837861315731,0.086767895878525,461,421
sub-025,RW,OpenEye,ECG/sub-025_run-01/OpenEye/ecg.csv,814.125,True,1042,76.6424844972952,0.31055883558108,268.311551306133,217.074707145211,782.855623660236,0.277285747952195,0.103746397694525,1041,933
sub-025,SD,OpenEye,ECG/sub-025_run-02/OpenEye/ecg.csv,481.28125,False,601,71.7048208995421,0.345109383741352,320.937589876399,238.382942215582,836.763822115385,0.284886769617904,0.09,600,546
sub-026,RW,OpenEye,ECG/sub-026_run-01/OpenEye/ecg.csv,274.28125,True,359,78.3333870534515,0.0926925404427073,62.4325670554825,68.5713332735613,765.956921523876,0.089523746501485,0.005586592178771,358,356
sub-026,SD,OpenEye,ECG/sub-026_run-02/OpenEye/ecg.csv,406.125,True,447,71.1123550299998,0.318087377317562,247.25604572228,216.968276150611,843.735240869018,0.257152084731155,0.109865470852018,446,397
sub-027,RW,OpenEye,ECG/sub-027_run-01/OpenEye/ecg.csv,546.25,True,611,67.8622351641731,0.109905019507371,72.4407182611815,84.0271535754687,884.144176136364,0.0950378409352424,0.00819672131147542,610,605
sub-027,SD,OpenEye,ECG/sub-027_run-02/OpenEye/ecg.csv,424.375,True,404,57.5407023296603,0.244221109840403,139.228215768339,160.674199623558,1042.74013994911,0.154088438209926,0.0248138957816377,403,393
sub-028,RW,OpenEye,ECG/sub-028_run-01/OpenEye/ecg.csv,483.71875,True,554,68.8967913378991,0.0923943700033475,77.2841710866769,67.9409886857978,870.867842099272,0.0780152686795996,0.00723327305605792,553,549
sub-028,SD,OpenEye,ECG/sub-028_run-02/OpenEye/ecg.csv,699.53125,True,711,61.059803264658,0.122863578407551,90.7365589494483,112.516619545928,982.643192280453,0.114504044224645,0.0056338028169014,710,706
sub-029,RW,OpenEye,ECG/sub-029_run-01/OpenEye/ecg.csv,442.5,True,601,83.1646602874095,0.0994620587385878,87.9659325418533,78.749268944474,721.460290857264,0.109152603327484,0.0133333333333333,600,592
sub-029,SD,OpenEye,ECG/sub-029_run-02/OpenEye/ecg.csv,392.21875,False,427,75.9593097613285,0.264562669692359,300.6167271481,228.307778837357,789.896593169761,0.289035021560461,0.115023474178404,426,377
sub-030,RW,OpenEye,ECG/sub-030_run-01/OpenEye/ecg.csv,452.59375,True,520,69.7487707230567,0.155424538973367,114.616807678073,97.7848474289644,860.230214497041,0.113672881725199,0.023121387283237,519,507
sub-030,SD,OpenEye,ECG/sub-030_run-02/OpenEye/ecg.csv,437.375,True,432,59.8373924539722,0.190321791544045,122.34227608249,118.964475756019,1002.71749050818,0.1186420670649,0.00696055684454755,431,428
sub-001,RW,CloseEye,ECG/sub-001_run-01/CloseEye/ecg.csv,398.390625,True,568,86.4789619740494,0.0706071578043203,56.8457164954843,52.855741379912,693.810363010657,0.0761818274817266,0.00705467372134039,567,563
sub-001,SD,CloseEye,ECG/sub-001_run-02/CloseEye/ecg.csv,331.265625,True,384,70.0810692178836,0.0989476545406118,74.8366304549856,83.1176747656228,856.151321171466,0.0970829253079858,0.00261096605744127,383,382
sub-002,RW,CloseEye,ECG/sub-002_run-01/CloseEye/ecg.csv,298.265625,True,307,62.289153795282,0.163478029825408,78.154173818614,90.1785366304029,963.24956022351,0.0936190789534106,0.0130718954248366,306,302
sub-002,SD,CloseEye,ECG/sub-002_run-02/CloseEye/ecg.csv,396.328125,True,496,75.2198140577119,0.0775733402161721,50.3281654256184,58.376972892843,797.662168560606,0.0731850841041956,0,495,495
sub-003,RW,CloseEye,ECG/sub-003_run-01/CloseEye/ecg.csv,442.84375,True,602,81.7591118531033,0.0589708133217781,33.8678811488822,43.9137600154559,733.863157757904,0.0598391669498998,0,601,601
sub-003,SD,CloseEye,ECG/sub-003_run-02/CloseEye/ecg.csv,350.78125,True,344,59.1844346087308,0.233266736214944,131.210347928579,158.933453877158,1013.78006559767,0.15677311013554,0,343,343
sub-004,RW,CloseEye,ECG/sub-004_run-01/CloseEye/ecg.csv,428.96875,False,504,68.5933014354067,0.356236014226074,392.297115033438,263.187554487796,874.720982142857,0.300881720983815,0.0536779324055666,503,476
sub-004,SD,CloseEye,ECG/sub-004_run-02/CloseEye/ecg.csv,381.71875,False,292,67.4929766849953,0.35418368742431,430.750240123658,303.499734031278,888.981386612022,0.341401674547922,0.371134020618557,291,183
sub-005,RW,CloseEye,ECG/sub-005_run-01/CloseEye/ecg.csv,411.90625,True,538,78.3289921955016,0.0677880872840829,59.6349600817923,50.99541771042,765.999897588951,0.0665736612640972,0.005586592178771,537,534
sub-005,SD,CloseEye,ECG/sub-005_run-02/CloseEye/ecg.csv,421.65625,True,429,61.0528079533078,0.149425425082826,97.4818718946146,103.254525232213,982.755781615925,0.105066311655205,0.00233644859813087,428,427
sub-006,RW,CloseEye,ECG/sub-006_run-01/CloseEye/ecg.csv,418.84375,True,503,72.9120873883578,0.113252361050348,78.9656969109697,79.9754039310331,822.908822791165,0.0971862273389783,0.00796812749003983,502,498
sub-006,SD,CloseEye,ECG/sub-006_run-02/CloseEye/ecg.csv,378.90625,True,464,73.4817403241658,0.101906299137571,70.8189624491813,82.2518512125441,816.529381793478,0.100733486199701,0.00647948164146872,463,460
sub-007,RW,CloseEye,ECG/sub-007_run-01/CloseEye/ecg.csv,331,True,290,53.0544583151567,0.132233824552436,66.7703656494139,95.1067121141218,1130.91344074394,0.084097251555838,0,289,289
sub-007,SD,CloseEye,ECG/sub-007_run-02/CloseEye/ecg.csv,320.59375,False,339,68.1728838634682,0.357733100647037,454.2175399858,290.682056809131,880.115327380952,0.330277235000716,0.0680473372781065,338,315
sub-008,RW,CloseEye,ECG/sub-008_run-01/CloseEye/ecg.csv,375.90625,True,382,61.0186350946613,0.125241990797598,74.8440845156346,114.921081036042,983.306163877953,0.116872125140371,0,381,381
sub-008,SD,CloseEye,ECG/sub-008_run-02/CloseEye/ecg.csv,405.375,False,319,64.148059577344,0.366100337363491,325.210048582224,254.252761945247,935.336164419087,0.271830355349466,0.242138364779874,318,241
sub-009,RW,CloseEye,ECG/sub-009_run-01/CloseEye/ecg.csv,405.625,True,535,79.9728353140917,0.136725335819001,100.462013125548,85.0765726204891,750.254755434783,0.113396912187762,0.00936329588014984,534,529
sub-009,SD,CloseEye,ECG/sub-009_run-02/CloseEye/ecg.csv,362.9375,True,460,76.2660132893061,0.0971745437439686,49.043771892836,66.2687360163751,786.720026552288,0.084234205028173,0,459,459
sub-010,RW,CloseEye,ECG/sub-010_run-01/CloseEye/ecg.csv,802.46875,False,768,65.5278613797738,0.363478843686233,480.666041975268,295.362065693555,915.641053082192,0.322574074960183,0.143415906127771,767,657
sub-010,SD,CloseEye,ECG/sub-010_run-02/CloseEye/ecg.csv,394.28125,True,439,66.6279651089041,0.110153905480502,66.6742967207424,74.9151607376613,900.522774512615,0.0831907452626139,0.00456621004566216,438,436
sub-011,RW,CloseEye,ECG/sub-011_run-01/CloseEye/ecg.csv,420.5,True,480,68.7988844520505,0.100443408808529,72.7544983206198,75.6082468460962,872.107163915094,0.086696050639778,0.00417536534446761,479,477
sub-011,SD,CloseEye,ECG/sub-011_run-02/CloseEye/ecg.csv,587.7509765625,True,591,60.3637361791299,0.181610854407104,105.594394774377,154.90192657997,993.974260008518,0.155840983828538,0.0050847457627119,590,587
sub-012,RW,CloseEye,ECG/sub-012_run-01/CloseEye/ecg.csv,452.25,True,574,77.0083937250405,0.0886499532308206,63.9550082508753,67.6194881462156,779.135846077128,0.0867878027774914,0.0157068062827225,573,564
sub-012,SD,CloseEye,ECG/sub-012_run-02/CloseEye/ecg.csv,342.703125,True,351,62.0395356868989,0.0948289031259971,56.2861038380254,82.2477135051834,967.125226449275,0.0850434992861777,0.0142857142857142,350,345
sub-013,RW,CloseEye,ECG/sub-013_run-01/CloseEye/ecg.csv,422.5,True,592,84.4382843229069,0.128824024903869,77.4301189053763,98.2798134400267,710.578151618399,0.138309647174187,0.00676818950930624,591,587
sub-013,SD,CloseEye,ECG/sub-013_run-02/CloseEye/ecg.csv,359.625,True,343,59.4746494601584,0.178440668521099,109.182703244051,145.872853423451,1008.8331842997,0.144595613718547,0.0292397660818714,342,332
sub-014,RW,CloseEye,ECG/sub-014_run-01/CloseEye/ecg.csv,382.65625,False,497,76.144606632033,0.351641011752801,308.429425112257,250.704893922581,787.974390490302,0.318163758807675,0.0645161290322581,496,464
sub-014,SD,CloseEye,ECG/sub-014_run-02/CloseEye/ecg.csv,351.53125,True,353,60.3041852739429,0.167575777221564,88.7860359700773,140.908173934907,994.955818198006,0.14162254379306,0.00284090909090906,352,351
sub-015,RW,CloseEye,ECG/sub-015_run-01/CloseEye/ecg.csv,386.46875,True,505,81.7171161254816,0.0898134719888215,56.9750317456232,62.609826034238,734.240301724138,0.0852715737439337,0.0218253968253969,504,493
sub-015,SD,CloseEye,ECG/sub-015_run-02/CloseEye/ecg.csv,346.84375,True,404,70.0506384539492,0.126936256556199,78.5144559099451,82.2134185417225,856.523242674564,0.0959850409721567,0.00496277915632759,403,401
sub-016,RW,CloseEye,ECG/sub-016_run-01/CloseEye/ecg.csv,341.28125,True,325,57.2447051718932,0.0711373812440907,80.7459664002966,77.5572241864115,1048.13187210648,0.0739956738750258,0,324,324
sub-016,SD,CloseEye,ECG/sub-016_run-02/CloseEye/ecg.csv,341.28125,True,325,57.2447051718932,0.0711373812440907,80.7459664002966,77.5572241864115,1048.13187210648,0.0739956738750258,0,324,324
sub-017,RW,CloseEye,ECG/sub-017_run-01/CloseEye/ecg.csv,341.28125,True,325,57.2447051718932,0.0711373812440907,80.7459664002966,77.5572241864115,1048.13187210648,0.0739956738750258,0,324,324
sub-017,SD,CloseEye,ECG/sub-017_run-02/CloseEye/ecg.csv,346.625,False,316,55.3987894370347,0.395396225544948,355.021692066391,244.225837890691,1083.05615717822,0.225496929473163,0.0380952380952381,315,303
sub-018,RW,CloseEye,ECG/sub-018_run-01/CloseEye/ecg.csv,328.25,True,387,71.7117150235734,0.0914807283326663,48.8631915612041,64.1028367135784,836.683378444882,0.0766154059767799,0.0129533678756477,386,381
sub-018,SD,CloseEye,ECG/sub-018_run-02/CloseEye/ecg.csv,391.875,True,398,61.3377703826955,0.268306610280253,112.697733328674,186.348286514764,978.190104166667,0.190503140157523,0.0100755667506297,397,393
sub-019,RW,CloseEye,ECG/sub-019_run-01/CloseEye/ecg.csv,340,True,398,70.4673081725213,0.0924677503525735,77.9321449255046,69.5572176268935,851.458662974684,0.0816918315022906,0.00503778337531491,397,395
sub-019,SD,CloseEye,ECG/sub-019_run-02/CloseEye/ecg.csv,458.21875,True,424,55.821280924373,0.17803060360307,107.642402433213,122.816471341432,1074.85888905502,0.114262879148171,0.0118203309692672,423,418
sub-020,RW,CloseEye,ECG/sub-020_run-01/CloseEye/ecg.csv,413.40625,True,425,62.6805334351078,0.195352900033795,127.686704912866,132.242011870536,957.234993255396,0.138149997442951,0.0165094339622641,424,417
sub-020,SD,CloseEye,ECG/sub-020_run-02/CloseEye/ecg.csv,371.875,False,343,68.1805673851798,0.376834444216141,407.975283359569,286.441464620435,880.016143911439,0.32549569300772,0.207602339181287,342,271
sub-021,RW,CloseEye,ECG/sub-021_run-01/CloseEye/ecg.csv,536,True,650,73.6148850087182,0.219012295416399,148.023151418741,169.512720848918,815.052553473312,0.2079776575468,0.0184899845916795,649,637
sub-021,SD,CloseEye,ECG/sub-021_run-02/CloseEye/ecg.csv,426.28125,True,539,76.7585678185071,0.10263477793023,82.5563457479035,75.9517263137132,781.671697443182,0.097165762253064,0.0185873605947955,538,528
sub-022,RW,CloseEye,ECG/sub-022_run-01/CloseEye/ecg.csv,404.25,False,350,66.24,0.373892261248777,344.426310420181,250.189529969533,905.797101449275,0.276209241086365,0.209169054441261,349,276
sub-022,SD,CloseEye,ECG/sub-022_run-02/CloseEye/ecg.csv,439.59375,True,481,65.6943260745563,0.103380930671384,72.9097841207251,77.3504971728693,913.320884544979,0.0846914797217253,0.00416666666666665,480,478
sub-023,RW,CloseEye,ECG/sub-023_run-01/CloseEye/ecg.csv,418.5,True,618,89.5950143925216,0.0450384660810158,21.3622290157204,30.8791081344966,669.680120114007,0.0461102356289742,0.00486223662884933,617,614
sub-023,SD,CloseEye,ECG/sub-023_run-02/CloseEye/ecg.csv,403.625,True,338,50.8155369582214,0.260607235166147,148.429547195995,176.90980410273,1180.74123765198,0.1498294448109,0.0237388724035609,337,329
sub-024,RW,CloseEye,ECG/sub-024_run-01/CloseEye/ecg.csv,603.34375,True,559,55.7604960234751,0.203135512917716,124.35601383243,130.147423870042,1076.03060013562,0.120951415186183,0.00896057347670254,558,553
sub-024,SD,CloseEye,ECG/sub-024_run-02/CloseEye/ecg.csv,505.375,True,440,52.410387445536,0.246895906524877,87.9188946194713,135.503559889205,1144.81122778096,0.118363234567377,0.00683371298405466,439,436
sub-025,RW,CloseEye,ECG/sub-025_run-01/CloseEye/ecg.csv,480.125,True,584,72.2999677269923,0.35376920736713,267.356766320259,240.026588501106,829.875889109142,0.2892319100375,0.0806174957118353,583,536
sub-025,SD,CloseEye,ECG/sub-025_run-02/CloseEye/ecg.csv,510.53125,True,583,67.8114395683121,0.333237710646541,251.620496910908,211.212179222545,884.806463068182,0.238710032124018,0.0549828178694158,582,550
sub-026,RW,CloseEye,ECG/sub-026_run-01/CloseEye/ecg.csv,272.578125,True,329,72.5699778534003,0.0979046110128817,79.5011770988768,67.9667770999925,826.78818121189,0.0822057918152242,0,328,328
sub-026,SD,CloseEye,ECG/sub-026_run-02/CloseEye/ecg.csv,403.5,True,465,68.5265415873591,0.346185942019043,242.362452958309,214.495873791678,875.573151805869,0.244977673595039,0.0452586206896551,464,443
sub-027,RW,CloseEye,ECG/sub-027_run-01/CloseEye/ecg.csv,522.125,True,628,72.313710696569,0.1382069647029,69.6281491993875,105.226371720058,829.718174078526,0.126821823370232,0.00478468899521534,627,624
sub-027,SD,CloseEye,ECG/sub-027_run-02/CloseEye/ecg.csv,465.5,True,453,59.5014482499392,0.248689983758538,147.936147408885,166.195451611238,1008.37881706621,0.164814501057022,0.0309734513274337,452,438
sub-028,RW,CloseEye,ECG/sub-028_run-01/CloseEye/ecg.csv,411.375,True,481,70.7900642377641,0.0927780530286521,78.3998783907582,72.5036855827043,847.576572306485,0.0855423426645715,0.00416666666666665,480,478
sub-028,SD,CloseEye,ECG/sub-028_run-02/CloseEye/ecg.csv,426.46875,True,407,57.3605991659809,0.129456450018242,104.483094238457,109.03273138028,1046.01417824074,0.104236380011272,0.00246305418719217,406,405
sub-029,RW,CloseEye,ECG/sub-029_run-01/CloseEye/ecg.csv,402.875,True,582,87.6001120960486,0.0720819219862436,42.2001681734052,49.4483266958631,684.930630387931,0.0721946493586606,0.00172117039586916,581,580
sub-029,SD,CloseEye,ECG/sub-029_run-02/CloseEye/ecg.csv,442.859375,False,555,73.5004755106244,0.350590991644871,340.883170704605,252.373016097954,816.321249395551,0.309158944820834,0.0667870036101083,554,517
sub-030,RW,CloseEye,ECG/sub-030_run-01/CloseEye/ecg.csv,433.1875,True,475,65.7862204267953,0.11347732617134,86.6783921238412,71.1111602216022,912.045100185775,0.0779689076857246,0.00632911392405067,474,471
sub-030,SD,CloseEye,ECG/sub-030_run-02/CloseEye/ecg.csv,490,True,489,61.9051356402103,0.227145688528665,153.036199449578,144.09240759304,969.224917763158,0.148667667279527,0.0266393442622951,488,475
sub-001,RW,Task,ECG/sub-001_run-01/Task/ecg.csv,411.6875,True,614,89.5592746365335,0.0877203421126932,60.5103303831307,61.1093883552573,669.947364396411,0.0912152082429846,0,613,613
sub-001,SD,Task,ECG/sub-001_run-02/Task/ecg.csv,675.15625,True,852,75.732176313973,0.122826907108302,60.5421253931376,95.6898572342648,792.265625,0.120780018992071,0.00117508813160983,851,850
sub-002,RW,Task,ECG/sub-002_run-01/Task/ecg.csv,681.15625,True,682,59.9776581291199,0.129349937994047,81.2419952334233,94.2168354378565,1000.37250322165,0.0941817524316552,0.00293685756240825,681,679
sub-002,SD,Task,ECG/sub-002_run-02/Task/ecg.csv,680.578125,True,873,77.4310766401657,0.0880999885644463,47.9796492802332,61.1153158236674,774.88267764672,0.0788704117238387,0.00344036697247707,872,869
sub-003,RW,Task,ECG/sub-003_run-01/Task/ecg.csv,273.71875,True,330,78.1168082549079,0.114931313554897,157.233948668798,116.926394537481,768.080536575563,0.152231945700369,0.0547112462006079,329,311
sub-003,SD,Task,ECG/sub-003_run-02/Task/ecg.csv,669.546875,False,763,68.9513448171653,0.358396902200627,396.687600019835,270.250725616664,870.178821879383,0.310569182818062,0.0643044619422573,762,713
sub-004,RW,Task,ECG/sub-004_run-01/Task/ecg.csv,720.90625,False,494,63.9818233456404,0.345613824599969,420.497293040982,283.117069271241,937.766335227273,0.301905771870799,0.486815415821501,493,253
sub-004,SD,Task,ECG/sub-004_run-02/Task/ecg.csv,691.078125,True,1010,87.8928832706671,0.0422923627841377,22.9579157970579,28.8650894002936,682.649126610506,0.0422839322209563,0,1009,1009
sub-005,RW,Task,ECG/sub-005_run-01/Task/ecg.csv,709.96875,True,849,71.8323048161077,0.0889648879228049,67.1301818373163,69.38148233008,835.278780955189,0.0830638631221283,0,848,848
sub-005,SD,Task,ECG/sub-005_run-02/Task/ecg.csv,720.71875,True,773,64.4193096254767,0.163480356348244,84.4291572210261,128.502103856888,931.397749352332,0.137966946931367,0,772,772
sub-006,RW,Task,ECG/sub-006_run-01/Task/ecg.csv,696.15625,True,829,71.5717768959995,0.118627658769276,75.1565790464672,84.9907044248103,838.319273352479,0.101382262255439,0.00120772946859904,828,827
sub-006,SD,Task,ECG/sub-006_run-02/Task/ecg.csv,678.71875,True,848,75.0168010413618,0.10343981977053,61.2759683154534,77.6016908858896,799.820829028926,0.0970238434276674,0,847,847
sub-007,RW,Task,ECG/sub-007_run-01/Task/ecg.csv,690.625,True,589,51.2277811078694,0.168341536835123,92.0844523326764,124.53571980552,1171.23948573254,0.106328143238469,0.00170068027210879,588,587
sub-007,SD,Task,ECG/sub-007_run-02/Task/ecg.csv,798.71875,True,637,48.699334349186,0.272592624464989,156.977183092741,214.536366817842,1232.04969435076,0.174129637628695,0.0676100628930818,636,593
sub-008,RW,Task,ECG/sub-008_run-01/Task/ecg.csv,745.4384765625,False,767,71.1202713727511,0.330719196234683,336.255348554038,253.335340037469,843.641325347759,0.300287968862883,0.155352480417755,766,647
sub-008,SD,Task,ECG/sub-008_run-02/Task/ecg.csv,631,True,610,68.8496412555076,0.363055091208382,290.230673016955,252.738995386272,871.464235773346,0.29001648606037,0.155993431855501,609,514
sub-009,RW,Task,ECG/sub-009_run-01/Task/ecg.csv,686.125,True,975,86.1326198493212,0.111350843208619,55.3922283351039,83.3927533344949,696.600197520555,0.119713938685804,0.00102669404517453,974,973
sub-009,SD,Task,ECG/sub-009_run-02/Task/ecg.csv,699.515625,True,965,80.1009180403069,0.274970954917144,296.801037260489,199.881522460113,749.055085358796,0.266844890805822,0.103734439834025,964,864
sub-010,RW,Task,ECG/sub-010_run-01/Task/ecg.csv,777.53125,False,974,72.9807684633659,0.35300245932972,328.213385131738,248.554149729352,822.134395996641,0.302327880866777,0.0822199383350463,973,893
sub-010,SD,Task,ECG/sub-010_run-02/Task/ecg.csv,710.234375,True,749,63.412415121279,0.0885184028043932,50.2222587288917,72.1786141333412,946.186955428954,0.0762836707050341,0.00267379679144386,748,746
sub-011,RW,Task,ECG/sub-011_run-01/Task/ecg.csv,695.625,True,777,67.7435747288139,0.127462225805827,64.65042502656,100.20371349058,885.692853384067,0.11313596254923,0.00515463917525771,776,772
sub-011,SD,Task,ECG/sub-011_run-02/Task/ecg.csv,715.75,True,719,60.2322425882137,0.185625128648961,98.2811559232869,138.404469612646,996.144214821927,0.138940193150032,0.00278551532033422,718,716
sub-012,RW,Task,ECG/sub-012_run-01/Task/ecg.csv,801.875,True,964,74.0696214257776,0.130864108750055,120.083774894709,104.079773453848,810.048692636073,0.12848582363012,0.0269989615784009,963,937
sub-012,SD,Task,ECG/sub-012_run-02/Task/ecg.csv,742.65625,True,781,64.4180779390986,0.156300718201711,98.6329007431802,110.42221622515,931.415557861328,0.118553115516661,0.0153846153846153,780,768
sub-013,RW,Task,ECG/sub-013_run-01/Task/ecg.csv,668.375,True,868,78.0149599188824,0.215022645918984,210.246173523146,163.978790934842,769.083263804612,0.213213313372141,0.0495963091118801,867,824
sub-013,SD,Task,ECG/sub-013_run-02/Task/ecg.csv,785.75,False,786,60.1354523704165,0.187548974626068,94.9769252575001,155.772839873745,997.747545498084,0.156124503213869,0.00254777070063694,785,783
sub-014,RW,Task,ECG/sub-014_run-01/Task/ecg.csv,713.9375,True,829,69.9878298628739,0.109368089590315,95.0998195626465,82.3624303289579,857.291905143468,0.0960727960159317,0.0108695652173914,828,819
sub-014,SD,Task,ECG/sub-014_run-02/Task/ecg.csv,717.140625,True,763,64.3126012403627,0.151413959936387,82.2820257526122,117.207249728429,932.943137780343,0.125631718571067,0.00524934383202103,762,758
sub-015,RW,Task,ECG/sub-015_run-01/Task/ecg.csv,707.125,True,887,76.7562698122668,0.0801299045348635,54.4174750338432,53.8966156420303,781.695099914966,0.0689483862031286,0.00451467268623029,886,882
sub-015,SD,Task,ECG/sub-015_run-02/Task/ecg.csv,698.75,True,837,72.1821593387089,0.0982946850156887,67.0520709286208,75.0168436955795,831.23032823741,0.0902479627453556,0.00239234449760761,836,834
sub-016,RW,Task,ECG/sub-016_run-01/Task/ecg.csv,698.53125,False,621,70.0612349202982,0.349603494471013,423.243532960888,284.539320571395,856.393697145877,0.332252936376909,0.237096774193548,620,473
sub-016,SD,Task,ECG/sub-016_run-02/Task/ecg.csv,698.53125,False,621,70.0612349202982,0.349603494471013,423.243532960888,284.539320571395,856.393697145877,0.332252936376909,0.237096774193548,620,473
sub-017,RW,Task,ECG/sub-017_run-01/Task/ecg.csv,698.53125,False,621,70.0612349202982,0.349603494471013,423.243532960888,284.539320571395,856.393697145877,0.332252936376909,0.237096774193548,620,473
sub-017,SD,Task,ECG/sub-017_run-02/Task/ecg.csv,697.125,True,681,64.5839549498082,0.224971197308062,187.485935124654,163.473429803922,929.023316187888,0.175962677099119,0.0529411764705883,680,644
sub-018,RW,Task,ECG/sub-018_run-01/Task/ecg.csv,694.5,False,459,67.4940495968644,0.320865281923181,284.780379413889,219.631118533325,888.967255015432,0.247063226788385,0.292576419213974,458,324
sub-018,SD,Task,ECG/sub-018_run-02/Task/ecg.csv,725.5,True,713,58.9976629446897,0.14926936984437,75.2494133436095,104.275798402464,1016.98943661972,0.102533806790616,0.0028089887640449,712,710
sub-019,RW,Task,ECG/sub-019_run-01/Task/ecg.csv,693.375,True,892,77.4986854804764,0.0750714611263293,40.4472033822312,57.7847702926265,774.206680126405,0.0746373956411639,0.00112233445566778,891,890
sub-019,SD,Task,ECG/sub-019_run-02/Task/ecg.csv,729.890625,True,847,70.1601280698681,0.152639588072693,81.8207130182794,128.247406987932,855.18658033591,0.149964241648363,0.00591016548463352,846,841
sub-020,RW,Task,ECG/sub-020_run-01/Task/ecg.csv,731.96875,True,757,62.3598710452981,0.200420983972755,134.657559531325,154.558989361676,962.157217362046,0.160637977424762,0.0171957671957672,756,743
sub-020,SD,Task,ECG/sub-020_run-02/Task/ecg.csv,738.375,True,861,71.6418981443416,0.360833972775874,290.653823943217,250.257590490986,837.498747996795,0.298815480130059,0.0930232558139535,860,780
sub-021,RW,Task,ECG/sub-021_run-01/Task/ecg.csv,752.75,True,994,79.5245370956315,0.107601717206124,35.6325184370742,76.6592141355162,754.484115108367,0.101604808637364,0.00100704934541795,993,992
sub-021,SD,Task,ECG/sub-021_run-02/Task/ecg.csv,743.21875,True,915,74.2979786654707,0.0936621462726827,75.5307590819715,74.1533717481288,807.558981788079,0.0918240938685866,0.00875273522975928,914,906
sub-022,RW,Task,ECG/sub-022_run-01/Task/ecg.csv,735,True,687,69.9236173425839,0.287354841365612,299.8806092883,226.679585684801,858.079176682692,0.264170943479991,0.166180758017493,686,572
sub-022,SD,Task,ECG/sub-022_run-02/Task/ecg.csv,713.984375,True,825,69.6163130110755,0.10745291965571,52.9826507892542,82.0979365876481,861.866959119976,0.0952559275174856,0.00364077669902918,824,821
sub-023,RW,Task,ECG/sub-023_run-01/Task/ecg.csv,719.625,True,1024,85.7793701574949,0.0604950609824494,26.5414873564219,41.1335646466645,699.468880336114,0.0588068544620579,0.00391006842619746,1023,1019
sub-023,SD,Task,ECG/sub-023_run-02/Task/ecg.csv,744.90625,True,687,56.000873719253,0.205490013073466,136.061556006246,146.835672087993,1071.41185512204,0.137048765501356,0.0145772594752187,686,676
sub-024,RW,Task,ECG/sub-024_run-01/Task/ecg.csv,732.671875,True,678,55.5004650267791,0.164824430886579,100.183911219146,106.678468441964,1081.07202292899,0.0986784101145595,0.00147710487444608,677,676
sub-024,SD,Task,ECG/sub-024_run-02/Task/ecg.csv,693.125,True,630,54.9609134626342,0.234501089341433,111.403871016438,160.237105244973,1091.68491242038,0.146779627914533,0.00158982511923689,629,628
sub-025,RW,Task,ECG/sub-025_run-01/Task/ecg.csv,722.75,True,764,66.894431526906,0.345246860183955,268.003771456056,220.508226410182,896.935643677114,0.245846207545257,0.100917431192661,763,686
sub-025,SD,Task,ECG/sub-025_run-02/Task/ecg.csv,776.40625,False,719,68.1629254807498,0.295863642797895,289.415683690441,208.018838895793,880.243909380692,0.236319543570767,0.235376044568245,718,549
sub-026,RW,Task,ECG/sub-026_run-01/Task/ecg.csv,666.90625,True,860,77.4659492453378,0.0863400572736496,54.8330258979371,66.3411821526374,774.533851124416,0.085653044158532,0.00349243306169966,859,856
sub-026,SD,Task,ECG/sub-026_run-02/Task/ecg.csv,721.25,True,740,71.4546221585403,0.364843539128855,313.874068577009,263.652415139267,839.693755106209,0.313986395082715,0.171853856562923,739,612
sub-027,RW,Task,ECG/sub-027_run-01/Task/ecg.csv,688.625,False,598,69.0782253482635,0.351234764217516,320.24008811344,243.886205208539,868.5805070629,0.280787104045471,0.214405360134003,597,469
sub-027,SD,Task,ECG/sub-027_run-02/Task/ecg.csv,681.75,True,765,66.4179111237935,0.361554322369934,233.829125451972,239.405565752817,903.370777321927,0.265013626478534,0.06282722513089,764,716
sub-028,RW,Task,ECG/sub-028_run-01/Task/ecg.csv,700.25,True,862,75.1081837328686,0.129347237152985,107.538308667603,99.0940828791049,798.847702314269,0.124046276395399,0.0150987224157956,861,848
sub-028,SD,Task,ECG/sub-028_run-02/Task/ecg.csv,724.015625,False,717,67.4874073092528,0.306984239809443,348.70115556519,238.562321451248,889.054749503968,0.268332542607021,0.120111731843575,716,630
sub-029,RW,Task,ECG/sub-029_run-01/Task/ecg.csv,715.375,True,1005,84.2535737915547,0.0830097787377916,50.4433078047548,55.7020523118103,712.135964089089,0.0782182829132358,0.0049800796812749,1004,999
sub-029,SD,Task,ECG/sub-029_run-02/Task/ecg.csv,744.359375,False,682,69.3104749763057,0.313922646633206,391.878745985603,275.454740641908,865.670016263941,0.31819831513943,0.209985315712188,681,538
sub-030,RW,Task,ECG/sub-030_run-01/Task/ecg.csv,741.34375,True,841,68.167849075812,0.109155724689616,62.5740506943965,67.5852505284412,880.180331541219,0.0767856859628955,0.00357142857142856,840,837
sub-030,SD,Task,ECG/sub-030_run-02/Task/ecg.csv,708.125,True,757,65.0843760827459,0.116097354484131,66.8164271518816,82.8771284447845,921.880236260054,0.0899001032726399,0.0132275132275133,756,746
