,id,label,hemisphere,structure
0,1,SFG_L_7_1,L,cortex
1,2,SFG_R_7_1,R,cortex
2,3,SFG_L_7_2,L,cortex
3,4,SFG_R_7_2,R,cortex
4,5,SFG_L_7_3,L,cortex
5,6,SFG_R_7_3,R,cortex
6,7,SFG_L_7_4,L,cortex
7,8,SFG_R_7_4,R,cortex
8,9,SFG_L_7_5,L,cortex
9,10,SFG_R_7_5,R,cortex
10,11,SFG_L_7_6,L,cortex
11,12,SFG_R_7_6,R,cortex
12,13,SFG_L_7_7,L,cortex
13,14,SFG_R_7_7,R,cortex
14,15,MFG_L_7_1,L,cortex
15,16,MFG_R_7_1,R,cortex
16,17,MFG_L_7_2,L,cortex
17,18,MFG_R_7_2,R,cortex
18,19,MFG_L_7_3,L,cortex
19,20,MFG_R_7_3,R,cortex
20,21,MFG_L_7_4,L,cortex
21,22,MFG_R_7_4,R,cortex
22,23,MFG_L_7_5,L,cortex
23,24,MFG_R_7_5,R,cortex
24,25,MFG_L_7_6,L,cortex
25,26,MFG_R_7_6,R,cortex
26,27,MFG_L_7_7,L,cortex
27,28,MFG_R_7_7,R,cortex
28,29,IFG_L_6_1,L,cortex
29,30,IFG_R_6_1,R,cortex
30,31,IFG_L_6_2,L,cortex
31,32,IFG_R_6_2,R,cortex
32,33,IFG_L_6_3,L,cortex
33,34,IFG_R_6_3,R,cortex
34,35,IFG_L_6_4,L,cortex
35,36,IFG_R_6_4,R,cortex
36,37,IFG_L_6_5,L,cortex
37,38,IFG_R_6_5,R,cortex
38,39,IFG_L_6_6,L,cortex
39,40,IFG_R_6_6,R,cortex
40,41,OrG_L_6_1,L,cortex
41,42,OrG_R_6_1,R,cortex
42,43,OrG_L_6_2,L,cortex
43,44,OrG_R_6_2,R,cortex
44,45,OrG_L_6_3,L,cortex
45,46,OrG_R_6_3,R,cortex
46,47,OrG_L_6_4,L,cortex
47,48,OrG_R_6_4,R,cortex
48,49,OrG_L_6_5,L,cortex
49,50,OrG_R_6_5,R,cortex
50,51,OrG_L_6_6,L,cortex
51,52,OrG_R_6_6,R,cortex
52,53,PrG_L_6_1,L,cortex
53,54,PrG_R_6_1,R,cortex
54,55,PrG_L_6_2,L,cortex
55,56,PrG_R_6_2,R,cortex
56,57,PrG_L_6_3,L,cortex
57,58,PrG_R_6_3,R,cortex
58,59,PrG_L_6_4,L,cortex
59,60,PrG_R_6_4,R,cortex
60,61,PrG_L_6_5,L,cortex
61,62,PrG_R_6_5,R,cortex
62,63,PrG_L_6_6,L,cortex
63,64,PrG_R_6_6,R,cortex
64,65,PCL_L_2_1,L,cortex
65,66,PCL_R_2_1,R,cortex
66,67,PCL_L_2_2,L,cortex
67,68,PCL_R_2_2,R,cortex
68,69,STG_L_6_1,L,cortex
69,70,STG_R_6_1,R,cortex
70,71,STG_L_6_2,L,cortex
71,72,STG_R_6_2,R,cortex
72,73,STG_L_6_3,L,cortex
73,74,STG_R_6_3,R,cortex
74,75,STG_L_6_4,L,cortex
75,76,STG_R_6_4,R,cortex
76,77,STG_L_6_5,L,cortex
77,78,STG_R_6_5,R,cortex
78,79,STG_L_6_6,L,cortex
79,80,STG_R_6_6,R,cortex
80,81,MTG_L_4_1,L,cortex
81,82,MTG_R_4_1,R,cortex
82,83,MTG_L_4_2,L,cortex
83,84,MTG_R_4_2,R,cortex
84,85,MTG_L_4_3,L,cortex
85,86,MTG_R_4_3,R,cortex
86,87,MTG_L_4_4,L,cortex
87,88,MTG_R_4_4,R,cortex
88,89,ITG_L_7_1,L,cortex
89,90,ITG_R_7_1,R,cortex
90,91,ITG_L_7_2,L,cortex
91,92,ITG_R_7_2,R,cortex
92,93,ITG_L_7_3,L,cortex
93,94,ITG_R_7_3,R,cortex
94,95,ITG_L_7_4,L,cortex
95,96,ITG_R_7_4,R,cortex
96,97,ITG_L_7_5,L,cortex
97,98,ITG_R_7_5,R,cortex
98,99,ITG_L_7_6,L,cortex
99,100,ITG_R_7_6,R,cortex
100,101,ITG_L_7_7,L,cortex
101,102,ITG_R_7_7,R,cortex
102,103,FuG_L_3_1,L,cortex
103,104,FuG_R_3_1,R,cortex
104,105,FuG_L_3_2,L,cortex
105,106,FuG_R_3_2,R,cortex
106,107,FuG_L_3_3,L,cortex
107,108,FuG_R_3_3,R,cortex
108,109,PhG_L_6_1,L,cortex
109,110,PhG_R_6_1,R,cortex
110,111,PhG_L_6_2,L,cortex
111,112,PhG_R_6_2,R,cortex
112,113,PhG_L_6_3,L,cortex
113,114,PhG_R_6_3,R,cortex
114,115,PhG_L_6_4,L,cortex
115,116,PhG_R_6_4,R,cortex
116,117,PhG_L_6_5,L,cortex
117,118,PhG_R_6_5,R,cortex
118,119,PhG_L_6_6,L,cortex
119,120,PhG_R_6_6,R,cortex
120,121,pSTS_L_2_1,L,cortex
121,122,pSTS_R_2_1,R,cortex
122,123,pSTS_L_2_2,L,cortex
123,124,pSTS_R_2_2,R,cortex
124,125,SPL_L_5_1,L,cortex
125,126,SPL_R_5_1,R,cortex
126,127,SPL_L_5_2,L,cortex
127,128,SPL_R_5_2,R,cortex
128,129,SPL_L_5_3,L,cortex
129,130,SPL_R_5_3,R,cortex
130,131,SPL_L_5_4,L,cortex
131,132,SPL_R_5_4,R,cortex
132,133,SPL_L_5_5,L,cortex
133,134,SPL_R_5_5,R,cortex
134,135,IPL_L_6_1,L,cortex
135,136,IPL_R_6_1,R,cortex
136,137,IPL_L_6_2,L,cortex
137,138,IPL_R_6_2,R,cortex
138,139,IPL_L_6_3,L,cortex
139,140,IPL_R_6_3,R,cortex
140,141,IPL_L_6_4,L,cortex
141,142,IPL_R_6_4,R,cortex
142,143,IPL_L_6_5,L,cortex
143,144,IPL_R_6_5,R,cortex
144,145,IPL_L_6_6,L,cortex
145,146,IPL_R_6_6,R,cortex
146,147,PCun_L_4_1,L,cortex
147,148,PCun_R_4_1,R,cortex
148,149,PCun_L_4_2,L,cortex
149,150,PCun_R_4_2,R,cortex
150,151,PCun_L_4_3,L,cortex
151,152,PCun_R_4_3,R,cortex
152,153,PCun_L_4_4,L,cortex
153,154,PCun_R_4_4,R,cortex
154,155,PoG_L_4_1,L,cortex
155,156,PoG_R_4_1,R,cortex
156,157,PoG_L_4_2,L,cortex
157,158,PoG_R_4_2,R,cortex
158,159,PoG_L_4_3,L,cortex
159,160,PoG_R_4_3,R,cortex
160,161,PoG_L_4_4,L,cortex
161,162,PoG_R_4_4,R,cortex
162,163,INS_L_6_1,L,cortex
163,164,INS_R_6_1,R,cortex
164,165,INS_L_6_2,L,cortex
165,166,INS_R_6_2,R,cortex
166,167,INS_L_6_3,L,cortex
167,168,INS_R_6_3,R,cortex
168,169,INS_L_6_4,L,cortex
169,170,INS_R_6_4,R,cortex
170,171,INS_L_6_5,L,cortex
171,172,INS_R_6_5,R,cortex
172,173,INS_L_6_6,L,cortex
173,174,INS_R_6_6,R,cortex
174,175,CG_L_7_1,L,cortex
175,176,CG_R_7_1,R,cortex
176,177,CG_L_7_2,L,cortex
177,178,CG_R_7_2,R,cortex
178,179,CG_L_7_3,L,cortex
179,180,CG_R_7_3,R,cortex
180,181,CG_L_7_4,L,cortex
181,182,CG_R_7_4,R,cortex
182,183,CG_L_7_5,L,cortex
183,184,CG_R_7_5,R,cortex
184,185,CG_L_7_6,L,cortex
185,186,CG_R_7_6,R,cortex
186,187,CG_L_7_7,L,cortex
187,188,CG_R_7_7,R,cortex
188,189,MVOcC_L_5_1,L,cortex
189,190,MVOcC_R_5_1,R,cortex
190,191,MVOcC_L_5_2,L,cortex
191,192,MVOcC_R_5_2,R,cortex
192,193,MVOcC_L_5_3,L,cortex
193,194,MVOcC_R_5_3,R,cortex
194,195,MVOcC_L_5_4,L,cortex
195,196,MVOcC_R_5_4,R,cortex
196,197,MVOcC_L_5_5,L,cortex
197,198,MVOcC_R_5_5,R,cortex
198,199,LOcC_L_4_1,L,cortex
199,200,LOcC_R_4_1,R,cortex
200,201,LOcC_L_4_2,L,cortex
201,202,LOcC_R_4_2,R,cortex
202,203,LOcC_L_4_3,L,cortex
203,204,LOcC_R_4_3,R,cortex
204,205,LOcC_L_4_4,L,cortex
205,206,LOcC_R_4_4,R,cortex
206,207,LOcC_L_2_1,L,cortex
207,208,LOcC_R_2_1,R,cortex
208,209,LOcC_L_2_2,L,cortex
209,210,LOcC_R_2_2,R,cortex
210,211,Amyg_L_2_1,L,subcortex
211,212,Amyg_R_2_1,R,subcortex
212,213,Amyg_L_2_2,L,subcortex
213,214,Amyg_R_2_2,R,subcortex
214,215,Hipp_L_2_1,L,subcortex
215,216,Hipp_R_2_1,R,subcortex
216,217,Hipp_L_2_2,L,subcortex
217,218,Hipp_R_2_2,R,subcortex
218,219,BG_L_6_1,L,subcortex
219,220,BG_R_6_1,R,subcortex
220,221,BG_L_6_2,L,subcortex
221,222,BG_R_6_2,R,subcortex
222,223,BG_L_6_3,L,subcortex
223,224,BG_R_6_3,R,subcortex
224,225,BG_L_6_4,L,subcortex
225,226,BG_R_6_4,R,subcortex
226,227,BG_L_6_5,L,subcortex
227,228,BG_R_6_5,R,subcortex
228,229,BG_L_6_6,L,subcortex
229,230,BG_R_6_6,R,subcortex
230,231,Tha_L_8_1,L,subcortex
231,232,Tha_R_8_1,R,subcortex
232,233,Tha_L_8_2,L,subcortex
233,234,Tha_R_8_2,R,subcortex
234,235,Tha_L_8_3,L,subcortex
235,236,Tha_R_8_3,R,subcortex
236,237,Tha_L_8_4,L,subcortex
237,238,Tha_R_8_4,R,subcortex
238,239,Tha_L_8_5,L,subcortex
239,240,Tha_R_8_5,R,subcortex
240,241,Tha_L_8_6,L,subcortex
241,242,Tha_R_8_6,R,subcortex
242,243,Tha_L_8_7,L,subcortex
243,244,Tha_R_8_7,R,subcortex
244,245,Tha_L_8_8,L,subcortex
245,246,Tha_R_8_8,R,subcortex
