,roi_id,roi_name,tvs_value
0,1,ROI_001,-0.0063608367927372456
1,2,ROI_002,0.0006973480340093374
2,3,ROI_003,0.004447755869477987
3,4,ROI_004,0.02203645370900631
4,5,ROI_005,-0.006647584494203329
5,6,ROI_006,-0.022224619984626767
6,7,ROI_007,-0.030045311897993088
7,8,ROI_008,0.013425429351627827
8,9,ROI_009,-0.0004483727389015257
9,10,ROI_010,-0.027412885800004005
10,11,ROI_011,0.021842652931809425
11,12,ROI_012,0.0433361642062664
12,13,ROI_013,0.02101052552461624
13,14,ROI_014,0.023926844820380207
14,15,ROI_015,0.04217137023806572
15,16,ROI_016,0.06703218817710876
16,17,ROI_017,0.04263012483716011
17,18,ROI_018,0.03780214115977287
18,19,ROI_019,-0.076383575797081
19,20,ROI_020,-0.029407257214188572
20,21,ROI_021,0.03842531889677048
21,22,ROI_022,0.06433823704719543
22,23,ROI_023,0.05032018944621086
23,24,ROI_024,0.04354244843125343
24,25,ROI_025,0.017478864639997482
25,26,ROI_026,0.051188498735427856
26,27,ROI_027,-0.054899707436561584
27,28,ROI_028,-0.015033586882054804
28,29,ROI_029,0.0066181663423776635
29,30,ROI_030,0.02460583671927452
30,31,ROI_031,0.00015614197764080015
31,32,ROI_032,0.012150992639362812
32,33,ROI_033,-0.051697563380002975
33,34,ROI_034,0.01688934862613678
34,35,ROI_035,0.011700342409312723
35,36,ROI_036,-0.006383119150996208
36,37,ROI_037,-0.02639746479690075
37,38,ROI_038,-0.008716277778148651
38,39,ROI_039,-0.03263445943593979
39,40,ROI_040,-0.020160067826509476
40,41,ROI_041,-0.008951275609433651
41,42,ROI_042,-0.03450702503323555
42,43,ROI_043,-0.03476949408650398
43,44,ROI_044,-0.005887120496481657
44,45,ROI_045,-0.01886329799890518
45,46,ROI_046,0.008196765556931494
46,47,ROI_047,-0.010095242410898209
47,48,ROI_048,-0.018654830753803253
48,49,ROI_049,-0.016386045143008232
49,50,ROI_050,-0.03577118739485741
50,51,ROI_051,-0.04100208356976509
51,52,ROI_052,-0.01610983908176422
52,53,ROI_053,0.10712289810180664
53,54,ROI_054,0.12739604711532593
54,55,ROI_055,0.01824827864766121
55,56,ROI_056,0.024551335722208023
56,57,ROI_057,0.00990681815892458
57,58,ROI_058,0.022264624014496803
58,59,ROI_059,-0.04826670140028
59,60,ROI_060,-0.03624739125370979
60,61,ROI_061,-0.003512430004775524
61,62,ROI_062,-0.03246079385280609
62,63,ROI_063,0.007933659479022026
63,64,ROI_064,0.021492520347237584
64,65,ROI_065,-0.10616085678339005
65,66,ROI_066,-0.060541130602359765
66,67,ROI_067,-0.07933356612920761
67,68,ROI_068,-0.04939050227403641
68,69,ROI_069,0.039330713450908654
69,70,ROI_070,0.035143040120601654
70,71,ROI_071,-0.012331800535321236
71,72,ROI_072,-0.015749771147966385
72,73,ROI_073,0.0220224242657423
73,74,ROI_074,0.03844553977251053
74,75,ROI_075,0.059463195502758026
75,76,ROI_076,0.07654296606779097
76,77,ROI_077,0.008204566314816475
77,78,ROI_078,0.05207445845007896
78,79,ROI_079,0.06513769924640656
79,80,ROI_080,0.03649098426103592
80,81,ROI_081,-0.007548211608082056
81,82,ROI_082,-0.0045778788626194
82,83,ROI_083,0.015302042476832867
83,84,ROI_084,0.025117643177509308
84,85,ROI_085,0.040718555450439446
85,86,ROI_086,0.08935780823230742
86,87,ROI_087,0.07783723622560501
87,88,ROI_088,0.0845462828874588
88,89,ROI_089,-0.014066383242607117
89,90,ROI_090,0.007411434315145014
90,91,ROI_091,-0.003105731448158622
91,92,ROI_092,0.03443220257759094
92,93,ROI_093,0.007270832080394029
93,94,ROI_094,0.0011244447669014335
94,95,ROI_095,-0.010943901725113392
95,96,ROI_096,-0.012920808978378773
96,97,ROI_097,-0.03577603027224541
97,98,ROI_098,-0.019439829513430595
98,99,ROI_099,-0.06419628113508224
99,100,ROI_100,-0.019458029419183728
100,101,ROI_101,-0.02815611287951469
101,102,ROI_102,0.0009499643929302691
102,103,ROI_103,-0.013187302276492119
103,104,ROI_104,0.0007326727500185369
104,105,ROI_105,-0.03668000549077988
105,106,ROI_106,-0.04005472362041473
106,107,ROI_107,-0.0253030713647604
107,108,ROI_108,0.026627475395798683
108,109,ROI_109,-0.016017219051718712
109,110,ROI_110,-0.036298464983701706
110,111,ROI_111,0.010543666779994965
111,112,ROI_112,-0.0048926761373877525
112,113,ROI_113,-0.05152675136923789
113,114,ROI_114,-0.040946438908576965
114,115,ROI_115,-0.027761146426200863
115,116,ROI_116,-0.026066690683364868
116,117,ROI_117,-0.010984047316014767
117,118,ROI_118,0.0112835681065917
118,119,ROI_119,-0.06543668359518051
119,120,ROI_120,-0.01763402484357357
120,121,ROI_121,0.015742246061563492
121,122,ROI_122,0.046812444925308234
122,123,ROI_123,0.08713052421808241
123,124,ROI_124,0.07543322443962097
124,125,ROI_125,-0.10859018564224245
125,126,ROI_126,-0.07510454952716827
126,127,ROI_127,-0.015135664492845535
127,128,ROI_128,0.009632281959056854
128,129,ROI_129,-0.061187177896499634
129,130,ROI_130,-0.0537404827773571
130,131,ROI_131,-0.07980319857597351
131,132,ROI_132,-0.006584228947758675
132,133,ROI_133,0.01233833748847246
133,134,ROI_134,-0.09188969433307648
134,135,ROI_135,-0.0643371120095253
135,136,ROI_136,-0.007561078760772943
136,137,ROI_137,0.010203035548329352
137,138,ROI_138,0.05522891506552696
138,139,ROI_139,-0.025049565359950066
139,140,ROI_140,0.03985610604286194
140,141,ROI_141,0.04335954412817955
141,142,ROI_142,0.12373554706573486
142,143,ROI_143,-0.0006492945831269026
143,144,ROI_144,0.0656728446483612
144,145,ROI_145,-0.03270326927304268
145,146,ROI_146,-0.010682458989322184
146,147,ROI_147,0.07056644558906555
147,148,ROI_148,0.15068744122982025
148,149,ROI_149,-0.0988524854183197
149,150,ROI_150,-0.06514234840869904
150,151,ROI_151,-0.07272763550281523
151,152,ROI_152,-0.0566345788538456
152,153,ROI_153,0.020181469619274136
153,154,ROI_154,0.03987293690443039
154,155,ROI_155,0.10970475524663924
155,156,ROI_156,0.07076755166053772
156,157,ROI_157,-0.0044382112100720406
157,158,ROI_158,-0.012041636742651463
158,159,ROI_159,0.025484602898359295
159,160,ROI_160,0.008003121241927147
160,161,ROI_161,-0.08060913532972336
161,162,ROI_162,-0.04200460016727448
162,163,ROI_163,-0.004157412797212601
163,164,ROI_164,-0.03626549616456032
164,165,ROI_165,-0.014466377906501291
165,166,ROI_166,0.029566898941993717
166,167,ROI_167,-0.007715292274951936
167,168,ROI_168,-0.007677008397877216
168,169,ROI_169,0.005899608135223389
169,170,ROI_170,0.03992517665028572
170,171,ROI_171,-0.007818649522960186
171,172,ROI_172,0.00920283794403076
172,173,ROI_173,-0.004546031355857849
173,174,ROI_174,-0.010187867097556593
174,175,ROI_175,-0.0015841873828321695
175,176,ROI_176,0.03295207396149635
176,177,ROI_177,-0.020567351952195168
177,178,ROI_178,-0.00922957807779312
178,179,ROI_179,-0.01590927504003048
179,180,ROI_180,0.01371461059898138
180,181,ROI_181,-0.03234013170003891
181,182,ROI_182,-0.016025030985474586
182,183,ROI_183,-0.02648429572582245
183,184,ROI_184,-0.04109736904501914
184,185,ROI_185,-0.018819250166416168
185,186,ROI_186,0.010179350152611732
186,187,ROI_187,-0.04208944737911224
187,188,ROI_188,-0.05281452089548111
188,189,ROI_189,-0.04107576236128807
189,190,ROI_190,0.02799522690474987
190,191,ROI_191,-0.08318715542554854
191,192,ROI_192,-0.044929787516593926
192,193,ROI_193,-0.10035698860883711
193,194,ROI_194,-0.007767390459775923
194,195,ROI_195,-0.11836661398410796
195,196,ROI_196,-0.037972647696733475
196,197,ROI_197,-0.12931910157203674
197,198,ROI_198,-0.06682592630386353
198,199,ROI_199,-0.08317026495933533
199,200,ROI_200,0.004342941101640463
200,201,ROI_201,-0.12982302904129028
201,202,ROI_202,-0.05071328207850456
202,203,ROI_203,-0.03669941797852516
203,204,ROI_204,0.01718238741159439
204,205,ROI_205,-0.09814897179603577
205,206,ROI_206,0.016818059608340263
206,207,ROI_207,-0.09511386603116989
207,208,ROI_208,-0.0013800864107906818
208,209,ROI_209,-0.07169264554977417
209,210,ROI_210,0.03602541238069534
210,211,ROI_211,0.005366762634366752
211,212,ROI_212,0.009629837237298489
212,213,ROI_213,0.0002382496313657612
213,214,ROI_214,0.014821243472397327
214,215,ROI_215,-0.004607993643730879
215,216,ROI_216,0.003095676191151142
216,217,ROI_217,-0.014720925129950047
217,218,ROI_218,-0.004135952331125736
218,219,ROI_219,0.0241997204720974
219,220,ROI_220,0.03765440359711647
220,221,ROI_221,-0.01425762102007866
221,222,ROI_222,-0.008719638921320438
222,223,ROI_223,0.005586832296103239
223,224,ROI_224,0.011056654155254364
224,225,ROI_225,0.013657450675964355
225,226,ROI_226,0.007282034959644078
226,227,ROI_227,0.03267243131995201
227,228,ROI_228,0.01825562119483948
228,229,ROI_229,-0.01648435741662979
229,230,ROI_230,-0.009245943278074265
230,231,ROI_231,0.03433094918727875
231,232,ROI_232,0.0461733378469944
232,233,ROI_233,0.004517462570220232
233,234,ROI_234,0.0038789922837167974
234,235,ROI_235,0.006695352494716644
235,236,ROI_236,0.016143860295414925
236,237,ROI_237,0.10056163370609283
237,238,ROI_238,0.09492819756269456
238,239,ROI_239,0.014543847180902956
239,240,ROI_240,0.037966977804899216
240,241,ROI_241,0.0393555536866188
241,242,ROI_242,0.07036521285772324
242,243,ROI_243,0.05283689871430397
243,244,ROI_244,0.07200907170772552
244,245,ROI_245,0.014637541957199572
245,246,ROI_246,0.008638867177069187
