subject,run,LC,LDTg,mRt,PBC,PnO,PTg
sub-001,RW,0.09024294544190224,0.12956601115889455,-0.043706551622639235,-0.05684730700196613,0.024444206093280917,-0.01325256663112965
sub-001,SD,0.3057834277595864,-0.1659140227225964,0.09626279632561796,0.14270856899443385,0.30601542533720943,0.10221862988753141
sub-002,RW,-0.007737690531214961,-0.19370430697910707,0.006820664915392182,-0.025315886629210683,-0.03539874269430783,0.1298296285820731
sub-002,SD,0.13772163534870807,0.1285833349553055,-0.18347295166903982,-0.08761272921517177,0.08054772264818054,-0.07377010833499707
sub-003,RW,-0.2123269291719948,-0.16743845097924967,-0.14600075502712492,-0.2282896594185821,-0.05383313983987831,0.08480575058449036
sub-003,SD,-0.03354366898628765,-0.07709737891996625,-0.024225659092736426,-0.09491352324998026,-0.023646147581156494,-0.07923787465668301
sub-004,RW,0.42986263894350146,0.43416031425987855,-0.15395465445368456,0.17604162053915562,0.38812944015171486,-0.34453610812228963
sub-004,SD,0.3050918074754064,0.2224651715272851,0.24258963356342378,0.2519202410568327,0.25557558148985926,0.059753122109832586
sub-005,RW,0.12317631097640092,-0.09917145895786603,0.1503176368910745,0.2660487228195211,0.20652381018271768,0.14505579423249196
sub-005,SD,0.027155819267069937,-0.004984316682705752,-0.016600164255719176,-0.20090383080707494,0.27043132265985176,-0.0958809879705388
sub-006,RW,-0.19362966522744904,-0.24792138352086418,0.25935801975493356,-0.051649341440139884,-0.1506417241308398,0.20515414936063642
sub-006,SD,0.0028176907108170956,-0.08339170993774743,0.05063176766319298,0.07029273522504864,0.039600213990813975,0.22375751820954284
sub-007,RW,-0.014588906511388406,0.016053702112855527,0.2997493409654126,-0.006544685622717002,-0.16621994483554065,0.22554570797386908
sub-007,SD,0.2031440058598667,0.24656204621978814,-0.02186677323552349,0.21412332134952833,0.11306130162681279,0.030553915353249538
sub-008,RW,0.1339420401923961,0.3595661941719012,0.057914011133462444,0.0021183151028833845,-0.05146481831067742,0.2350840776862199
sub-008,SD,0.23757167849351635,0.08071023099973974,-0.2883039638029948,-0.2831748189957733,-0.2761743690964484,-0.32425773553569587
sub-009,RW,0.21961973767752616,0.33810880553832134,0.046410443089269726,0.26718609260089315,0.031024114984125252,0.1683406336684706
sub-009,SD,0.12084164872352329,-0.015303527160129032,0.23168539000507232,0.2905254722437381,0.3577587483286764,0.09192728718379989
sub-010,RW,-0.17461190285818556,-0.3444539234452874,-0.27272913429045337,-0.21527025823725968,-0.14998852108879887,-0.28969011607458955
sub-010,SD,0.033732895821002445,0.09770325851282839,0.022556187315627245,-0.12307240860919409,0.08933666763900439,-0.10605801782348345
sub-011,RW,-0.10268320305741963,-0.13468080539300484,-0.05657370692196119,-0.24940144137106166,-0.14412211159367888,-0.17832154452840565
sub-011,SD,0.14278554523607276,0.09526924874720782,0.011885929959293877,0.08129858462950457,0.03637509326461571,0.043120098410867155
sub-012,RW,0.25694875796868916,0.24845847390452452,0.18138422324285933,0.20636180875383023,-0.0023103823176882413,0.06594397223826413
sub-012,SD,0.19553231359528206,0.13656674501607421,0.07044110451460714,0.2080398620636826,0.13856170492842265,0.025125557106592443
sub-013,RW,0.10968359836515383,0.023427285371738528,0.062046546251247926,0.10565367116492562,0.030833698007940405,0.06271519092661554
sub-013,SD,0.2449759269010825,0.2743208967444419,-0.007749160582088181,0.17064106701904685,0.25446547222881666,0.01644277910851597
sub-014,RW,-0.34407214915990286,-0.13396808222897827,-0.19373577572841016,-0.35851120212215104,-0.2972601877617787,-0.1919084086952963
sub-014,SD,0.0017818560181254006,0.1184130006646066,-0.36887211321519836,-0.4056417585012201,-0.03205722311356095,-0.2868119364992676
sub-015,RW,-0.18124140016326823,-0.12284918192289511,0.25750401336726547,-0.10049260111643497,0.17379725373494628,0.26548223728756765
sub-015,SD,-0.14490689425669587,0.045868222881292414,-0.050386284726819795,-0.28989987350219665,-0.215588494121547,-0.287422384885874
sub-016,RW,0.10000544930389715,0.04270094841410011,-0.1756608947683021,0.0768399789827892,0.04799285764258005,0.3107009323093075
sub-016,SD,-0.0880770532777626,-0.10000447823564378,-0.04047448502125241,0.005491906374400863,-0.08145564866683438,-0.12595089432851447
sub-017,RW,0.14609433780314152,0.1541593995730892,0.4032658395965432,0.3248381904998702,0.40030166569896314,0.5232293226285031
sub-017,SD,0.18401798860591387,0.18076070843013628,0.16334818282716795,0.12965019682025922,-0.0039297843036319125,0.06351820542367421
sub-018,RW,-0.14240345364920257,-0.18775575872386052,-0.001379955026397187,0.10783875150538383,-0.0026324602904569104,0.015925557522839584
sub-018,SD,-0.1580519962429203,-0.2580641363672643,-0.32262114850588863,-0.2653681957883214,0.020164278943999164,-0.19018609225258254
sub-019,RW,-0.13990524396844767,-0.07371356216112494,-0.06782022947631453,-0.1021043220289526,-0.07043793919533531,-0.05123803143334859
sub-019,SD,-0.1128941993874587,0.017830709565650613,-0.3225313008174408,-0.22240332415110825,0.08822130400961334,-0.19684018690877586
sub-020,RW,-0.11450737783581086,-0.16416966053819823,0.04700946412791616,0.07188668616422696,-0.07451442259306706,0.03896495919301966
sub-020,SD,0.25054888950064114,0.20077435949662573,0.1875346757982171,0.18900498086630707,0.38395588462163466,0.10849039577103849
sub-021,RW,-0.0487737646595767,-0.058624443600045754,0.23808815184812848,-0.03280610350244788,-0.03441702634199175,0.1476203586099234
sub-021,SD,0.23985222162314634,0.0035747131924570743,-0.24004381183600365,-0.02638615100892809,0.2633389811174809,-0.22427293712322602
sub-022,RW,0.08499042356617549,0.019383181448104064,0.033177035872186796,0.08666118608247844,0.14825064263324134,-0.10041040345133895
sub-022,SD,0.19684715367043293,0.11909325211077113,0.03016020542123604,0.16244872724746523,0.14546883638170555,0.29527940825728516
sub-023,RW,0.2901993393064341,0.2792521916633948,0.2891272662694629,0.2284004992107134,0.22817414478096298,0.4356891815869577
sub-023,SD,0.12868154049005834,0.05397079659938657,-0.0721394962241179,0.01521960921006017,-0.015062163261807754,0.16801246112247362
sub-024,RW,0.1655025553431326,0.02278692474226517,-0.02226348698177607,0.03057535625560349,0.17350012145080032,-0.0343267162253231
sub-024,SD,0.1730948417719102,0.12550902446507403,-0.03419059832041156,0.21683869631512723,-0.031507723141740565,-0.06275288722245562
sub-025,RW,-0.08949967676939252,-0.08844528604235033,0.04989036748070349,-0.19428063258156095,-0.026740851402894977,-0.1368440907221372
sub-025,SD,0.27127795554541007,0.2617029022270773,0.018152478664554373,0.08402324022536128,0.22416653937261066,-0.05514269726513028
sub-026,RW,0.082310884958355,0.22411679156410091,0.058661066503519856,0.05285908181428977,-0.08100433495333012,-0.044905205008225924
sub-026,SD,0.33142126758815826,0.3564532069100009,0.1355348044183116,0.12267042576835252,-0.05215708420139062,0.25535242568664496
sub-027,RW,0.11754498044097195,0.18016143826018682,-0.06261676727863219,-0.032355118624316594,0.16650999114257664,-0.008311628221560386
sub-027,SD,0.13313628411940587,0.0740329816405344,0.056174331717972883,0.052259265029558744,0.0009914684930586507,-0.10345725503389644
sub-028,RW,0.1275922923365569,0.28616353586786153,0.003793129297622914,0.022427559902902048,0.2635307684180961,0.1632371816806739
sub-028,SD,0.06686904122377237,0.020306806543799513,-0.12806084593716743,-0.09154023153381405,0.11587425649931571,-0.30006639361314874
sub-029,RW,0.18741384370442918,0.13394663746091193,0.10400688272867264,0.053588957741129595,0.25622375433105593,0.12989443442403367
sub-029,SD,0.18249772916013537,0.2186395012061629,0.05879028177723724,-0.02279215895896396,0.21625667303845966,0.06750549143713187
sub-030,RW,0.015328301510075314,-0.07471596650937687,0.07875575211594628,0.029708967592552794,0.06450906512166735,-0.18161796456393148
sub-030,SD,0.1980602248135137,0.16825797537855916,-0.0911293212299957,-0.015132017084473356,0.07700676848421736,0.018485405674959307
