number,participant_id,group,FS-14,center
1,sub-sub001,patient,11,1
2,sub-sub002,patient,10,1
3,sub-sub003,patient,12,1
4,sub-sub004,patient,14,1
5,sub-sub005,patient,14,1
6,sub-sub006,patient,7,1
7,sub-sub007,patient,10,1
8,sub-sub008,patient,9,1
9,sub-sub009,patient,9,1
10,sub-sub010,patient,14,1
11,sub-sub011,patient,7,1
12,sub-sub012,patient,11,1
13,sub-sub013,patient,8,1
14,sub-sub014,patient,10,1
15,sub-sub015,patient,11,1
16,sub-sub016,patient,8,1
17,sub-sub017,patient,8,1
18,sub-sub018,patient,10,1
19,sub-sub019,patient,9,1
20,sub-sub020,patient,12,1
21,sub-sub021,patient,8,1
22,sub-sub022,patient,8,1
23,sub-sub023,health,0,1
24,sub-sub024,health,0,1
25,sub-sub025,health,3,1
26,sub-sub026,health,2,1
27,sub-sub027,patient,7,1
28,sub-sub028,health,2,1
29,sub-sub029,patient,10,1
30,sub-sub030,health,3,1
31,sub-sub031,health,2,1
32,sub-sub032,health,0,1
33,sub-sub033,patient,12,1
34,sub-sub034,health,6,1
35,sub-sub035,health,1,1
36,sub-sub036,health,4,1
37,sub-sub037,health,2,1
38,sub-sub038,patient,10,1
39,sub-sub039,health,3,1
40,sub-sub040,patient,11,1
41,sub-sub081,health,5,1
42,sub-sub082,patient,7,1
43,sub-sub083,patient,7,1
44,sub-sub084,patient,13,1
45,sub-sub085,patient,10,1
46,sub-sub086,patient,14,1
47,sub-sub087,patient,12,1
48,sub-sub088,patient,11,1
49,sub-sub089,patient,13,1
50,sub-sub090,patient,13,1
51,sub-sub091,patient,12,1
52,sub-sub092,patient,13,1
53,sub-sub093,patient,9,1
54,sub-sub094,patient,9,1
55,sub-sub095,patient,12,1
56,sub-sub096,patient,14,1
57,sub-sub097,health,4,1
58,sub-sub098,patient,12,1
59,sub-sub099,health,4,1
60,sub-sub100,health,2,1
61,sub-sub101,health,2,1
62,sub-sub102,health,2,1
63,sub-sub103,patient,13,1
64,sub-sub127,patient,11,1
65,sub-sub128,health,0,1
66,sub-sub129,patient,9,1
67,sub-sub130,health,4,1
68,sub-sub131,health,4,1
69,sub-sub132,health,1,1
70,sub-sub133,health,0,1
71,sub-sub134,health,8,1
72,sub-sub143,health,4,1
73,sub-sub144,health,7,1
74,sub-sub145,patient,13,1
75,sub-sub146,patient,13,1
76,sub-sub147,patient,9,1
77,sub-sub148,health,0,1
78,sub-sub149,health,5,1
79,sub-sub150,patient,10,1
80,sub-sub201,patient,12,2
81,sub-sub202,patient,12,2
82,sub-sub203,patient,9,2
83,sub-sub204,patient,12,2
84,sub-sub205,patient,13,2
85,sub-sub206,patient,12,2
86,sub-sub207,patient,13,2
87,sub-sub208,patient,12,2
88,sub-sub209,patient,11,2
89,sub-sub210,patient,9,2
90,sub-sub211,patient,11,2
91,sub-sub212,patient,10,2
92,sub-sub213,patient,13,2
93,sub-sub214,patient,12,2
94,sub-sub215,patient,12,2
95,sub-sub216,patient,13,2
96,sub-sub217,patient,12,2
97,sub-sub218,patient,10,2
98,sub-sub219,patient,11,2
99,sub-sub220,patient,12,2
100,sub-sub221,health,5,2
101,sub-sub222,patient,12,2
102,sub-sub223,health,6,2
103,sub-sub224,patient,14,2
104,sub-sub225,patient,10,2
105,sub-sub226,health,6,2
106,sub-sub227,patient,11,2
107,sub-sub228,patient,11,2
108,sub-sub229,patient,13,2
109,sub-sub230,patient,13,2
110,sub-sub231,patient,8,2
111,sub-sub232,patient,11,2
112,sub-sub233,patient,10,2
113,sub-sub234,health,7,2
114,sub-sub235,patient,9,2
115,sub-sub236,patient,10,2
116,sub-sub237,patient,11,2
117,sub-sub238,patient,12,2
118,sub-sub239,patient,13,2
119,sub-sub240,health,,2
120,sub-sub241,health,,2
121,sub-sub242,health,,2
122,sub-sub243,health,,2
123,sub-sub244,health,,2
124,sub-sub245,health,,2
125,sub-sub246,health,,2
126,sub-sub247,health,,2
127,sub-sub248,health,,2
128,sub-sub249,health,,2
129,sub-sub250,health,,2
130,sub-sub251,health,,2
131,sub-sub252,patient,13,2
132,sub-sub253,health,,2
133,sub-sub254,health,,2
134,sub-sub255,health,,2
135,sub-sub256,health,,2
136,sub-sub257,health,,2
137,sub-sub258,health,,2
138,sub-sub259,health,,2
139,sub-sub260,health,,2
140,sub-sub261,health,,2
141,sub-sub262,health,,2
142,sub-sub263,health,,2
143,sub-sub264,health,,2
144,sub-sub265,health,,2
145,sub-sub266,health,,2
146,sub-sub267,health,,2
147,sub-sub268,health,,2
148,sub-sub269,health,,2
149,sub-sub271,patient,10,1
150,sub-sub272,patient,8,1
151,sub-sub273,patient,14,1
152,sub-sub274,patient,12,1
153,sub-sub275,patient,10,1
154,sub-sub276,patient,12,1
155,sub-sub277,patient,13,1
156,sub-sub278,patient,13,1
157,sub-sub279,patient,9,1
158,sub-sub280,patient,10,1
159,sub-sub281,health,3,1
160,sub-sub282,patient,13,1
161,sub-sub283,patient,14,1
162,sub-sub284,patient,11,1
163,sub-sub285,patient,9,1
164,sub-sub291,health,,2
165,sub-sub292,health,,2
166,sub-sub293,health,,2
167,sub-sub294,health,,2
168,sub-sub295,health,,2
169,sub-sub296,health,,2
170,sub-sub297,health,,2
171,sub-sub298,health,,2
172,sub-sub299,health,,2
173,sub-sub300,health,,2
174,sub-sub301,health,,2
175,sub-sub302,health,,2
176,sub-sub303,health,,2
177,sub-sub304,health,,2
178,sub-sub305,health,,2
179,sub-sub306,health,,2
180,sub-sub307,health,,2
181,sub-sub308,health,,2
182,sub-sub309,health,,2
183,sub-sub310,health,,2
184,sub-sub311,health,,2
185,sub-sub312,health,,2
186,sub-sub313,health,,2
187,sub-sub314,health,,2
188,sub-sub315,health,,2
189,sub-sub316,health,,2
190,sub-sub317,health,,2
191,sub-sub318,health,,2
192,sub-sub319,health,,2
193,sub-sub320,health,,2
194,sub-sub321,health,,2
195,sub-sub322,health,,2
196,sub-sub323,health,,2
197,sub-sub324,health,,2
198,sub-sub325,health,,2
199,sub-sub326,health,,2
200,sub-sub327,health,,2
