subject,tvs_aan_amplitude,tvs_express_amplitude
sub-0001,0.9701832434080564,0.13420854294810297
sub-0002,0.9674771556985554,0.10182556786690072
sub-0003,0.9445163598970506,0.1463859097271559
sub-0009,1.0719100150061878,0.17817192539690999
sub-0011,1.1958560675643277,0.12338299944254169
sub-0013,0.8942122179974348,0.13395738481504565
sub-0015,1.1048353683819667,0.17996532604611512
sub-0018,0.8862740723967648,0.10142220271727566
sub-0020,1.0333040785877474,0.10722073886496536
sub-0021,1.0131857752174802,0.18501173558421144
sub-0024,0.9843190706960376,0.15286070317534237
sub-0025,0.9400824846990518,0.13807200253245394
sub-0026,1.1064191785771935,0.15754092486261242
sub-0027,0.7907095350006781,0.15917552593464473
sub-0028,0.897546469845442,0.1389725777023131
sub-0029,0.8879039077289141,0.17058563971629323
sub-0030,0.9457186773160238,0.13082174660218832
sub-0031,0.9553321716493282,0.11946312706210764
sub-0032,0.9895083782812555,0.11343883442429295
sub-0033,1.069804625321003,0.14063615967826998
sub-0035,0.8828008999563478,0.13801576119650596
sub-0036,1.0338304509971836,0.14699124667691982
sub-0037,0.8185218342249146,0.15632372514998621
sub-0038,0.9759499609089505,0.14339605566650615
sub-0043,1.1250679184939014,0.1262132691516734
sub-0046,1.0054103187233308,0.15996323199846874
sub-0048,0.9250659872226731,0.17369376783059634
sub-0050,1.04018104983694,0.149662193970947
sub-0053,1.118956071840147,0.1623620151929266
sub-0054,0.9738669490805675,0.09963889126465209
sub-0055,1.1020702370159738,0.16603014889845533
sub-0057,0.9665096247759487,0.16001642831171997
sub-0059,0.9233819245339057,0.13439088702306823
sub-0060,0.8707409517830573,0.16360972924393438
sub-0061,0.9692978202662507,0.11371782967614999
sub-0062,0.9837135780798264,0.116377166613259
sub-0063,0.8678463146744743,0.15949155473483023
sub-0064,0.8510420078852836,0.1217349753185061
sub-0066,0.8842979110817776,0.12121546894024918
sub-0067,1.0453756915000973,0.14485265174930742
sub-0068,0.8900258987310016,0.13575735986480283
sub-0069,1.0646456187864577,0.1323259544281482
sub-0072,0.9219515449947512,0.12614139598435714
sub-0073,1.0318353090431571,0.16131867887983228
sub-0075,0.9332641292737917,0.12607360995522462
sub-0078,1.0129458939118041,0.14763299944219793
sub-0080,1.0973939807636437,0.1628082497158625
sub-0081,1.0591229251189649,0.11881584845234236
sub-0083,1.193743854543799,0.13081919046484827
sub-0084,1.0098873072163257,0.1590807680994303
sub-0085,1.0590570693540011,0.14553924885226885
sub-0086,1.118998423312149,0.14865253329326866
sub-0087,0.9267618439045645,0.1116987568356416
sub-0088,0.9694034083463035,0.13466173233612067
sub-0089,0.988257326436685,0.14893858761722145
sub-0090,1.051845427949393,0.13794923316259952
sub-0092,0.9293485609298002,0.14224242699688686
sub-0093,1.03967775194907,0.13938522146829876
sub-0094,0.9814996515324289,0.12787542525915055
sub-0095,0.9133063861157908,0.13503887735450537
sub-0097,0.9852321500110605,0.13638469838532846
sub-0098,1.0350616709233718,0.13196703804666363
sub-0099,0.9119724176168378,0.12068541696748085
sub-0100,1.0700870084415683,0.15434106834416006
sub-0102,0.9758866517817214,0.1580893151097494
sub-0103,1.1606811327141415,0.18282487056679358
sub-0104,1.1226038347638014,0.13612722754662393
sub-0105,1.0358826355561808,0.11593293103468125
sub-0107,0.899477332877651,0.1740519545352572
sub-0108,0.9528394341094906,0.16263739656007964
sub-0109,0.8626896334150398,0.14901224438276126
sub-0111,1.0000790727077113,0.14024033854026594
sub-0113,1.0961303718640698,0.14163055786534526
sub-0114,1.0236284706337762,0.17523177249179187
sub-0115,0.9176693648890526,0.15636667669204718
sub-0116,0.8034156904143898,0.16410304811612447
sub-0117,0.8696305530128612,0.15531055118803883
sub-0118,1.0591109604008704,0.11172423651506468
sub-0119,0.8063261673849451,0.11768925929872426
sub-0120,1.041741228874446,0.15637140890289844
sub-0122,1.1222791530673724,0.1250867101599468
sub-0123,1.1892062949469624,0.1352069219922763
sub-0125,1.0012338013046067,0.14789321274541792
sub-0126,1.132229429111489,0.12736658846198892
sub-0127,1.0763761446960938,0.15503337698323844
sub-0128,0.9775223399759964,0.1578753081762641
sub-0130,1.0987181632935743,0.13488604019745995
sub-0131,1.0462086353387836,0.1315647478312282
sub-0132,1.0639689809403987,0.14784348717251114
sub-0133,0.9189941811391548,0.11984393415646206
sub-0134,1.0599123316777725,0.12748134586371526
sub-0135,0.9853388694216852,0.10831332923771099
sub-0136,0.8340704366211718,0.14942200154833543
sub-0138,0.9190580186842008,0.1525187989982145
sub-0140,1.0863028393714775,0.12918148890501388
sub-0143,0.791645342814355,0.12000507455916919
sub-0144,1.094145611600317,0.16125408374649844
sub-0145,0.9897608952553462,0.15472824766986068
sub-0146,1.0172716397640902,0.1519484108841451
sub-0147,0.9942388543654244,0.13793542963870759
sub-0148,1.0121790937910826,0.12109243265968865
sub-0149,0.8875236565012906,0.1269018951476684
sub-0150,0.9598302344604981,0.14889835426806164
sub-0152,0.954307905087713,0.13898991256050522
sub-0157,1.054784135181063,0.15517651627607112
sub-0159,1.1071839004169168,0.1298857615448028
sub-0160,0.8950877916035073,0.18164369806494973
sub-0161,1.075857008981725,0.11857198446599146
sub-0162,0.7574166176564721,0.1140245019700108
sub-0165,0.9528421140762736,0.1640384842297362
sub-0169,0.9114951371089314,0.175966411199983
sub-0172,1.0443883084853334,0.12657945311357313
sub-0173,0.9382540860795617,0.12582675535617005
sub-0175,0.884221750415514,0.150441376445453
sub-0177,0.9981381967897076,0.14858989328359126
sub-0178,1.1145505055504572,0.14210729128439706
sub-0180,1.0694474067079478,0.11103456284089468
sub-0181,0.9685037917406162,0.1544947110086257
sub-0182,1.1589016932011749,0.13825653253747713
sub-0185,0.7971153630211348,0.13468046300215672
sub-0187,0.8688882360025681,0.1636769945608961
sub-0189,1.1228550014146692,0.11594422813078463
sub-0190,1.1743829535946806,0.14612445908478733
sub-0191,0.9507429913728134,0.09895408243349116
sub-0192,1.0369482696240453,0.1619636058674118
sub-0194,1.1028516088251692,0.1749143128633118
sub-0196,0.9013786790274263,0.16775519642575046
sub-0201,1.1646674636685463,0.1353612753614367
sub-0202,1.2081793271243102,0.13282105776421932
sub-0203,1.0209513789813576,0.20354832742558915
sub-0204,1.1978520415459042,0.13983687937215875
sub-0205,0.9022508336452412,0.17218836789408945
sub-0206,1.0230587141236436,0.11981297496646427
sub-0207,0.8674624321428328,0.1290729306784322
sub-0208,0.9689429386782409,0.14574398369922456
sub-0209,1.036877851022747,0.16293736806551504
sub-0210,0.9651467387437985,0.166911681584328
sub-0212,0.8063020246418832,0.13068397270980633
sub-0213,1.0735952722972744,0.15125464240964054
sub-0215,1.0059967562474272,0.10408433863949659
sub-0216,1.012117975743126,0.11616228514384157
sub-0217,0.9729546555355706,0.1483050178892418
sub-0221,0.9180962809264254,0.15378937078850471
sub-0223,0.8833422014641419,0.1430410404064294
sub-0224,0.907424971539487,0.1316072426431094
sub-0225,0.8887342774551267,0.12556506334899006
sub-0226,0.9296208151217075,0.09698277369774279
sub-0227,0.8433179992975691,0.16563232952793847
sub-0228,1.032687001708615,0.12080810583568079
sub-0232,1.0844746851109777,0.16309448290019002
sub-0234,0.9022203439134021,0.10271343723648127
sub-0236,0.9491072704786289,0.1442604713110854
sub-0238,0.9045195383602022,0.15795794278284558
sub-0240,0.994131143525849,0.15612366134833355
sub-0241,0.9007155396551256,0.14042736858865637
sub-0242,0.8856259199199837,0.11982971946356064
sub-0243,1.1694203209648617,0.12511512503757355
sub-0246,1.0923001439653395,0.14160527478339988
sub-0247,0.9258716934435403,0.14359506142651074
sub-0248,1.0005954106745878,0.17397447092429807
sub-0250,1.0341256017331026,0.1204877652433184
sub-0253,0.8275095672692769,0.11645696884653726
sub-0256,1.0666026101683872,0.1423762627267601
sub-0257,0.9705199647136804,0.17548354105501002
sub-0260,0.9289784917678703,0.1605262532308858
sub-0261,0.9852127781094112,0.12117325383462815
sub-0262,0.9923930494085104,0.1465375645378976
sub-0263,0.9159878691915073,0.20680640545816928
sub-0264,1.007834325012768,0.148759285090441
sub-0266,0.8719104694769544,0.1293685944590474
sub-0268,1.0275061576164561,0.10869899258562536
sub-0270,0.9609427392771265,0.1344508335630453
sub-0272,0.9694246231496564,0.11100990838188672
sub-0275,0.986178986567031,0.19358849062543218
sub-0276,0.9144397130353741,0.14537911897698422
sub-0278,0.8894066268195232,0.1640576482587093
sub-0279,1.2469760632179845,0.14138940965839875
sub-0280,1.0063831472164246,0.14776052122086852
sub-0281,0.9418078185354046,0.12578090044339194
sub-0282,1.1522592494455346,0.10727706214546652
sub-0283,0.9469091077988623,0.12548196444610898
sub-0285,0.9460985785669079,0.14887806268051104
sub-0286,1.0501796996255015,0.13466153863663252
sub-0287,0.964383791823768,0.1646771495677386
sub-0288,0.9722384709091884,0.11858619294386645
sub-0289,0.8163620208155751,0.14355212081174537
sub-0291,1.0470993447291685,0.1577602376483658
sub-0292,0.9989145359518301,0.1495167573101177
sub-0293,0.8914454178928226,0.11622241631347172
sub-0299,0.9762963614082716,0.15168823886652355
sub-0300,0.9909954899177149,0.11822302567915696
sub-0301,1.168060648832096,0.1299935274655609
sub-0302,0.9897799988263747,0.17233958361308285
sub-0308,0.8844391424478006,0.144338010632587
sub-0309,0.9597663362070527,0.13836404930184565
sub-0310,0.9016487504514821,0.16146124773660936
sub-0313,1.1257357251860183,0.13420075407200233
sub-0316,0.9908995102308715,0.12410600109382522
sub-0317,1.017499026161296,0.14335465076831186
sub-0318,1.1987778726407001,0.122874099160209
sub-0319,0.8972130179619902,0.1292732720555925
sub-0320,1.0516890129859318,0.1634167487002163
sub-0321,0.8592789451268619,0.16244982481593617
sub-0324,0.9882667176526159,0.18536742882700366
sub-0325,0.8922031007604803,0.11706084925649653
sub-0326,1.229597309843244,0.12541382601163995
sub-0330,1.1065786775350652,0.10575958057519338
sub-0331,0.927976313857047,0.1611729112231004
sub-0333,0.935624823047557,0.15821382036196047
sub-0334,0.9506246911914225,0.14429605737773923
sub-0337,0.9338363679237363,0.1785833219956943
sub-0340,0.9164500322088385,0.14575776441323818
sub-0341,0.8830874547415896,0.10670443927512968
sub-0345,0.9707774893545482,0.16279952829265418
sub-0346,1.2451317856762583,0.12921547543009596
sub-0347,0.9202427841792608,0.11578699522980092
sub-0349,0.823145547747861,0.1445662227889844
sub-0350,0.9527751888584995,0.11332350487302074
sub-0351,1.1412085336923963,0.18125009705729103
sub-0354,1.0488793191901078,0.12219361889776269
sub-0355,0.9316095748982878,0.12836088152355785
sub-0357,0.9767478660606554,0.1515307906407527
sub-0358,1.0955232625698037,0.17387200396208766
sub-0359,0.9878022247460778,0.14991988034827058
sub-0360,0.8841010173035244,0.13166103871284063
sub-0361,0.9405813368234542,0.1414277182033086
sub-0362,0.8828574374312488,0.1053058947326349
sub-0363,0.9162013797926947,0.1517646678640532
sub-0364,0.7925689794627118,0.15753203299918644
sub-0367,0.9516367133026201,0.1467736034538306
sub-0368,0.9226121668082595,0.1393889318382946
sub-0369,1.1521831702245509,0.1348073669352644
sub-0371,0.9349786054524425,0.15545381135623512
sub-0372,0.9622680811182959,0.15360924107401988
sub-0376,1.154955639309547,0.15472519030370627
sub-0377,1.0241039860119099,0.09848289674089662
sub-0378,0.9134809781156953,0.11817092728325732
sub-0379,0.8792196764445528,0.1382762228045326
sub-0380,0.9063498795274708,0.1535989866911681
sub-0381,0.998838299122674,0.13512096455284606
sub-0382,0.802301706647158,0.13657402883722047
sub-0385,1.086400548579131,0.11686796954412902
sub-0387,1.106249173957695,0.12759818894032987
sub-0389,0.9544172772819847,0.12841469633819372
sub-0390,0.9820820634010482,0.14180033092980737
sub-0391,0.9573189963776612,0.15719162035339423
sub-0394,0.8810210071905964,0.1548638262438805
sub-0395,0.9643377741275347,0.13050511666568387
sub-0396,1.0811055317936886,0.17021333058149707
sub-0400,0.9829011496557092,0.14596676746497617
sub-0402,0.8994266499195785,0.1183041533468202
sub-0403,0.9833328056361403,0.18359068258761055
sub-0404,1.170200642544262,0.1418193748114769
sub-0406,1.043502995526542,0.13532475412030637
sub-0407,0.8809086067977103,0.15103787251181597
sub-0409,0.9776287960705318,0.17285895822938274
sub-0416,0.8427777769471971,0.15128785867010025
sub-0417,0.8769525112553245,0.12563447390101495
sub-0419,1.070832664325655,0.13550052076507502
sub-0421,0.8402120820858883,0.12736686472427686
sub-0423,1.0722830680657431,0.15145525715652877
sub-0424,0.9768608481222734,0.13238033153335282
sub-0425,1.129203684368428,0.11672515463604362
sub-0426,0.9482786002003493,0.11477909442621484
sub-0427,1.1647034061848742,0.12720736289633586
sub-0430,1.0048271723321507,0.10444308975156105
sub-0432,1.1310800176781581,0.10808355971772787
sub-0433,0.945303295915283,0.16368094024946275
sub-0438,1.0348544320488682,0.13788272940752863
sub-0439,1.097414314550969,0.1606487054574542
sub-0444,0.9821329417803489,0.1398950913501865
sub-0445,1.0265699757329427,0.16008308568835236
sub-0446,0.8799583364776163,0.12821277976446657
sub-0447,1.05119362685303,0.1278502554170979
sub-0448,0.9484309609149898,0.16244874373078966
sub-0449,1.0142443949849307,0.11859104785645247
sub-0450,1.0170531709176787,0.14366532680913385
sub-0451,0.8513013628222137,0.14591826545854233
sub-0452,1.0882388172102577,0.1800524744805178
sub-0453,0.9884616016534951,0.15215059349387927
sub-0454,1.0347910392670703,0.12723679562916793
sub-0455,0.9201997559014958,0.12456802707476712
sub-0456,1.1143518332702738,0.1318516798479357
sub-0457,1.0289378021243885,0.19788263443367685
sub-0458,1.0119053621345664,0.16213327318857915
sub-0460,0.9899373057701699,0.15899410840301223
sub-0461,1.0645041475230934,0.1322907573426578
sub-0463,1.0161684884699942,0.1598180970389444
sub-0464,1.10008352918528,0.15693018540142795
sub-0465,1.0122615858058444,0.12380491991373617
sub-0466,1.0297919569450833,0.12217326164838573
sub-0467,0.8970698655789509,0.1399732637492348
sub-0468,0.9909550839936947,0.11493863399921506
sub-0469,0.9532481448917547,0.1617228193594498
sub-0470,0.9573506400362622,0.1734078093817247
sub-0471,0.9900628637542427,0.1467583294286859
sub-0473,0.8036679867447901,0.14258985187531936
sub-0476,0.9012811607417227,0.14916605176670766
sub-0477,0.9411464884757705,0.1592035560606158
sub-0479,0.8281062755371911,0.1587957281442384
sub-0480,1.0036667904837886,0.15860904804505327
sub-0481,0.97354470171239,0.14388705065940124
sub-0482,0.9849100069070243,0.15803589621998462
sub-0483,1.0513784701059137,0.18423236948084726
sub-0484,1.003210993689444,0.16617696914643812
sub-0486,1.076415538611974,0.145892876312638
sub-0488,0.9887410847442618,0.15713718940496282
sub-0489,0.9528549820063019,0.12631853676837068
sub-0492,0.9799657086943186,0.17858091131617274
sub-0495,0.915633252194119,0.1225577628293317
sub-0496,0.9095180074479576,0.15924067280581414
sub-0497,0.8107160455233883,0.1221924680411817
sub-0500,1.0225955086544054,0.14469384572938263
sub-0501,0.9418630013519895,0.12892869610013555
sub-0505,1.1336677162731992,0.11211281346656975
sub-0507,0.8161804294069059,0.14018009725854813
sub-0509,1.0066647301534555,0.1352800056446147
sub-0510,0.9845284468629667,0.15686393356625425
sub-0511,1.0249220114188429,0.1654533752856492
sub-0513,0.8492471975678153,0.14270288983093138
sub-0514,0.9961032789108194,0.1362071455612355
sub-0515,1.067462029982666,0.13481550541886614
sub-0517,0.9760790176272656,0.1585958483691944
sub-0518,1.0475781994745446,0.16058374584145582
sub-0519,1.085259145593885,0.147076521943966
sub-0521,0.9038931437692652,0.11340214717500681
sub-0525,1.0508709074874096,0.15089912305080264
sub-0529,1.0899920240119403,0.20748379990212934
sub-0530,0.9670100733399757,0.12856743318577968
sub-0533,1.002778444348475,0.1132952209301351
sub-0534,0.8643138569634234,0.11997515194504384
sub-0535,0.9369806329592643,0.13431211004947466
sub-0539,0.9447766555152192,0.17352025872403284
sub-0541,1.017235722381847,0.12125706116806921
sub-0542,0.8812404096340654,0.10806082711918488
sub-0543,0.8733778967601691,0.14702791743734558
sub-0545,0.8690769930154498,0.12199455153006475
sub-0549,0.9051746787296785,0.17076367222829839
sub-0550,0.9581855396386011,0.14370914905599258
sub-0551,1.0015126161828736,0.15943842584851456
sub-0552,1.0407908065220481,0.14700912039693942
sub-0554,0.8084386812338755,0.18178202506034621
sub-0556,0.8354646770843636,0.10325172776905134
sub-0557,0.9279069616420044,0.15916886077286538
sub-0559,0.9627174461116981,0.11324980823430555
sub-0561,0.9114540331020003,0.17182030199312326
sub-0562,0.9687615223508688,0.14320307226885448
sub-0564,0.9943296374490296,0.16888859077484375
sub-0565,1.0044190152164778,0.10072172011169624
sub-0566,0.9541417700465205,0.15500233785155432
sub-0567,0.9826620791338231,0.1456865599613738
sub-0568,0.872698402958604,0.17146035215082173
sub-0569,1.0148699158004324,0.1730777341306919
sub-0570,0.9137223351579843,0.1172671912807849
sub-0574,0.9523513059375551,0.174206156537114
sub-0575,0.9799222897757692,0.1247208858556066
sub-0576,1.0227804863670662,0.1137712414552028
sub-0577,1.1310185365031187,0.1561256963993801
sub-0578,1.0137139189800326,0.11776253907976245
sub-0579,0.9459345421507219,0.15530564116199516
sub-0580,0.997927845583739,0.11293900502696884
sub-0583,1.020680323726093,0.12250146641004397
sub-0584,0.9055358712209399,0.22376673544517964
sub-0585,1.0115738340080365,0.1500934480879078
sub-0586,1.038485131234624,0.11535144540560834
sub-0589,1.109939888819765,0.12582650505342147
sub-0590,1.0553738444631904,0.14195947500889675
sub-0591,1.0597560688717886,0.1668658256630176
sub-0595,0.9887638928472083,0.1341407052402848
sub-0599,0.9636265870227291,0.17093850698744475
sub-0601,1.041586063965723,0.1497752066101385
sub-0602,1.1365653410497918,0.11050015371326159
sub-0604,1.0313334013624258,0.13459598363701955
sub-0606,0.8959912935766571,0.13724433013468254
sub-0607,0.9184735938936811,0.12609452896692058
sub-0608,1.10078414795044,0.15185735173024056
sub-0609,1.1868651722174173,0.16252518259960422
sub-0612,0.9934999575293858,0.1445481529206392
sub-0613,0.9696736712119983,0.12443302898021391
sub-0616,0.8694320640392584,0.11645128088145586
sub-0621,1.0315644735226845,0.16292610107335545
sub-0623,0.9663877036336388,0.1381003650201515
sub-0626,1.008967019690378,0.1527193774540731
sub-0627,0.9680434139381071,0.1644099216390623
sub-0628,1.1034675060960089,0.11492837248756499
sub-0629,1.2891415020448804,0.13683327218088154
sub-0630,0.9048917538346133,0.1692276449435068
sub-0631,1.0652768870852858,0.12233963019896019
sub-0633,0.9226841609612315,0.18710726758038926
sub-0634,1.2684512750754064,0.14560763947951116
sub-0635,0.9199469986239313,0.14766179575828128
sub-0636,1.020731797235445,0.11027138499766112
sub-0637,0.8987642448844225,0.1432746607814996
sub-0639,0.8401553878732015,0.13694323395619465
sub-0640,1.0207927922027595,0.13099045530245648
sub-0641,0.8850746491028082,0.1435079479805828
sub-0642,1.0999146335160004,0.14963349611131263
sub-0643,1.070274413805386,0.13864618851943994
sub-0645,0.9663630841342675,0.18276708771354466
sub-0646,1.0983546887113202,0.14808446621106638
sub-0647,1.057738851463584,0.1266519558575928
sub-0648,0.945094608068733,0.1544135035482449
sub-0649,1.0027553372975022,0.11786978771149334
sub-0650,0.9610110158693185,0.18200064039255662
sub-0652,0.8762726339227541,0.1514282050560761
sub-0653,1.0004503868630568,0.13736367734037755
sub-0655,1.1047864410591022,0.15078386752120929
sub-0656,0.9466527263383744,0.12879424917209223
sub-0657,0.9249056762106089,0.11312926362186436
sub-0662,1.0524629865083612,0.1931182843463536
sub-0664,1.0497660451001023,0.15815379837432655
sub-0665,0.8853482918238827,0.1404157878085803
sub-0666,0.973724237532701,0.1221813860469483
sub-0667,0.9259117503730379,0.12586296618958698
sub-0669,0.9220966260544118,0.168099314038299
sub-0670,1.055868833355718,0.15154663883481492
sub-0671,0.9803099856533833,0.1260060616022093
sub-0672,0.8593839139226923,0.14413827244401659
sub-0673,0.9644768642375591,0.14157284967427447
sub-0674,1.1191142615415346,0.12491069755829533
sub-0675,1.0590646643071606,0.15798713620862603
sub-0676,0.9887034975122303,0.13714456024129856
sub-0677,1.0455839263133928,0.12086893138800715
sub-0679,0.9572585258921515,0.1565460858915582
sub-0680,0.9168523752694886,0.1597778146447874
sub-0681,1.0073685571876718,0.16794105444967042
sub-0683,0.9811107758552488,0.1400826560841884
sub-0684,1.0121903695905758,0.1693340988618004
sub-0688,1.074945952168367,0.13375351690930695
sub-0689,1.053963562311785,0.17365212853635423
sub-0690,1.0548347025419262,0.11540350423673663
sub-0692,1.0602706946093674,0.11983401595315377
sub-0693,0.8706741453953896,0.15413325512806506
sub-0695,0.9018291961645339,0.16599926977190005
sub-0697,0.8953114624800237,0.17418588179541505
sub-0699,1.106831862206368,0.1404635721390668
sub-0700,0.9495366788938824,0.16852771993660356
sub-0701,1.0372120719667832,0.1302797253446354
sub-0702,0.9891311099403695,0.15656016334793588
sub-0704,0.840797090456306,0.11329593775793943
sub-0705,1.0158773529290421,0.1785456836067227
sub-0706,0.9641028329952487,0.11142254736442485
sub-0707,0.9737130989878044,0.13356846349068088
sub-0708,0.9550968717178923,0.1581374725745812
sub-0710,1.1383039862129132,0.12758099823693894
sub-0713,0.9951109255277242,0.1628892873886261
sub-0714,1.0084840813341445,0.14528064310844652
sub-0715,1.2553437888497658,0.14135347469507106
sub-0717,0.8151723746983114,0.10625700885980591
sub-0718,1.043219935055494,0.12394606506176344
sub-0719,1.0106849245519132,0.11845517533431293
sub-0720,0.9715377556429018,0.11271269515041699
sub-0722,1.0786272629266629,0.16249858070042708
sub-0724,0.9241257068310595,0.11779290880243715
sub-0725,1.0267073788285557,0.12384807318698918
sub-0726,0.9100110528516225,0.1520359020344279
sub-0727,0.9529025060807751,0.16165850898582818
sub-0728,1.0026285983322476,0.1675700772096651
sub-0729,1.181933840048002,0.13569796173154425
sub-0730,0.9567019121573547,0.16069795850845295
sub-0731,0.8978426409058952,0.11329981439568704
sub-0732,0.7944527259327738,0.12103110188155222
sub-0733,0.9727052545084138,0.17432986603799955
sub-0734,0.8998348686535671,0.13032954223729332
sub-0735,1.0369473131380367,0.13432917631595226
sub-0739,0.9193910663695439,0.12094093586404192
sub-0741,0.9934977396433379,0.1615014216490851
sub-0742,0.9503663193859649,0.10877050459823287
sub-0743,1.123884732079842,0.12517812571790723
sub-0745,1.1573890775055165,0.14617265655682438
sub-0747,0.9696047048806533,0.13025298398292565
sub-0748,1.0807022240198738,0.1558383380771288
sub-0749,0.8736169764544679,0.16499921590297467
sub-0750,0.8621021050774013,0.14146320361279985
sub-0751,0.9762832054433009,0.1327488197177563
sub-0752,0.9987716670444231,0.13910532125442082
sub-0753,1.1952040885064632,0.11692257641934657
sub-0754,1.0133585562834562,0.1371287654441844
sub-0755,1.0749894877578179,0.12972496523574112
sub-0756,1.0323988516704492,0.14042593640999962
sub-0759,0.9182024336813617,0.1442580224148706
sub-0760,1.0147547082943622,0.16912173300572758
sub-0761,0.9667701546549183,0.11503819187259526
sub-0762,0.8942191085071798,0.13792873226877117
sub-0764,0.9798845121355794,0.19680302748712966
sub-0765,0.9511320818205534,0.12453697093022872
sub-0766,0.809494095364713,0.16583838484370828
sub-0767,1.0767932803729001,0.14665315109131044
sub-0768,0.9418021673935368,0.1691109815617587
sub-0769,0.9803522289641484,0.14545984799782505
sub-0770,1.019462799687558,0.17162335013291927
sub-0772,1.0115611824956114,0.16246833452940543
sub-0778,1.0201515969483135,0.13221612943889602
sub-0779,0.9198110783913617,0.1375822574831578
sub-0780,0.932917552069604,0.13192044001210418
sub-0781,0.9220703771690727,0.13138711826611316
sub-0782,1.0087080824605095,0.1482572500239411
sub-0783,1.135789465493203,0.1210224429661181
sub-0784,0.9915422752943069,0.13134314304740335
sub-0785,0.9944607613338048,0.14284108496161874
sub-0787,1.0042139018666296,0.15099182727228466
sub-0789,1.0089870181347278,0.14653907754728793
sub-0792,0.823225165089027,0.13313535862242076
sub-0793,1.0158270301496324,0.1489957339375861
sub-0795,1.0076627463725645,0.13725662846562806
sub-0797,1.0576359660162595,0.1416005108737842
sub-0799,0.818723361157122,0.1174606541559686
sub-0802,0.93505528025956,0.1320341613412423
sub-0803,0.9759310202683186,0.09467826718717842
sub-0804,0.7985849393045443,0.11497277806822152
sub-0806,1.0574251881586723,0.13799499279830957
sub-0807,1.0296410861170588,0.11435136948696964
sub-0808,1.1657795876414818,0.1213246808835513
sub-0809,1.017444558509488,0.12973856269781733
sub-0810,1.071150075216486,0.14015654494488325
sub-0811,1.0597690153243269,0.14257681849338877
sub-0812,1.107963455370345,0.15592806558633918
sub-0818,1.1933961835381794,0.1077437508973525
sub-0819,1.0016642652520156,0.12560367466410477
sub-0821,1.0540505909129922,0.11419803072581267
sub-0822,0.9840277109055916,0.13877031525419786
sub-0823,0.8009640331980061,0.15933653194285793
sub-0824,0.9458865195171376,0.14964785364436653
sub-0826,1.0020974271789975,0.1256148443157428
sub-0829,0.9601942702305915,0.11776336796255413
sub-0830,1.1230545622665096,0.14582283828391493
sub-0831,0.8751928432533336,0.12136404489496057
sub-0832,0.9352838766224361,0.18447944822550663
sub-0833,0.9351582329604317,0.15126720239508334
sub-0834,0.9770064108232017,0.11597742931808669
sub-0839,0.9733031666536471,0.1642711298842123
sub-0840,0.8670588295577933,0.13180403525407422
sub-0842,1.1142891863436983,0.1581844598781717
sub-0844,1.017877497912854,0.15870109043987898
sub-0846,0.9360659348259349,0.16657738879356088
sub-0847,0.9877577268183138,0.1278795163930672
sub-0848,0.8088810688527655,0.13731552444788409
sub-0849,0.8606284820603728,0.14413663682292904
sub-0851,1.0456472744494474,0.11936223260246744
sub-0854,1.0706902776283327,0.15214132709610087
sub-0855,1.0352438984096897,0.13805962812229355
sub-0856,0.9822103424886055,0.11206463300897265
sub-0857,1.0502595948466271,0.17658225105621453
sub-0858,0.960980458094837,0.12367260130351644
sub-0859,0.8621147759867474,0.1244968635070343
sub-0860,1.0115684634255109,0.15674551769013614
sub-0861,1.2075819009945696,0.1677834412397426
sub-0862,1.0275636540801376,0.1402871936743657
sub-0863,0.8739101754713268,0.16555102530876176
sub-0865,1.0162792311990256,0.1407912429720126
sub-0867,0.8910710458028122,0.12580923857764806
sub-0868,1.0126647799839978,0.176754899219669
sub-0869,1.0598066514829454,0.14388747660823908
sub-0870,1.0283329462339332,0.16497757444243186
sub-0871,0.9706127662452497,0.15469245539508203
sub-0873,1.0787484386882482,0.12982593745496498
sub-0875,0.996023137525771,0.12545777417862083
sub-0876,0.9568071932068277,0.1709959369732524
sub-0877,1.0517660026993727,0.17238412316844678
sub-0878,1.1372324613813503,0.12712741299077887
sub-0879,0.8353595693222068,0.17499133985791343
sub-0881,1.038597129664043,0.1455598319078831
sub-0882,0.942324494824726,0.13126628311077268
sub-0884,0.9420230523881413,0.16309116379541477
sub-0885,1.029295127866692,0.12651325322003887
sub-0886,0.8547309483501657,0.10527656130694887
sub-0889,1.0198916462793168,0.11009460841587863
sub-0891,0.9845479607007424,0.11257962686546776
sub-0892,0.9458635432139497,0.15344463884573836
sub-0894,0.9572021033965147,0.16852736179772534
sub-0897,0.8769763089449789,0.12642247498589815
sub-0899,1.0914530389638342,0.15019778312056242
sub-0901,0.8338529524609388,0.12327232159703667
sub-0907,0.9514109478357876,0.1532371213827663
sub-0909,0.9362210434790453,0.13421398146001967
sub-0912,0.9882622618821091,0.14691040583678133
sub-0914,0.9008605251653358,0.15568677027322617
sub-0916,0.9883561459814062,0.14352679513269662
sub-0917,0.8356921476692999,0.12809253860517533
sub-0919,0.9508765616374624,0.13639769845687688
sub-0920,0.8407864690627375,0.16850483613032852
sub-0921,0.9566556556034487,0.14538700347839686
sub-0922,0.9761203867413416,0.13545568234572644
sub-0923,0.9877048503267497,0.15408791665455787
sub-0924,0.7865222975023191,0.15398765479002113
sub-0925,0.8343671132489117,0.14576797305205647
sub-0929,0.8190978922872688,0.14314028694254968
sub-0930,0.9197416176156695,0.12356796609860553
sub-0935,0.9988521317883214,0.1260566662979535
sub-0936,0.7744125467162016,0.13554759144978346
sub-0937,0.9366865318286421,0.15403891920115872
sub-0938,0.8227310806671918,0.16263194454031868
sub-0941,1.1400965992148002,0.12443690582908862
sub-0942,1.0187155382819866,0.12119706467598837
sub-0944,0.9248222359297418,0.14458026212229036
sub-0946,0.9100302374115002,0.1448481446517889
sub-0947,1.0412089375498879,0.12692891390220817
sub-0949,1.1774827907557657,0.15269755421133557
sub-0950,0.9771304975338541,0.1662390024629907
sub-0951,0.9954270453877668,0.1406336444802347
sub-0954,0.8652154174586808,0.11517830194987223
sub-0955,1.003600260847697,0.15674895935491476
sub-0957,0.907889668221778,0.18128293681169438
sub-0958,1.0341918251502966,0.14582378661191178
sub-0959,0.9954083981318635,0.16910719615491868
sub-0961,0.9892060712595064,0.21770671443640438
sub-0962,1.0187397209007998,0.14149433306807696
sub-0963,0.9986397531743747,0.13351479715009273
sub-0964,0.9896310772344603,0.1656580334718193
sub-0965,0.9663257104739559,0.1732813170676586
sub-0966,0.9414318760575145,0.15659092089612411
sub-0967,0.7998477265617071,0.17567849983199108
sub-0968,0.9328840514115367,0.16432511361499164
sub-0969,1.0830699185402897,0.1441277456637848
sub-0971,0.9247952826460374,0.154805655137761
sub-0972,0.9727835967088139,0.10526144233138647
sub-0973,0.9956770741052959,0.1564808904218463
sub-0974,1.0132124428614484,0.14327478161522475
sub-0976,0.9485324356463948,0.14852519584483917
sub-0977,0.8573646580139941,0.1508940281888346
sub-0979,0.930265602725174,0.1530676144607663
sub-0981,0.9800450416195474,0.14207834838492722
sub-0982,0.952909737308903,0.1328324847929614
sub-0983,0.9915993391656526,0.1430598741912257
sub-0984,1.1023534986980545,0.14581471598075973
sub-0986,0.9111357486880067,0.09140921492038634
sub-0987,0.9791580353925026,0.1538211956493602
sub-0988,1.0282703297178482,0.10670970135707644
sub-0989,1.0736785331583028,0.12600364254908136
sub-0993,0.9484934050906031,0.14596466965635674
sub-0994,1.0577859668037721,0.12913790943969325
sub-0995,1.0726193308835772,0.18203056922595304
sub-0998,0.9963641420242995,0.1309575304414007
sub-0999,1.0546685398687008,0.13912456558692468
sub-1001,1.0188304118507432,0.12771672109173707
sub-1002,1.0863926940136581,0.12052535758738542
sub-1005,1.1028831243920372,0.11003609390240772
sub-1006,1.0535962979236515,0.10605021084300766
sub-1007,0.983487173991337,0.16364946670968428
sub-1009,0.9083362975028447,0.16387316918270906
sub-1010,1.0109698550043302,0.14948370281867498
sub-1011,1.0098754647641897,0.15696055068907278
sub-1013,1.0652583409942917,0.17275989399938027
sub-1015,1.012887404309216,0.1103878545618821
sub-1016,1.011179924013919,0.14216227828047406
sub-1019,1.0999521930334675,0.1378430397032024
sub-1020,1.1138646739981863,0.14904203354372358
sub-1021,1.095523508347929,0.12159139196050456
sub-1022,1.0321745068159045,0.1449710693023614
sub-1023,0.9812705458412501,0.17647870998321893
sub-1024,0.989263944862628,0.1500677306660816
sub-1025,1.0776009662118444,0.17198980308779863
sub-1027,0.8594319113152281,0.13886696874469628
sub-1028,1.0399513815845731,0.09301071531631233
sub-1032,0.906848869334792,0.14823412549209006
sub-1035,0.9052151988106102,0.11124442284198746
sub-1036,0.8865513474594658,0.1431301285508546
sub-1038,1.02461711874503,0.15180450216852745
sub-1040,0.9785999016187846,0.18488137029892324
sub-1043,1.000743921412612,0.15682578973190375
sub-1044,0.8105962966043812,0.10976952726114422
sub-1045,0.9705663367271443,0.15324569354770784
sub-1049,1.0165652630614872,0.12951638989927855
sub-1050,0.7726883373002322,0.18419416037566766
sub-1052,0.8620126529812007,0.1182441546173369
sub-1053,0.9031655520951563,0.1222705223789419
sub-1054,1.0770986687268553,0.17658889796734692
sub-1055,0.8536603427840656,0.14265361018422754
sub-1056,1.1011793820886182,0.16376775863816684
sub-1057,0.8941959654770952,0.14084358579859205
sub-1059,1.283256112588052,0.12473806014600586
sub-1061,0.913690611800133,0.1372523763262775
sub-1063,1.2402421584859435,0.17671265016350518
sub-1064,1.0115207102761579,0.1174913526557534
sub-1067,1.0299694359012426,0.19064340121440307
sub-1068,1.0688999370492183,0.160288667480042
sub-1069,1.0243231525543801,0.1495828719325216
sub-1070,1.279957799888921,0.1765552194488819
sub-1072,0.8393844701003983,0.17327060056207844
sub-1073,0.7759216337996165,0.13828446349977125
sub-1074,1.057037702499769,0.1407666908561049
sub-1075,0.949935745460143,0.1344836395805764
sub-1076,1.029680151590602,0.13570352356540344
sub-1078,1.0181338822311743,0.1579006038362822
sub-1079,1.1214765755133784,0.14789376126980633
sub-1081,0.9787702630981224,0.12590645523259658
sub-1082,1.064836983973315,0.1548888281865931
sub-1083,0.9121802872403008,0.15507918064518217
sub-1084,0.9721723750208048,0.1626670123381452
sub-1085,0.8567849993066585,0.12791529210688557
sub-1086,1.0467262106350446,0.14648830595802562
sub-1087,1.0235768694892708,0.14339148499878066
sub-1089,1.0379701616539863,0.14469507771129353
sub-1092,1.0845602067708895,0.13337915684229237
sub-1093,1.0276038051985277,0.12823546386043297
sub-1094,0.9432194911670502,0.13455198664155554
sub-1095,1.0805700516389614,0.1599113995041627
sub-1096,0.8873589295800116,0.14507793319918957
sub-1097,1.0842144196603598,0.1446629031319895
sub-1098,0.8155926099770122,0.11427347324601377
sub-1099,0.9527281600584231,0.12940066435105035
sub-1100,0.8784215463245708,0.13548853411184225
sub-1101,1.0684704945403354,0.16439947376599115
sub-1102,1.0336827524946335,0.169804926201459
sub-1103,1.1890126160033723,0.17359215480994933
sub-1105,1.0019194896406998,0.13075062749794575
sub-1107,0.9429031441177378,0.11784327700783863
sub-1109,0.8389457472092005,0.15666197959456526
sub-1113,1.052829197744797,0.14123441915133209
sub-1114,0.9267368124164773,0.110778908153957
sub-1116,0.8719165582359562,0.12575255191501544
sub-1117,0.893267119503367,0.15535042547601197
sub-1119,0.8926364553317793,0.1377470962131974
sub-1120,0.8844459587902087,0.14825288069843548
sub-1122,1.0088754864099572,0.13042773646742617
sub-1123,0.9302426649009582,0.16266549101412592
sub-1124,1.1183098951945347,0.1265091445632631
sub-1125,0.9526794253399,0.12182118672658719
sub-1127,0.9984434878679608,0.12343550405992001
sub-1128,0.8968936461252847,0.16168036872483274
sub-1130,0.8951558504273199,0.1329004886480802
sub-1131,1.0584253497810086,0.16520445720809193
sub-1132,1.0408514197445624,0.1647078243412973
sub-1133,0.8987296394577198,0.14092656947307075
sub-1135,0.9532489529719043,0.15730295161252175
sub-1136,1.0760372786166281,0.1476498496368332
sub-1138,1.060209709576641,0.13155888733789387
sub-1139,0.9511123669275886,0.12401779484248421
sub-1140,0.9219289005924535,0.15579995459803284
sub-1141,0.9868871863393556,0.1111028290611225
sub-1142,1.0083707701527298,0.12350914423754704
sub-1143,0.9931446224459571,0.15574388851306006
sub-1144,1.0260698866922415,0.10636441832629631
sub-1145,1.007748826245052,0.17575320735261435
sub-1146,1.040684572926782,0.11620977218202488
sub-1149,0.8247346609374985,0.1407043872782898
sub-1150,0.9002411163123824,0.11624952752529696
sub-1151,0.9889748972486094,0.1462457927742788
sub-1152,1.0334451157085265,0.09980431713096041
sub-1153,0.9872519160797005,0.1534440163139616
sub-1155,1.089107449871159,0.14494538711822613
sub-1156,0.9193324044267656,0.12986150694061002
sub-1157,1.121792381486002,0.12847022998967927
sub-1158,1.017553471338006,0.15727936558821093
sub-1160,1.0941846507325605,0.12105174123043487
sub-1164,0.9063400329315415,0.18053575812442707
sub-1167,1.1246519740942127,0.13081241490121714
sub-1168,1.0033366606840235,0.14798274621570454
sub-1171,1.058225992335962,0.1350163185449906
sub-1172,0.9904105294540307,0.15468317520805866
sub-1174,0.9695456037443232,0.16561315350399866
sub-1175,1.065521524025533,0.16901933410506467
sub-1178,1.1432223413493048,0.12272755964038182
sub-1179,0.960240323536605,0.12628871807847902
sub-1180,0.9742393501481,0.13366502447428688
sub-1182,1.0151029425695095,0.14518801430440698
sub-1183,1.0758882606055538,0.12928123435826308
sub-1184,0.9917920916092035,0.15112453580607074
sub-1185,1.0179531242749544,0.10996226587158825
sub-1186,0.9364339912025285,0.18536477905485735
sub-1187,1.1152992920200797,0.13577859086737828
sub-1190,1.128650500885316,0.1572145848029531
sub-1195,0.9299029330191103,0.11974045159730226
sub-1197,1.0086467545285691,0.15248579670570603
sub-1198,0.9526261645610429,0.15195954957117142
sub-1199,0.938919267442442,0.15367968322590636
sub-1202,0.9186442566429796,0.12723216268417528
sub-1203,0.9366653725508464,0.13473619344020588
sub-1204,0.9674968987210522,0.1354476727477086
sub-1206,0.9937537787167537,0.1481049387148082
sub-1207,0.9987801863029926,0.15528583830811846
sub-1210,0.9697740470835083,0.16312009284229229
sub-1215,1.049640640511139,0.11348863520857419
sub-1216,0.8580558885667586,0.12702045311775237
sub-1217,1.0333398441341577,0.1492896733736529
sub-1219,0.916937321378822,0.15220460371587266
sub-1220,1.1855887287174207,0.13545796222286127
sub-1222,1.082536681109796,0.14434984312267746
sub-1223,1.057431358617011,0.12288485212771005
sub-1224,0.988121093993434,0.12742964444724392
sub-1225,0.9076564335028089,0.13339443056503936
sub-1226,1.1421283756572496,0.16648742583180257
sub-1230,0.918949841385962,0.12755658910358064
sub-1231,1.0421949609950258,0.126792057038988
sub-1232,0.9089747421039919,0.15576834557332278
sub-1233,0.8552813981204239,0.12467791816145378
sub-1234,0.8794654985068118,0.16067659353042446
sub-1235,1.0197569931669896,0.1158832990802242
sub-1236,0.9817425197707185,0.15863296157394718
sub-1237,0.9119374758560874,0.14048139437242696
sub-1238,0.9455905630217828,0.15087066019515605
sub-1239,0.9996318893729375,0.15848894512805978
sub-1243,0.9515171462477617,0.14987951469446073
sub-1245,0.941361002494946,0.12245976474798273
sub-1247,1.0150086538381118,0.13122772485116826
sub-1248,1.0032232298570838,0.18206115210452958
sub-1249,0.8679448058186002,0.15811832870306206
sub-1250,0.86335288712266,0.12762404219996218
sub-1251,1.0026386819054178,0.15548173554712302
sub-1252,0.905719017779998,0.11234995464955655
sub-1253,0.8599868043152918,0.15619762153502284
sub-1254,0.9364652065652577,0.15035312444721083
sub-1255,0.9678396021540616,0.15776744462269193
sub-1256,1.0239529887888628,0.15127449943700905
sub-1257,0.9843176679039539,0.12792002915514789
sub-1258,1.114673892577489,0.12795364054351527
sub-1259,0.908201893647346,0.15836444189222837
sub-1261,1.0919780672844874,0.15858779696784045
sub-1263,1.2123507173818127,0.115538119877282
sub-1264,1.0098789552978296,0.12275415968641483
sub-1265,1.0511951505430415,0.12979879435932884
sub-1267,0.992497239503214,0.17427827879518354
sub-1268,1.0027165518977446,0.11273381969244924
sub-1269,1.047608810227738,0.14457779168050167
sub-1271,1.0104040159225265,0.16895006081021086
sub-1272,1.0089748043788764,0.1307219059514584
sub-1274,0.8278886308285618,0.1449488683947422
sub-1275,0.9617987740539635,0.1915301310961711
sub-1276,0.9771212649784082,0.1645080049801899
sub-1277,1.004268048579608,0.11359371734253372
sub-1281,1.087379061924856,0.10808804310101845
sub-1283,1.092705989242997,0.12619260789961642
sub-1285,0.8912053973412548,0.1659444398877336
sub-1286,0.8869286906449932,0.1445288588746164
sub-1287,0.9944614404208808,0.1262857077225296
sub-1288,0.9221709058314237,0.17832125500697554
sub-1289,0.9006223347350724,0.10986615847613954
sub-1291,1.1154936720241246,0.15377120964382315
sub-1293,0.9595186847335487,0.10143154130188367
sub-1295,0.9738603925604022,0.15517121115349483
sub-1296,0.8886639051450128,0.14270357648234744
sub-1297,1.0364981643091424,0.1283478011935631
sub-1298,0.8973769344932673,0.17574975066690243
sub-1299,0.9628765578461091,0.10563685869471857
sub-1302,0.8959918806282521,0.15548521299806478
sub-1304,1.0591144008105078,0.15352644580198477
sub-1305,0.9520586375403995,0.15578496032065603
sub-1306,1.1439130044968606,0.13344896712098644
sub-1308,0.9166112525653,0.11975870622303768
sub-1309,1.222589459044498,0.18901231916747024
sub-1312,1.0225353998876316,0.1773288509250236
sub-1313,1.0873090477915275,0.13107412293145496
sub-1314,0.7802375251370292,0.14754658609392626
sub-1315,0.8713084530469283,0.16432197272246793
sub-1316,0.9636664726492313,0.1620371477117796
sub-1317,1.1085228958339475,0.13696905781146126
sub-1319,0.9606550466260009,0.18854120496332494
sub-1320,0.9985826539523887,0.1170433697825386
sub-1321,1.0690071152225162,0.139977337527266
sub-1324,1.0286438845893011,0.15387781923389
sub-1327,0.7691574753516417,0.15042797942564606
sub-1328,0.9677587532143633,0.12139680997595721
sub-1329,1.0034678640335641,0.18534333314263932
sub-1330,0.8550814913977425,0.14618073532610745
sub-1331,1.0145415983573052,0.12555063443526598
sub-1332,1.1330614593970474,0.11134996715943116
sub-1335,1.0174994890826932,0.1107507824217878
sub-1336,0.9630857816221242,0.12247396696689451
sub-1338,1.032330613320637,0.14389926785890747
sub-1339,1.1192821703982965,0.13933277580885325
sub-1341,0.8829636600653646,0.11192711776170217
sub-1342,1.0260147855482276,0.14772455005341306
sub-1343,0.9834004759514957,0.11118497581314075
sub-1344,0.8847085887730952,0.16404379065462474
sub-1345,0.9216503274585137,0.1436757731666622
sub-1346,0.9667838471691053,0.16617470289987835
sub-1348,0.9467542271096598,0.1105463919584058
sub-1350,0.9317325616377743,0.1399187621024793
sub-1355,1.085937441720477,0.1562908297172514
sub-1356,1.0162677248883336,0.15109938585198388
sub-1357,1.0625973289153872,0.14224186120549506
sub-1358,0.9101314299347127,0.12820947687324738
sub-1359,1.1312773347036091,0.15243508359002717
sub-1360,0.9348423537323958,0.13083710691818026
sub-1362,0.8551245813518689,0.13185883449735228
sub-1363,0.9742203640106614,0.1430855874576168
sub-1364,0.8819001998629895,0.12897390555446564
sub-1365,1.0224192391252278,0.20245521821864554
sub-1366,0.9914354788314886,0.11739387640052378
sub-1368,1.121916242104592,0.16846727585689467
sub-1369,0.9467360285855094,0.14276793720548184
sub-1373,0.8290816639794222,0.14551495256879987
sub-1374,0.9286436362712941,0.16394273907029897
sub-1376,1.090825054174206,0.17171234349042439
sub-1380,0.8736368761862252,0.14636052048836184
sub-1383,0.8921708662482344,0.1712466724816886
sub-1384,1.1247084509522427,0.14670642818249305
sub-1385,1.0281368339776449,0.11622865906697696
sub-1386,1.0523671972618411,0.1198463945164278
sub-1389,1.0156437299943837,0.12068648073392221
sub-1390,0.9740538505192416,0.18545727901648218
sub-1391,1.0591713139464192,0.1826336400763006
sub-1392,0.9878268203564966,0.11872237415047429
sub-1395,1.032904212062893,0.13835969821818717
sub-1396,1.0095159656974235,0.1384295957041715
sub-1397,0.8937273640407236,0.15554073887606498
sub-1398,1.1019236297907102,0.139622275890801
sub-1401,1.0196004872358195,0.11434927497245809
sub-1403,0.8731984194314756,0.14095155379171803
sub-1404,1.1265332571354258,0.13183887996669552
sub-1405,1.0927598464038506,0.12758535688983216
sub-1408,1.1117848969362187,0.18009363445020313
sub-1411,1.0750438194216287,0.1413346228517287
sub-1412,1.0089709012132249,0.12586487456919074
sub-1413,0.9967415411147278,0.1513506482776759
sub-1414,1.222851010120162,0.14155400769485607
sub-1418,1.0852787916466342,0.1442434489588881
sub-1423,0.9947003522295866,0.13223969532408789
sub-1426,1.026042062495297,0.12180073613234646
sub-1429,0.9269810039660783,0.14962532742630263
sub-1430,1.0346551275220712,0.13799232099566
sub-1431,1.0558804422493873,0.12527105106290817
sub-1432,0.9154001902028832,0.1451129643228787
sub-1434,0.9375816105498942,0.14777797695811387
sub-1435,0.9468902697420513,0.16120067778835695
sub-1437,1.0279145453264242,0.13464749784107316
sub-1438,0.9332520932312739,0.14343139436051686
sub-1439,0.9355350512717084,0.13469654941318834
sub-1441,1.1156688267947947,0.17191457813576735
sub-1442,1.1182630060072956,0.15734413875385322
sub-1443,1.1224735594103405,0.141818446373088
sub-1445,0.9985847687899254,0.12747206398228797
sub-1446,0.9253261739733093,0.13325471914601314
sub-1447,0.9646506289921577,0.1338331723613563
sub-1449,1.0078824251324208,0.16796056934023454
sub-1452,0.9581569706148625,0.12535374960316772
sub-1453,1.0383703079813564,0.11130391343685833
sub-1455,1.0504618266087442,0.1285883255550544
sub-1456,0.9188312141440472,0.14802534446606694
sub-1457,0.9117963093082798,0.15498372408049169
sub-1458,1.0697281848081237,0.1331025421212383
sub-1461,1.0228624953832377,0.13114575128250772
sub-1462,0.9364185975403575,0.128882367866348
sub-1463,0.9443651000341222,0.1445071568816988
sub-1464,1.0961508687144208,0.11070823511782758
sub-1465,1.0082212949251272,0.1647507103412361
sub-1466,0.864637431004284,0.11272139342887119
sub-1467,0.96833139510987,0.153802301036753
sub-1468,1.0445963956311988,0.13611549278746282
sub-1469,0.9085118305681977,0.1482242562038404
sub-1470,0.9169441115727482,0.13112301522363307
sub-1473,0.9268602306607959,0.15771992384992858
sub-1474,1.2038559676752913,0.1321503953059304
sub-1475,0.880683748246271,0.12621347819075895
sub-1476,1.0028747043875377,0.1566777741141963
sub-1477,1.1262492497887941,0.10926823219158725
sub-1480,1.0556985693519834,0.14667476455747328
sub-1481,1.0303996386811063,0.12356811822195977
sub-1483,1.0046160899866057,0.1252147334786445
sub-1484,0.9883452886065948,0.11499665908173301
sub-1485,0.96866190064327,0.12280613369008535
sub-1486,0.959935936115392,0.10844823599058007
sub-1487,0.9444703041573198,0.1414119898415172
sub-1488,0.9131986077179004,0.13752104447325839
sub-1490,0.9365321397138059,0.16371717339138991
sub-1493,0.9834479559895495,0.17334054161238574
sub-1494,1.1192525419517763,0.1528515132729655
sub-1497,1.0721809736572563,0.15522188299882092
sub-1499,0.9853584587320513,0.15652724125082573
sub-1501,1.0118509129749778,0.12823662338495323
sub-1502,1.0556931019010458,0.13863258442892373
sub-1504,0.9046798598729986,0.20057031631895483
sub-1508,0.976661058482966,0.14273701808434525
sub-1510,1.0972239216368054,0.17340025485349458
sub-1512,1.1140203753155526,0.14130827283980218
sub-1514,0.9194927957207061,0.13534209342573406
sub-1517,1.0445701015076343,0.11426316671930728
sub-1518,1.0454870059973271,0.13701912672482502
sub-1523,1.1257946297542654,0.14967500238110712
sub-1525,1.0321394652103733,0.14508046755958592
sub-1526,1.0160764609899784,0.10586860343909558
sub-1529,0.9186854926427541,0.13149222571763147
sub-1530,0.8984761504113757,0.1304268167902765
sub-1532,0.8307577632394693,0.15835643113232306
sub-1534,1.0082159631241403,0.13607198821935373
sub-1536,1.0125716336630295,0.1551181689023015
sub-1537,0.9799547353964374,0.1816495946077201
sub-1538,0.9382801021818133,0.13420348749586136
sub-1541,1.1218711391768788,0.12990456328753044
sub-1542,0.9306531553451061,0.1621399688644834
sub-1545,0.9515450605598869,0.1388481260045675
sub-1547,0.8761565097333589,0.12411894415197462
sub-1548,0.9415336444951976,0.13004952394391173
sub-1551,0.8963933962481352,0.13584559846896926
sub-1552,1.2386834847627424,0.1375460646431353
sub-1554,0.8679834141225216,0.1549817541382107
sub-1556,0.9953928263071331,0.13347130058886564
sub-1557,0.9147679171010579,0.13328306563890935
sub-1559,1.0440906405509076,0.11513728217343044
sub-1562,0.8646553891292328,0.1502390153071587
sub-1564,0.9385261865121117,0.12019737801401063
sub-1565,0.9139316137115843,0.13927031515338628
sub-1566,1.0513702094996134,0.15868616604041563
sub-1567,0.9374295787601515,0.10176300860062998
sub-1569,0.9307117915296688,0.14705116352896858
sub-1570,0.9939677170238634,0.12946732729112104
