subject,run,rt_mean,rt_sd,rt_cv
sub-001,RW,0.30376491084365,0.0654061054396756,0.215318172392007
sub-002,RW,0.464901489195229,0.486089127624938,1.04557446883293
sub-003,RW,0.388214151393488,0.0567264388692889,0.146121512226358
sub-004,RW,0.386172628778088,0.245166377627639,0.634862129932369
sub-005,RW,0.458120284619424,0.0613855854271029,0.133994471513301
sub-006,RW,0.384695206154234,0.123956976752192,0.322221267042498
sub-007,RW,0.334639038333261,0.111131539919219,0.332093770268802
sub-008,RW,0.340926826984195,0.0843333094306808,0.247364838304703
sub-009,RW,0.425691659271312,0.147457412098058,0.346394882038496
sub-010,RW,0.390707711666588,0.0848423609246959,0.217150464122644
sub-011,RW,0.328057616294154,0.0598052619056969,0.182301092659505
sub-012,RW,0.289982995280858,0.0449505477829796,0.155010978279756
sub-013,RW,0.346600358334156,0.073181137824115,0.211139821596957
sub-014,RW,0.67268636056336,1.0045742778471,1.49337690897404
sub-015,RW,0.520654206067047,0.424558862515345,0.815433463454385
sub-016,RW,0.338721435000009,0.0445466255583666,0.131514043563158
sub-017,RW,0.450968807148819,0.149563283269453,0.331648843331414
sub-018,RW,0.343228773333347,0.107359552062211,0.312792983582242
sub-019,RW,0.355754193396243,0.298550345507327,0.839204009535871
sub-020,RW,0.339730098333302,0.0449553204341471,0.132326575286369
sub-021,RW,0.458775072605771,0.785331791194409,1.71180135558335
sub-022,RW,0.598387604586643,0.639747135363071,1.06911829466287
sub-023,RW,0.363182281964812,0.108937642102772,0.299953074564707
sub-024,RW,0.54527313833333,1.04399521337715,1.91462799097018
sub-025,RW,0.304492113667212,0.0679428934286857,0.223135149907174
sub-026,RW,0.826878406285701,0.127385627316748,0.154056057515104
sub-027,RW,1.71326723024073,1.60660007853172,0.937740505493691
sub-028,RW,0.328766420631097,0.277058810453492,0.842722349568585
sub-029,RW,0.517849277589781,0.255104042544701,0.492622184841173
sub-030,RW,0.337992875000539,0.0828753698485349,0.245198570675203
sub-001,SD,0.894894504432771,1.15514850950742,1.29082087752859
sub-002,SD,1.59128260275523,1.68499959165605,1.05889399452904
sub-003,SD,0.833274464065051,0.914354928044022,1.09730343059288
sub-004,SD,0.709673286316682,0.666554027609452,0.939240690697228
sub-005,SD,0.57019384706776,0.256469462227503,0.449793458043093
sub-006,SD,0.411662832402119,0.113720871751277,0.276247605565208
sub-007,SD,0.400746833333331,0.135785552974124,0.338831256243968
sub-008,SD,0.383617591586517,0.251647477668492,0.655985239435347
sub-009,SD,1.36679554693884,1.67759018745428,1.2273892691643
sub-010,SD,0.407321076666736,0.110810260175701,0.272046467819695
sub-011,SD,0.526790239353188,0.374729067703406,0.711343984208044
sub-012,SD,0.510278061666743,0.671032501556392,1.31503302212243
sub-013,SD,0.371260636667284,0.111397823022464,0.300052879353048
sub-014,SD,1.67232289018014,1.84746283932241,1.10472854863776
sub-015,SD,0.473292539172689,0.172219620539692,0.36387562931106
sub-016,SD,0.549339702398113,0.627825607091996,1.14287317000984
sub-017,SD,0.569523083050811,0.217980952206676,0.38274296282953
sub-018,SD,0.462197785879713,0.330423750166105,0.714896869393697
sub-019,SD,0.651593908474604,0.637001190924954,0.977604582609111
sub-020,SD,0.469323981758983,0.290842322408779,0.619704796074406
sub-021,SD,1.2908488903846,1.50370405959027,1.16489549690223
sub-022,SD,0.610676600000018,0.596436330742473,0.976681161096488
sub-023,SD,0.576200842372846,0.612114871947707,1.06232901261818
sub-024,SD,1.59115545587656,1.49980944351203,0.942591396694039
sub-025,SD,1.39042590638317,1.78956674888633,1.28706372678385
sub-026,SD,0.892290131928316,0.854888791295377,0.958083879564922
sub-027,SD,1.64560560148675,1.92886698767772,1.17213200169898
sub-028,SD,0.721950626664328,0.586883148856198,0.812913137242931
sub-029,SD,0.943131200001373,0.767976314857118,0.814283648824257
sub-030,SD,0.442836651925851,0.526518429529482,1.18896759615472
